date,series_id,value
2019-01-01,DGS10,4.250
2019-01-01,DGS2,1.496
2019-01-01,CPIAUCSL,249.879
2019-01-01,VIXCLS,17.670
2019-01-02,DGS10,4.269
2019-01-02,DGS2,1.498
2019-01-02,CPIAUCSL,250.049
2019-01-02,VIXCLS,18.180
2019-01-03,DGS10,4.274
2019-01-03,DGS2,1.483
2019-01-03,CPIAUCSL,250.435
2019-01-03,VIXCLS,18.170
2019-01-04,DGS10,4.277
2019-01-04,DGS2,1.482
2019-01-04,CPIAUCSL,250.555
2019-01-04,VIXCLS,19.170
2019-01-07,DGS10,4.257
2019-01-07,DGS2,1.470
2019-01-07,CPIAUCSL,250.502
2019-01-07,VIXCLS,19.470
2019-01-08,DGS10,4.236
2019-01-08,DGS2,1.448
2019-01-08,CPIAUCSL,250.544
2019-01-08,VIXCLS,19.770
2019-01-09,DGS10,4.222
2019-01-09,DGS2,1.431
2019-01-09,CPIAUCSL,250.808
2019-01-09,VIXCLS,18.720
2019-01-10,DGS10,4.237
2019-01-10,DGS2,1.427
2019-01-10,CPIAUCSL,250.601
2019-01-10,VIXCLS,17.840
2019-01-11,DGS10,4.252
2019-01-11,DGS2,1.430
2019-01-11,CPIAUCSL,250.860
2019-01-11,VIXCLS,17.830
2019-01-14,DGS10,4.224
2019-01-14,DGS2,1.431
2019-01-14,CPIAUCSL,250.699
2019-01-14,VIXCLS,18.210
2019-01-15,DGS10,4.266
2019-01-15,DGS2,1.446
2019-01-15,CPIAUCSL,250.769
2019-01-15,VIXCLS,18.980
2019-01-16,DGS10,4.256
2019-01-16,DGS2,1.449
2019-01-16,CPIAUCSL,250.688
2019-01-16,VIXCLS,19.400
2019-01-17,DGS10,4.269
2019-01-17,DGS2,1.450
2019-01-17,CPIAUCSL,250.770
2019-01-17,VIXCLS,19.760
2019-01-18,DGS10,4.251
2019-01-18,DGS2,1.443
2019-01-18,CPIAUCSL,250.557
2019-01-18,VIXCLS,19.390
2019-01-21,DGS10,4.289
2019-01-21,DGS2,1.449
2019-01-21,CPIAUCSL,250.494
2019-01-21,VIXCLS,18.640
2019-01-22,DGS10,4.278
2019-01-22,DGS2,1.448
2019-01-22,CPIAUCSL,250.533
2019-01-22,VIXCLS,18.220
2019-01-23,DGS10,4.249
2019-01-23,DGS2,1.426
2019-01-23,CPIAUCSL,250.293
2019-01-23,VIXCLS,18.400
2019-01-24,DGS10,4.221
2019-01-24,DGS2,1.425
2019-01-24,CPIAUCSL,250.077
2019-01-24,VIXCLS,18.530
2019-01-25,DGS10,4.229
2019-01-25,DGS2,1.424
2019-01-25,CPIAUCSL,250.470
2019-01-25,VIXCLS,18.850
2019-01-28,DGS10,4.246
2019-01-28,DGS2,1.422
2019-01-28,CPIAUCSL,250.653
2019-01-28,VIXCLS,19.290
2019-01-29,DGS10,4.273
2019-01-29,DGS2,1.454
2019-01-29,CPIAUCSL,250.702
2019-01-29,VIXCLS,21.270
2019-01-30,DGS10,4.273
2019-01-30,DGS2,1.461
2019-01-30,CPIAUCSL,250.785
2019-01-30,VIXCLS,20.650
2019-01-31,DGS10,4.267
2019-01-31,DGS2,1.470
2019-01-31,CPIAUCSL,250.734
2019-01-31,VIXCLS,20.630
2019-02-01,DGS10,4.345
2019-02-01,DGS2,1.478
2019-02-01,CPIAUCSL,250.935
2019-02-01,VIXCLS,20.810
2019-02-04,DGS10,4.277
2019-02-04,DGS2,1.472
2019-02-04,CPIAUCSL,251.057
2019-02-04,VIXCLS,20.800
2019-02-05,DGS10,4.331
2019-02-05,DGS2,1.475
2019-02-05,CPIAUCSL,250.911
2019-02-05,VIXCLS,21.390
2019-02-06,DGS10,4.271
2019-02-06,DGS2,1.478
2019-02-06,CPIAUCSL,250.911
2019-02-06,VIXCLS,21.220
2019-02-07,DGS10,4.229
2019-02-07,DGS2,1.481
2019-02-07,CPIAUCSL,250.960
2019-02-07,VIXCLS,21.850
2019-02-08,DGS10,4.251
2019-02-08,DGS2,1.473
2019-02-08,CPIAUCSL,251.055
2019-02-08,VIXCLS,21.870
2019-02-11,DGS10,4.223
2019-02-11,DGS2,1.476
2019-02-11,CPIAUCSL,250.754
2019-02-11,VIXCLS,22.420
2019-02-12,DGS10,4.241
2019-02-12,DGS2,1.472
2019-02-12,CPIAUCSL,250.976
2019-02-12,VIXCLS,23.110
2019-02-13,DGS10,4.232
2019-02-13,DGS2,1.458
2019-02-13,CPIAUCSL,250.983
2019-02-13,VIXCLS,22.690
2019-02-14,DGS10,4.231
2019-02-14,DGS2,1.446
2019-02-14,CPIAUCSL,251.173
2019-02-14,VIXCLS,23.270
2019-02-15,DGS10,4.234
2019-02-15,DGS2,1.441
2019-02-15,CPIAUCSL,251.104
2019-02-15,VIXCLS,23.360
2019-02-18,DGS10,4.248
2019-02-18,DGS2,1.439
2019-02-18,CPIAUCSL,250.830
2019-02-18,VIXCLS,23.890
2019-02-19,DGS10,4.281
2019-02-19,DGS2,1.424
2019-02-19,CPIAUCSL,250.478
2019-02-19,VIXCLS,24.870
2019-02-20,DGS10,4.216
2019-02-20,DGS2,1.406
2019-02-20,CPIAUCSL,250.000
2019-02-20,VIXCLS,25.150
2019-02-21,DGS10,4.215
2019-02-21,DGS2,1.394
2019-02-21,CPIAUCSL,249.825
2019-02-21,VIXCLS,24.860
2019-02-22,DGS10,4.192
2019-02-22,DGS2,1.387
2019-02-22,CPIAUCSL,249.971
2019-02-22,VIXCLS,24.980
2019-02-25,DGS10,4.179
2019-02-25,DGS2,1.404
2019-02-25,CPIAUCSL,250.423
2019-02-25,VIXCLS,25.330
2019-02-26,DGS10,4.199
2019-02-26,DGS2,1.409
2019-02-26,CPIAUCSL,250.428
2019-02-26,VIXCLS,25.300
2019-02-27,DGS10,4.199
2019-02-27,DGS2,1.383
2019-02-27,CPIAUCSL,250.151
2019-02-27,VIXCLS,25.670
2019-02-28,DGS10,4.211
2019-02-28,DGS2,1.377
2019-02-28,CPIAUCSL,250.242
2019-02-28,VIXCLS,25.580
2019-03-01,DGS10,4.157
2019-03-01,DGS2,1.378
2019-03-01,CPIAUCSL,250.255
2019-03-01,VIXCLS,25.540
2019-03-04,DGS10,4.227
2019-03-04,DGS2,1.389
2019-03-04,CPIAUCSL,250.421
2019-03-04,VIXCLS,25.560
2019-03-05,DGS10,4.207
2019-03-05,DGS2,1.387
2019-03-05,CPIAUCSL,250.161
2019-03-05,VIXCLS,24.860
2019-03-06,DGS10,4.217
2019-03-06,DGS2,1.407
2019-03-06,CPIAUCSL,250.249
2019-03-06,VIXCLS,24.870
2019-03-07,DGS10,4.163
2019-03-07,DGS2,1.398
2019-03-07,CPIAUCSL,250.122
2019-03-07,VIXCLS,24.870
2019-03-08,DGS10,4.211
2019-03-08,DGS2,1.422
2019-03-08,CPIAUCSL,250.392
2019-03-08,VIXCLS,27.020
2019-03-11,DGS10,4.226
2019-03-11,DGS2,1.417
2019-03-11,CPIAUCSL,250.278
2019-03-11,VIXCLS,27.500
2019-03-12,DGS10,4.214
2019-03-12,DGS2,1.416
2019-03-12,CPIAUCSL,250.388
2019-03-12,VIXCLS,27.390
2019-03-13,DGS10,4.242
2019-03-13,DGS2,1.420
2019-03-13,CPIAUCSL,250.537
2019-03-13,VIXCLS,27.910
2019-03-14,DGS10,4.200
2019-03-14,DGS2,1.414
2019-03-14,CPIAUCSL,250.922
2019-03-14,VIXCLS,28.820
2019-03-15,DGS10,4.208
2019-03-15,DGS2,1.401
2019-03-15,CPIAUCSL,250.895
2019-03-15,VIXCLS,29.390
2019-03-18,DGS10,4.208
2019-03-18,DGS2,1.406
2019-03-18,CPIAUCSL,250.828
2019-03-18,VIXCLS,29.610
2019-03-19,DGS10,4.227
2019-03-19,DGS2,1.409
2019-03-19,CPIAUCSL,250.610
2019-03-19,VIXCLS,28.980
2019-03-20,DGS10,4.253
2019-03-20,DGS2,1.427
2019-03-20,CPIAUCSL,250.231
2019-03-20,VIXCLS,28.630
2019-03-21,DGS10,4.201
2019-03-21,DGS2,1.437
2019-03-21,CPIAUCSL,250.333
2019-03-21,VIXCLS,27.920
2019-03-22,DGS10,4.300
2019-03-22,DGS2,1.430
2019-03-22,CPIAUCSL,250.543
2019-03-22,VIXCLS,28.140
2019-03-25,DGS10,4.238
2019-03-25,DGS2,1.436
2019-03-25,CPIAUCSL,250.840
2019-03-25,VIXCLS,27.570
2019-03-26,DGS10,4.299
2019-03-26,DGS2,1.427
2019-03-26,CPIAUCSL,250.998
2019-03-26,VIXCLS,27.640
2019-03-27,DGS10,4.293
2019-03-27,DGS2,1.408
2019-03-27,CPIAUCSL,251.723
2019-03-27,VIXCLS,26.450
2019-03-28,DGS10,4.280
2019-03-28,DGS2,1.405
2019-03-28,CPIAUCSL,252.165
2019-03-28,VIXCLS,26.370
2019-03-29,DGS10,4.208
2019-03-29,DGS2,1.397
2019-03-29,CPIAUCSL,252.397
2019-03-29,VIXCLS,26.120
2019-04-01,DGS10,4.257
2019-04-01,DGS2,1.389
2019-04-01,CPIAUCSL,252.587
2019-04-01,VIXCLS,26.260
2019-04-02,DGS10,4.210
2019-04-02,DGS2,1.399
2019-04-02,CPIAUCSL,252.837
2019-04-02,VIXCLS,26.360
2019-04-03,DGS10,4.100
2019-04-03,DGS2,1.398
2019-04-03,CPIAUCSL,252.600
2019-04-03,VIXCLS,24.980
2019-04-04,DGS10,4.124
2019-04-04,DGS2,1.386
2019-04-04,CPIAUCSL,252.723
2019-04-04,VIXCLS,25.320
2019-04-05,DGS10,4.156
2019-04-05,DGS2,1.380
2019-04-05,CPIAUCSL,252.683
2019-04-05,VIXCLS,23.840
2019-04-08,DGS10,4.113
2019-04-08,DGS2,1.382
2019-04-08,CPIAUCSL,252.693
2019-04-08,VIXCLS,23.920
2019-04-09,DGS10,4.139
2019-04-09,DGS2,1.358
2019-04-09,CPIAUCSL,252.730
2019-04-09,VIXCLS,24.280
2019-04-10,DGS10,4.112
2019-04-10,DGS2,1.362
2019-04-10,CPIAUCSL,252.856
2019-04-10,VIXCLS,24.570
2019-04-11,DGS10,4.093
2019-04-11,DGS2,1.363
2019-04-11,CPIAUCSL,252.703
2019-04-11,VIXCLS,24.350
2019-04-12,DGS10,4.100
2019-04-12,DGS2,1.367
2019-04-12,CPIAUCSL,252.521
2019-04-12,VIXCLS,24.670
2019-04-15,DGS10,4.113
2019-04-15,DGS2,1.381
2019-04-15,CPIAUCSL,252.355
2019-04-15,VIXCLS,23.370
2019-04-16,DGS10,4.136
2019-04-16,DGS2,1.394
2019-04-16,CPIAUCSL,252.655
2019-04-16,VIXCLS,22.560
2019-04-17,DGS10,4.132
2019-04-17,DGS2,1.387
2019-04-17,CPIAUCSL,252.608
2019-04-17,VIXCLS,21.680
2019-04-18,DGS10,4.167
2019-04-18,DGS2,1.399
2019-04-18,CPIAUCSL,252.421
2019-04-18,VIXCLS,22.250
2019-04-19,DGS10,4.119
2019-04-19,DGS2,1.400
2019-04-19,CPIAUCSL,252.737
2019-04-19,VIXCLS,22.460
2019-04-22,DGS10,4.112
2019-04-22,DGS2,1.386
2019-04-22,CPIAUCSL,252.853
2019-04-22,VIXCLS,22.630
2019-04-23,DGS10,4.142
2019-04-23,DGS2,1.384
2019-04-23,CPIAUCSL,252.931
2019-04-23,VIXCLS,22.750
2019-04-24,DGS10,4.074
2019-04-24,DGS2,1.382
2019-04-24,CPIAUCSL,253.011
2019-04-24,VIXCLS,22.660
2019-04-25,DGS10,4.057
2019-04-25,DGS2,1.386
2019-04-25,CPIAUCSL,252.625
2019-04-25,VIXCLS,23.250
2019-04-26,DGS10,4.014
2019-04-26,DGS2,1.376
2019-04-26,CPIAUCSL,252.470
2019-04-26,VIXCLS,23.140
2019-04-29,DGS10,3.985
2019-04-29,DGS2,1.366
2019-04-29,CPIAUCSL,252.209
2019-04-29,VIXCLS,22.280
2019-04-30,DGS10,4.003
2019-04-30,DGS2,1.369
2019-04-30,CPIAUCSL,252.003
2019-04-30,VIXCLS,23.350
2019-05-01,DGS10,3.957
2019-05-01,DGS2,1.360
2019-05-01,CPIAUCSL,252.099
2019-05-01,VIXCLS,22.520
2019-05-02,DGS10,3.973
2019-05-02,DGS2,1.354
2019-05-02,CPIAUCSL,252.797
2019-05-02,VIXCLS,23.020
2019-05-03,DGS10,3.949
2019-05-03,DGS2,1.346
2019-05-03,CPIAUCSL,253.167
2019-05-03,VIXCLS,22.200
2019-05-06,DGS10,3.983
2019-05-06,DGS2,1.349
2019-05-06,CPIAUCSL,253.590
2019-05-06,VIXCLS,21.910
2019-05-07,DGS10,4.006
2019-05-07,DGS2,1.350
2019-05-07,CPIAUCSL,253.335
2019-05-07,VIXCLS,22.680
2019-05-08,DGS10,4.021
2019-05-08,DGS2,1.344
2019-05-08,CPIAUCSL,253.650
2019-05-08,VIXCLS,22.000
2019-05-09,DGS10,3.950
2019-05-09,DGS2,1.313
2019-05-09,CPIAUCSL,253.700
2019-05-09,VIXCLS,22.310
2019-05-10,DGS10,4.038
2019-05-10,DGS2,1.319
2019-05-10,CPIAUCSL,253.484
2019-05-10,VIXCLS,22.200
2019-05-13,DGS10,4.032
2019-05-13,DGS2,1.308
2019-05-13,CPIAUCSL,253.364
2019-05-13,VIXCLS,21.980
2019-05-14,DGS10,4.103
2019-05-14,DGS2,1.309
2019-05-14,CPIAUCSL,253.595
2019-05-14,VIXCLS,21.700
2019-05-15,DGS10,4.075
2019-05-15,DGS2,1.302
2019-05-15,CPIAUCSL,254.446
2019-05-15,VIXCLS,22.700
2019-05-16,DGS10,4.062
2019-05-16,DGS2,1.282
2019-05-16,CPIAUCSL,254.487
2019-05-16,VIXCLS,22.370
2019-05-17,DGS10,4.067
2019-05-17,DGS2,1.287
2019-05-17,CPIAUCSL,254.503
2019-05-17,VIXCLS,22.350
2019-05-20,DGS10,4.044
2019-05-20,DGS2,1.280
2019-05-20,CPIAUCSL,254.822
2019-05-20,VIXCLS,22.580
2019-05-21,DGS10,4.065
2019-05-21,DGS2,1.278
2019-05-21,CPIAUCSL,254.698
2019-05-21,VIXCLS,22.560
2019-05-22,DGS10,4.056
2019-05-22,DGS2,1.278
2019-05-22,CPIAUCSL,254.994
2019-05-22,VIXCLS,22.090
2019-05-23,DGS10,4.069
2019-05-23,DGS2,1.301
2019-05-23,CPIAUCSL,255.332
2019-05-23,VIXCLS,23.270
2019-05-24,DGS10,4.000
2019-05-24,DGS2,1.295
2019-05-24,CPIAUCSL,255.769
2019-05-24,VIXCLS,22.300
2019-05-27,DGS10,3.955
2019-05-27,DGS2,1.291
2019-05-27,CPIAUCSL,255.851
2019-05-27,VIXCLS,22.510
2019-05-28,DGS10,3.953
2019-05-28,DGS2,1.283
2019-05-28,CPIAUCSL,255.804
2019-05-28,VIXCLS,23.080
2019-05-29,DGS10,3.931
2019-05-29,DGS2,1.278
2019-05-29,CPIAUCSL,255.482
2019-05-29,VIXCLS,21.650
2019-05-30,DGS10,3.879
2019-05-30,DGS2,1.280
2019-05-30,CPIAUCSL,256.024
2019-05-30,VIXCLS,21.240
2019-05-31,DGS10,3.917
2019-05-31,DGS2,1.276
2019-05-31,CPIAUCSL,255.460
2019-05-31,VIXCLS,21.030
2019-06-03,DGS10,4.025
2019-06-03,DGS2,1.277
2019-06-03,CPIAUCSL,255.591
2019-06-03,VIXCLS,20.850
2019-06-04,DGS10,3.916
2019-06-04,DGS2,1.276
2019-06-04,CPIAUCSL,255.722
2019-06-04,VIXCLS,21.300
2019-06-05,DGS10,3.949
2019-06-05,DGS2,1.273
2019-06-05,CPIAUCSL,255.735
2019-06-05,VIXCLS,20.070
2019-06-06,DGS10,3.830
2019-06-06,DGS2,1.270
2019-06-06,CPIAUCSL,256.101
2019-06-06,VIXCLS,19.100
2019-06-07,DGS10,3.844
2019-06-07,DGS2,1.295
2019-06-07,CPIAUCSL,256.750
2019-06-07,VIXCLS,19.860
2019-06-10,DGS10,3.829
2019-06-10,DGS2,1.286
2019-06-10,CPIAUCSL,256.830
2019-06-10,VIXCLS,19.840
2019-06-11,DGS10,3.875
2019-06-11,DGS2,1.285
2019-06-11,CPIAUCSL,257.115
2019-06-11,VIXCLS,19.880
2019-06-12,DGS10,3.897
2019-06-12,DGS2,1.274
2019-06-12,CPIAUCSL,257.404
2019-06-12,VIXCLS,19.380
2019-06-13,DGS10,3.958
2019-06-13,DGS2,1.280
2019-06-13,CPIAUCSL,257.442
2019-06-13,VIXCLS,19.050
2019-06-14,DGS10,3.882
2019-06-14,DGS2,1.286
2019-06-14,CPIAUCSL,257.553
2019-06-14,VIXCLS,18.760
2019-06-17,DGS10,3.940
2019-06-17,DGS2,1.284
2019-06-17,CPIAUCSL,257.674
2019-06-17,VIXCLS,19.040
2019-06-18,DGS10,4.013
2019-06-18,DGS2,1.273
2019-06-18,CPIAUCSL,257.566
2019-06-18,VIXCLS,19.700
2019-06-19,DGS10,3.949
2019-06-19,DGS2,1.280
2019-06-19,CPIAUCSL,257.819
2019-06-19,VIXCLS,19.640
2019-06-20,DGS10,3.982
2019-06-20,DGS2,1.292
2019-06-20,CPIAUCSL,258.096
2019-06-20,VIXCLS,19.990
2019-06-21,DGS10,3.975
2019-06-21,DGS2,1.275
2019-06-21,CPIAUCSL,258.115
2019-06-21,VIXCLS,20.150
2019-06-24,DGS10,3.989
2019-06-24,DGS2,1.266
2019-06-24,CPIAUCSL,258.502
2019-06-24,VIXCLS,20.890
2019-06-25,DGS10,4.007
2019-06-25,DGS2,1.264
2019-06-25,CPIAUCSL,258.198
2019-06-25,VIXCLS,20.320
2019-06-26,DGS10,4.019
2019-06-26,DGS2,1.263
2019-06-26,CPIAUCSL,257.928
2019-06-26,VIXCLS,20.400
2019-06-27,DGS10,4.081
2019-06-27,DGS2,1.263
2019-06-27,CPIAUCSL,258.402
2019-06-27,VIXCLS,20.110
2019-06-28,DGS10,4.048
2019-06-28,DGS2,1.269
2019-06-28,CPIAUCSL,258.165
2019-06-28,VIXCLS,20.360
2019-07-01,DGS10,4.048
2019-07-01,DGS2,1.265
2019-07-01,CPIAUCSL,258.506
2019-07-01,VIXCLS,21.440
2019-07-02,DGS10,4.013
2019-07-02,DGS2,1.264
2019-07-02,CPIAUCSL,258.301
2019-07-02,VIXCLS,21.240
2019-07-03,DGS10,3.964
2019-07-03,DGS2,1.270
2019-07-03,CPIAUCSL,258.516
2019-07-03,VIXCLS,20.940
2019-07-04,DGS10,3.911
2019-07-04,DGS2,1.267
2019-07-04,CPIAUCSL,258.646
2019-07-04,VIXCLS,21.500
2019-07-05,DGS10,3.925
2019-07-05,DGS2,1.282
2019-07-05,CPIAUCSL,258.646
2019-07-05,VIXCLS,22.230
2019-07-08,DGS10,3.961
2019-07-08,DGS2,1.283
2019-07-08,CPIAUCSL,258.706
2019-07-08,VIXCLS,21.980
2019-07-09,DGS10,3.911
2019-07-09,DGS2,1.294
2019-07-09,CPIAUCSL,258.699
2019-07-09,VIXCLS,22.990
2019-07-10,DGS10,3.951
2019-07-10,DGS2,1.298
2019-07-10,CPIAUCSL,258.316
2019-07-10,VIXCLS,24.500
2019-07-11,DGS10,3.932
2019-07-11,DGS2,1.307
2019-07-11,CPIAUCSL,258.537
2019-07-11,VIXCLS,24.160
2019-07-12,DGS10,3.946
2019-07-12,DGS2,1.309
2019-07-12,CPIAUCSL,258.346
2019-07-12,VIXCLS,23.390
2019-07-15,DGS10,3.979
2019-07-15,DGS2,1.312
2019-07-15,CPIAUCSL,258.754
2019-07-15,VIXCLS,23.600
2019-07-16,DGS10,3.986
2019-07-16,DGS2,1.318
2019-07-16,CPIAUCSL,259.047
2019-07-16,VIXCLS,23.550
2019-07-17,DGS10,4.024
2019-07-17,DGS2,1.315
2019-07-17,CPIAUCSL,258.858
2019-07-17,VIXCLS,24.970
2019-07-18,DGS10,4.014
2019-07-18,DGS2,1.333
2019-07-18,CPIAUCSL,259.198
2019-07-18,VIXCLS,24.670
2019-07-19,DGS10,4.061
2019-07-19,DGS2,1.328
2019-07-19,CPIAUCSL,259.228
2019-07-19,VIXCLS,25.060
2019-07-22,DGS10,4.019
2019-07-22,DGS2,1.343
2019-07-22,CPIAUCSL,258.714
2019-07-22,VIXCLS,25.460
2019-07-23,DGS10,4.059
2019-07-23,DGS2,1.341
2019-07-23,CPIAUCSL,258.954
2019-07-23,VIXCLS,24.680
2019-07-24,DGS10,4.022
2019-07-24,DGS2,1.353
2019-07-24,CPIAUCSL,258.896
2019-07-24,VIXCLS,24.850
2019-07-25,DGS10,4.002
2019-07-25,DGS2,1.361
2019-07-25,CPIAUCSL,258.787
2019-07-25,VIXCLS,23.600
2019-07-26,DGS10,4.059
2019-07-26,DGS2,1.377
2019-07-26,CPIAUCSL,258.939
2019-07-26,VIXCLS,22.880
2019-07-29,DGS10,3.990
2019-07-29,DGS2,1.412
2019-07-29,CPIAUCSL,259.235
2019-07-29,VIXCLS,23.730
2019-07-30,DGS10,3.956
2019-07-30,DGS2,1.443
2019-07-30,CPIAUCSL,259.259
2019-07-30,VIXCLS,23.080
2019-07-31,DGS10,3.972
2019-07-31,DGS2,1.442
2019-07-31,CPIAUCSL,259.354
2019-07-31,VIXCLS,23.250
2019-08-01,DGS10,3.976
2019-08-01,DGS2,1.446
2019-08-01,CPIAUCSL,258.912
2019-08-01,VIXCLS,23.750
2019-08-02,DGS10,3.959
2019-08-02,DGS2,1.440
2019-08-02,CPIAUCSL,258.923
2019-08-02,VIXCLS,24.570
2019-08-05,DGS10,3.941
2019-08-05,DGS2,1.445
2019-08-05,CPIAUCSL,258.844
2019-08-05,VIXCLS,25.590
2019-08-06,DGS10,3.975
2019-08-06,DGS2,1.434
2019-08-06,CPIAUCSL,258.845
2019-08-06,VIXCLS,25.250
2019-08-07,DGS10,3.921
2019-08-07,DGS2,1.441
2019-08-07,CPIAUCSL,259.131
2019-08-07,VIXCLS,24.650
2019-08-08,DGS10,3.881
2019-08-08,DGS2,1.427
2019-08-08,CPIAUCSL,259.325
2019-08-08,VIXCLS,24.590
2019-08-09,DGS10,3.939
2019-08-09,DGS2,1.447
2019-08-09,CPIAUCSL,259.654
2019-08-09,VIXCLS,25.120
2019-08-12,DGS10,3.907
2019-08-12,DGS2,1.445
2019-08-12,CPIAUCSL,259.440
2019-08-12,VIXCLS,25.170
2019-08-13,DGS10,3.908
2019-08-13,DGS2,1.433
2019-08-13,CPIAUCSL,259.203
2019-08-13,VIXCLS,24.980
2019-08-14,DGS10,3.951
2019-08-14,DGS2,1.430
2019-08-14,CPIAUCSL,259.431
2019-08-14,VIXCLS,24.760
2019-08-15,DGS10,3.957
2019-08-15,DGS2,1.433
2019-08-15,CPIAUCSL,259.288
2019-08-15,VIXCLS,24.150
2019-08-16,DGS10,3.943
2019-08-16,DGS2,1.422
2019-08-16,CPIAUCSL,259.641
2019-08-16,VIXCLS,25.500
2019-08-19,DGS10,3.948
2019-08-19,DGS2,1.442
2019-08-19,CPIAUCSL,259.357
2019-08-19,VIXCLS,23.910
2019-08-20,DGS10,3.957
2019-08-20,DGS2,1.448
2019-08-20,CPIAUCSL,259.483
2019-08-20,VIXCLS,24.310
2019-08-21,DGS10,3.925
2019-08-21,DGS2,1.443
2019-08-21,CPIAUCSL,259.587
2019-08-21,VIXCLS,24.140
2019-08-22,DGS10,3.920
2019-08-22,DGS2,1.430
2019-08-22,CPIAUCSL,258.940
2019-08-22,VIXCLS,23.800
2019-08-23,DGS10,3.941
2019-08-23,DGS2,1.434
2019-08-23,CPIAUCSL,258.998
2019-08-23,VIXCLS,24.320
2019-08-26,DGS10,3.912
2019-08-26,DGS2,1.440
2019-08-26,CPIAUCSL,259.347
2019-08-26,VIXCLS,23.390
2019-08-27,DGS10,3.865
2019-08-27,DGS2,1.450
2019-08-27,CPIAUCSL,259.430
2019-08-27,VIXCLS,22.750
2019-08-28,DGS10,3.889
2019-08-28,DGS2,1.449
2019-08-28,CPIAUCSL,259.551
2019-08-28,VIXCLS,21.940
2019-08-29,DGS10,3.873
2019-08-29,DGS2,1.440
2019-08-29,CPIAUCSL,259.670
2019-08-29,VIXCLS,21.020
2019-08-30,DGS10,3.842
2019-08-30,DGS2,1.451
2019-08-30,CPIAUCSL,259.685
2019-08-30,VIXCLS,20.130
2019-09-02,DGS10,3.874
2019-09-02,DGS2,1.450
2019-09-02,CPIAUCSL,259.775
2019-09-02,VIXCLS,20.640
2019-09-03,DGS10,3.849
2019-09-03,DGS2,1.440
2019-09-03,CPIAUCSL,259.590
2019-09-03,VIXCLS,20.580
2019-09-04,DGS10,3.921
2019-09-04,DGS2,1.441
2019-09-04,CPIAUCSL,259.808
2019-09-04,VIXCLS,20.300
2019-09-05,DGS10,3.881
2019-09-05,DGS2,1.439
2019-09-05,CPIAUCSL,259.874
2019-09-05,VIXCLS,20.800
2019-09-06,DGS10,3.899
2019-09-06,DGS2,1.434
2019-09-06,CPIAUCSL,259.763
2019-09-06,VIXCLS,21.010
2019-09-09,DGS10,3.883
2019-09-09,DGS2,1.443
2019-09-09,CPIAUCSL,259.607
2019-09-09,VIXCLS,20.700
2019-09-10,DGS10,3.913
2019-09-10,DGS2,1.414
2019-09-10,CPIAUCSL,259.606
2019-09-10,VIXCLS,20.620
2019-09-11,DGS10,3.879
2019-09-11,DGS2,1.423
2019-09-11,CPIAUCSL,259.647
2019-09-11,VIXCLS,20.460
2019-09-12,DGS10,3.831
2019-09-12,DGS2,1.418
2019-09-12,CPIAUCSL,259.361
2019-09-12,VIXCLS,20.470
2019-09-13,DGS10,3.768
2019-09-13,DGS2,1.412
2019-09-13,CPIAUCSL,259.245
2019-09-13,VIXCLS,21.470
2019-09-16,DGS10,3.809
2019-09-16,DGS2,1.408
2019-09-16,CPIAUCSL,259.985
2019-09-16,VIXCLS,21.570
2019-09-17,DGS10,3.780
2019-09-17,DGS2,1.412
2019-09-17,CPIAUCSL,260.179
2019-09-17,VIXCLS,21.350
2019-09-18,DGS10,3.777
2019-09-18,DGS2,1.398
2019-09-18,CPIAUCSL,260.082
2019-09-18,VIXCLS,21.460
2019-09-19,DGS10,3.815
2019-09-19,DGS2,1.397
2019-09-19,CPIAUCSL,259.949
2019-09-19,VIXCLS,21.140
2019-09-20,DGS10,3.752
2019-09-20,DGS2,1.408
2019-09-20,CPIAUCSL,259.739
2019-09-20,VIXCLS,21.160
2019-09-23,DGS10,3.765
2019-09-23,DGS2,1.417
2019-09-23,CPIAUCSL,259.693
2019-09-23,VIXCLS,22.310
2019-09-24,DGS10,3.804
2019-09-24,DGS2,1.405
2019-09-24,CPIAUCSL,259.759
2019-09-24,VIXCLS,21.950
2019-09-25,DGS10,3.842
2019-09-25,DGS2,1.396
2019-09-25,CPIAUCSL,259.933
2019-09-25,VIXCLS,21.010
2019-09-26,DGS10,3.842
2019-09-26,DGS2,1.380
2019-09-26,CPIAUCSL,260.392
2019-09-26,VIXCLS,21.910
2019-09-27,DGS10,3.798
2019-09-27,DGS2,1.364
2019-09-27,CPIAUCSL,260.615
2019-09-27,VIXCLS,20.920
2019-09-30,DGS10,3.805
2019-09-30,DGS2,1.373
2019-09-30,CPIAUCSL,260.110
2019-09-30,VIXCLS,21.940
2019-10-01,DGS10,3.852
2019-10-01,DGS2,1.384
2019-10-01,CPIAUCSL,259.739
2019-10-01,VIXCLS,22.110
2019-10-02,DGS10,3.861
2019-10-02,DGS2,1.370
2019-10-02,CPIAUCSL,259.281
2019-10-02,VIXCLS,20.850
2019-10-03,DGS10,3.850
2019-10-03,DGS2,1.391
2019-10-03,CPIAUCSL,259.166
2019-10-03,VIXCLS,21.360
2019-10-04,DGS10,3.912
2019-10-04,DGS2,1.406
2019-10-04,CPIAUCSL,259.259
2019-10-04,VIXCLS,20.870
2019-10-07,DGS10,3.883
2019-10-07,DGS2,1.413
2019-10-07,CPIAUCSL,259.319
2019-10-07,VIXCLS,21.050
2019-10-08,DGS10,3.823
2019-10-08,DGS2,1.409
2019-10-08,CPIAUCSL,258.802
2019-10-08,VIXCLS,20.680
2019-10-09,DGS10,3.845
2019-10-09,DGS2,1.403
2019-10-09,CPIAUCSL,258.889
2019-10-09,VIXCLS,19.760
2019-10-10,DGS10,3.822
2019-10-10,DGS2,1.412
2019-10-10,CPIAUCSL,258.359
2019-10-10,VIXCLS,19.190
2019-10-11,DGS10,3.847
2019-10-11,DGS2,1.419
2019-10-11,CPIAUCSL,258.411
2019-10-11,VIXCLS,20.040
2019-10-14,DGS10,3.824
2019-10-14,DGS2,1.402
2019-10-14,CPIAUCSL,258.609
2019-10-14,VIXCLS,19.800
2019-10-15,DGS10,3.894
2019-10-15,DGS2,1.405
2019-10-15,CPIAUCSL,258.709
2019-10-15,VIXCLS,19.730
2019-10-16,DGS10,3.881
2019-10-16,DGS2,1.408
2019-10-16,CPIAUCSL,258.984
2019-10-16,VIXCLS,19.410
2019-10-17,DGS10,3.882
2019-10-17,DGS2,1.424
2019-10-17,CPIAUCSL,258.822
2019-10-17,VIXCLS,19.570
2019-10-18,DGS10,3.911
2019-10-18,DGS2,1.414
2019-10-18,CPIAUCSL,258.715
2019-10-18,VIXCLS,19.550
2019-10-21,DGS10,3.936
2019-10-21,DGS2,1.411
2019-10-21,CPIAUCSL,258.609
2019-10-21,VIXCLS,20.360
2019-10-22,DGS10,3.906
2019-10-22,DGS2,1.409
2019-10-22,CPIAUCSL,258.609
2019-10-22,VIXCLS,20.010
2019-10-23,DGS10,3.881
2019-10-23,DGS2,1.407
2019-10-23,CPIAUCSL,258.233
2019-10-23,VIXCLS,19.950
2019-10-24,DGS10,3.883
2019-10-24,DGS2,1.400
2019-10-24,CPIAUCSL,258.420
2019-10-24,VIXCLS,19.730
2019-10-25,DGS10,3.922
2019-10-25,DGS2,1.416
2019-10-25,CPIAUCSL,258.844
2019-10-25,VIXCLS,19.260
2019-10-28,DGS10,3.936
2019-10-28,DGS2,1.406
2019-10-28,CPIAUCSL,258.910
2019-10-28,VIXCLS,19.550
2019-10-29,DGS10,3.939
2019-10-29,DGS2,1.401
2019-10-29,CPIAUCSL,258.717
2019-10-29,VIXCLS,18.700
2019-10-30,DGS10,3.839
2019-10-30,DGS2,1.390
2019-10-30,CPIAUCSL,258.689
2019-10-30,VIXCLS,19.130
2019-10-31,DGS10,3.842
2019-10-31,DGS2,1.387
2019-10-31,CPIAUCSL,258.428
2019-10-31,VIXCLS,18.590
2019-11-01,DGS10,3.795
2019-11-01,DGS2,1.399
2019-11-01,CPIAUCSL,258.458
2019-11-01,VIXCLS,19.520
2019-11-04,DGS10,3.827
2019-11-04,DGS2,1.401
2019-11-04,CPIAUCSL,258.154
2019-11-04,VIXCLS,19.420
2019-11-05,DGS10,3.832
2019-11-05,DGS2,1.410
2019-11-05,CPIAUCSL,258.124
2019-11-05,VIXCLS,20.080
2019-11-06,DGS10,3.846
2019-11-06,DGS2,1.417
2019-11-06,CPIAUCSL,258.081
2019-11-06,VIXCLS,20.990
2019-11-07,DGS10,3.838
2019-11-07,DGS2,1.415
2019-11-07,CPIAUCSL,257.460
2019-11-07,VIXCLS,20.060
2019-11-08,DGS10,3.813
2019-11-08,DGS2,1.395
2019-11-08,CPIAUCSL,257.921
2019-11-08,VIXCLS,20.000
2019-11-11,DGS10,3.853
2019-11-11,DGS2,1.397
2019-11-11,CPIAUCSL,258.409
2019-11-11,VIXCLS,19.760
2019-11-12,DGS10,3.882
2019-11-12,DGS2,1.397
2019-11-12,CPIAUCSL,258.369
2019-11-12,VIXCLS,19.700
2019-11-13,DGS10,3.865
2019-11-13,DGS2,1.395
2019-11-13,CPIAUCSL,258.763
2019-11-13,VIXCLS,20.430
2019-11-14,DGS10,3.873
2019-11-14,DGS2,1.390
2019-11-14,CPIAUCSL,258.887
2019-11-14,VIXCLS,20.150
2019-11-15,DGS10,3.857
2019-11-15,DGS2,1.388
2019-11-15,CPIAUCSL,259.086
2019-11-15,VIXCLS,21.050
2019-11-18,DGS10,3.890
2019-11-18,DGS2,1.380
2019-11-18,CPIAUCSL,259.305
2019-11-18,VIXCLS,21.010
2019-11-19,DGS10,3.845
2019-11-19,DGS2,1.371
2019-11-19,CPIAUCSL,258.925
2019-11-19,VIXCLS,20.840
2019-11-20,DGS10,3.846
2019-11-20,DGS2,1.365
2019-11-20,CPIAUCSL,259.092
2019-11-20,VIXCLS,21.970
2019-11-21,DGS10,3.793
2019-11-21,DGS2,1.367
2019-11-21,CPIAUCSL,259.133
2019-11-21,VIXCLS,21.130
2019-11-22,DGS10,3.788
2019-11-22,DGS2,1.386
2019-11-22,CPIAUCSL,259.442
2019-11-22,VIXCLS,20.570
2019-11-25,DGS10,3.747
2019-11-25,DGS2,1.393
2019-11-25,CPIAUCSL,259.864
2019-11-25,VIXCLS,21.310
2019-11-26,DGS10,3.812
2019-11-26,DGS2,1.373
2019-11-26,CPIAUCSL,259.759
2019-11-26,VIXCLS,21.710
2019-11-27,DGS10,3.844
2019-11-27,DGS2,1.374
2019-11-27,CPIAUCSL,259.310
2019-11-27,VIXCLS,21.350
2019-11-28,DGS10,3.824
2019-11-28,DGS2,1.381
2019-11-28,CPIAUCSL,259.246
2019-11-28,VIXCLS,20.930
2019-11-29,DGS10,3.769
2019-11-29,DGS2,1.390
2019-11-29,CPIAUCSL,258.791
2019-11-29,VIXCLS,20.410
2019-12-02,DGS10,3.818
2019-12-02,DGS2,1.384
2019-12-02,CPIAUCSL,259.028
2019-12-02,VIXCLS,20.660
2019-12-03,DGS10,3.798
2019-12-03,DGS2,1.367
2019-12-03,CPIAUCSL,258.984
2019-12-03,VIXCLS,20.190
2019-12-04,DGS10,3.801
2019-12-04,DGS2,1.377
2019-12-04,CPIAUCSL,259.355
2019-12-04,VIXCLS,21.150
2019-12-05,DGS10,3.769
2019-12-05,DGS2,1.372
2019-12-05,CPIAUCSL,259.284
2019-12-05,VIXCLS,20.160
2019-12-06,DGS10,3.844
2019-12-06,DGS2,1.393
2019-12-06,CPIAUCSL,259.800
2019-12-06,VIXCLS,20.920
2019-12-09,DGS10,3.833
2019-12-09,DGS2,1.381
2019-12-09,CPIAUCSL,259.283
2019-12-09,VIXCLS,21.100
2019-12-10,DGS10,3.711
2019-12-10,DGS2,1.404
2019-12-10,CPIAUCSL,259.415
2019-12-10,VIXCLS,21.910
2019-12-11,DGS10,3.778
2019-12-11,DGS2,1.391
2019-12-11,CPIAUCSL,259.272
2019-12-11,VIXCLS,23.260
2019-12-12,DGS10,3.731
2019-12-12,DGS2,1.413
2019-12-12,CPIAUCSL,259.254
2019-12-12,VIXCLS,23.570
2019-12-13,DGS10,3.756
2019-12-13,DGS2,1.416
2019-12-13,CPIAUCSL,259.759
2019-12-13,VIXCLS,25.260
2019-12-16,DGS10,3.743
2019-12-16,DGS2,1.428
2019-12-16,CPIAUCSL,259.614
2019-12-16,VIXCLS,24.930
2019-12-17,DGS10,3.755
2019-12-17,DGS2,1.436
2019-12-17,CPIAUCSL,259.676
2019-12-17,VIXCLS,26.340
2019-12-18,DGS10,3.696
2019-12-18,DGS2,1.449
2019-12-18,CPIAUCSL,259.717
2019-12-18,VIXCLS,27.300
2019-12-19,DGS10,3.712
2019-12-19,DGS2,1.455
2019-12-19,CPIAUCSL,260.030
2019-12-19,VIXCLS,27.190
2019-12-20,DGS10,3.739
2019-12-20,DGS2,1.466
2019-12-20,CPIAUCSL,259.928
2019-12-20,VIXCLS,26.330
2019-12-23,DGS10,3.762
2019-12-23,DGS2,1.454
2019-12-23,CPIAUCSL,259.813
2019-12-23,VIXCLS,25.260
2019-12-24,DGS10,3.772
2019-12-24,DGS2,1.454
2019-12-24,CPIAUCSL,259.512
2019-12-24,VIXCLS,25.060
2019-12-25,DGS10,3.763
2019-12-25,DGS2,1.441
2019-12-25,CPIAUCSL,259.678
2019-12-25,VIXCLS,25.550
2019-12-26,DGS10,3.760
2019-12-26,DGS2,1.442
2019-12-26,CPIAUCSL,259.872
2019-12-26,VIXCLS,24.060
2019-12-27,DGS10,3.803
2019-12-27,DGS2,1.446
2019-12-27,CPIAUCSL,259.234
2019-12-27,VIXCLS,23.100
2019-12-30,DGS10,3.774
2019-12-30,DGS2,1.446
2019-12-30,CPIAUCSL,259.114
2019-12-30,VIXCLS,21.990
2019-12-31,DGS10,3.747
2019-12-31,DGS2,1.461
2019-12-31,CPIAUCSL,259.247
2019-12-31,VIXCLS,22.250
2020-01-01,DGS10,3.817
2020-01-01,DGS2,1.472
2020-01-01,CPIAUCSL,259.190
2020-01-01,VIXCLS,22.230
2020-01-02,DGS10,3.836
2020-01-02,DGS2,1.481
2020-01-02,CPIAUCSL,259.171
2020-01-02,VIXCLS,24.000
2020-01-03,DGS10,3.838
2020-01-03,DGS2,1.494
2020-01-03,CPIAUCSL,258.982
2020-01-03,VIXCLS,24.170
2020-01-06,DGS10,3.863
2020-01-06,DGS2,1.514
2020-01-06,CPIAUCSL,259.268
2020-01-06,VIXCLS,25.170
2020-01-07,DGS10,3.830
2020-01-07,DGS2,1.506
2020-01-07,CPIAUCSL,260.099
2020-01-07,VIXCLS,25.170
2020-01-08,DGS10,3.860
2020-01-08,DGS2,1.503
2020-01-08,CPIAUCSL,259.946
2020-01-08,VIXCLS,24.330
2020-01-09,DGS10,3.852
2020-01-09,DGS2,1.505
2020-01-09,CPIAUCSL,259.806
2020-01-09,VIXCLS,24.380
2020-01-10,DGS10,3.922
2020-01-10,DGS2,1.495
2020-01-10,CPIAUCSL,259.775
2020-01-10,VIXCLS,26.060
2020-01-13,DGS10,3.877
2020-01-13,DGS2,1.491
2020-01-13,CPIAUCSL,260.082
2020-01-13,VIXCLS,26.730
2020-01-14,DGS10,3.877
2020-01-14,DGS2,1.474
2020-01-14,CPIAUCSL,260.501
2020-01-14,VIXCLS,26.830
2020-01-15,DGS10,3.851
2020-01-15,DGS2,1.461
2020-01-15,CPIAUCSL,260.626
2020-01-15,VIXCLS,26.560
2020-01-16,DGS10,3.871
2020-01-16,DGS2,1.478
2020-01-16,CPIAUCSL,260.713
2020-01-16,VIXCLS,26.840
2020-01-17,DGS10,3.893
2020-01-17,DGS2,1.476
2020-01-17,CPIAUCSL,261.042
2020-01-17,VIXCLS,26.570
2020-01-20,DGS10,3.867
2020-01-20,DGS2,1.455
2020-01-20,CPIAUCSL,260.898
2020-01-20,VIXCLS,26.800
2020-01-21,DGS10,3.965
2020-01-21,DGS2,1.459
2020-01-21,CPIAUCSL,261.120
2020-01-21,VIXCLS,27.150
2020-01-22,DGS10,3.937
2020-01-22,DGS2,1.455
2020-01-22,CPIAUCSL,260.905
2020-01-22,VIXCLS,27.340
2020-01-23,DGS10,4.001
2020-01-23,DGS2,1.434
2020-01-23,CPIAUCSL,260.894
2020-01-23,VIXCLS,28.090
2020-01-24,DGS10,3.989
2020-01-24,DGS2,1.425
2020-01-24,CPIAUCSL,261.258
2020-01-24,VIXCLS,27.450
2020-01-27,DGS10,4.010
2020-01-27,DGS2,1.423
2020-01-27,CPIAUCSL,261.114
2020-01-27,VIXCLS,27.820
2020-01-28,DGS10,3.970
2020-01-28,DGS2,1.426
2020-01-28,CPIAUCSL,261.037
2020-01-28,VIXCLS,28.220
2020-01-29,DGS10,3.912
2020-01-29,DGS2,1.420
2020-01-29,CPIAUCSL,260.742
2020-01-29,VIXCLS,28.490
2020-01-30,DGS10,3.921
2020-01-30,DGS2,1.433
2020-01-30,CPIAUCSL,260.327
2020-01-30,VIXCLS,28.660
2020-01-31,DGS10,3.961
2020-01-31,DGS2,1.431
2020-01-31,CPIAUCSL,260.573
2020-01-31,VIXCLS,28.350
2020-02-03,DGS10,3.972
2020-02-03,DGS2,1.459
2020-02-03,CPIAUCSL,260.417
2020-02-03,VIXCLS,27.520
2020-02-04,DGS10,3.983
2020-02-04,DGS2,1.471
2020-02-04,CPIAUCSL,260.596
2020-02-04,VIXCLS,27.670
2020-02-05,DGS10,4.000
2020-02-05,DGS2,1.489
2020-02-05,CPIAUCSL,260.554
2020-02-05,VIXCLS,27.410
2020-02-06,DGS10,4.069
2020-02-06,DGS2,1.505
2020-02-06,CPIAUCSL,260.423
2020-02-06,VIXCLS,27.260
2020-02-07,DGS10,3.995
2020-02-07,DGS2,1.491
2020-02-07,CPIAUCSL,260.784
2020-02-07,VIXCLS,26.240
2020-02-10,DGS10,3.970
2020-02-10,DGS2,1.508
2020-02-10,CPIAUCSL,260.590
2020-02-10,VIXCLS,26.410
2020-02-11,DGS10,4.032
2020-02-11,DGS2,1.541
2020-02-11,CPIAUCSL,260.771
2020-02-11,VIXCLS,25.310
2020-02-12,DGS10,4.017
2020-02-12,DGS2,1.564
2020-02-12,CPIAUCSL,260.441
2020-02-12,VIXCLS,24.800
2020-02-13,DGS10,4.045
2020-02-13,DGS2,1.569
2020-02-13,CPIAUCSL,260.438
2020-02-13,VIXCLS,25.170
2020-02-14,DGS10,4.020
2020-02-14,DGS2,1.557
2020-02-14,CPIAUCSL,260.513
2020-02-14,VIXCLS,25.110
2020-02-17,DGS10,4.060
2020-02-17,DGS2,1.572
2020-02-17,CPIAUCSL,260.854
2020-02-17,VIXCLS,24.690
2020-02-18,DGS10,4.041
2020-02-18,DGS2,1.568
2020-02-18,CPIAUCSL,260.871
2020-02-18,VIXCLS,25.010
2020-02-19,DGS10,3.994
2020-02-19,DGS2,1.572
2020-02-19,CPIAUCSL,260.935
2020-02-19,VIXCLS,25.590
2020-02-20,DGS10,3.941
2020-02-20,DGS2,1.585
2020-02-20,CPIAUCSL,261.332
2020-02-20,VIXCLS,24.080
2020-02-21,DGS10,3.988
2020-02-21,DGS2,1.600
2020-02-21,CPIAUCSL,261.263
2020-02-21,VIXCLS,23.200
2020-02-24,DGS10,3.970
2020-02-24,DGS2,1.591
2020-02-24,CPIAUCSL,261.593
2020-02-24,VIXCLS,23.800
2020-02-25,DGS10,3.990
2020-02-25,DGS2,1.604
2020-02-25,CPIAUCSL,262.033
2020-02-25,VIXCLS,24.390
2020-02-26,DGS10,3.919
2020-02-26,DGS2,1.612
2020-02-26,CPIAUCSL,262.248
2020-02-26,VIXCLS,24.760
2020-02-27,DGS10,3.968
2020-02-27,DGS2,1.610
2020-02-27,CPIAUCSL,262.381
2020-02-27,VIXCLS,24.170
2020-02-28,DGS10,3.958
2020-02-28,DGS2,1.607
2020-02-28,CPIAUCSL,262.473
2020-02-28,VIXCLS,24.480
2020-03-02,DGS10,3.904
2020-03-02,DGS2,1.613
2020-03-02,CPIAUCSL,262.745
2020-03-02,VIXCLS,24.720
2020-03-03,DGS10,3.969
2020-03-03,DGS2,1.636
2020-03-03,CPIAUCSL,262.591
2020-03-03,VIXCLS,23.840
2020-03-04,DGS10,3.987
2020-03-04,DGS2,1.632
2020-03-04,CPIAUCSL,262.425
2020-03-04,VIXCLS,24.630
2020-03-05,DGS10,3.960
2020-03-05,DGS2,1.645
2020-03-05,CPIAUCSL,262.171
2020-03-05,VIXCLS,22.950
2020-03-06,DGS10,3.933
2020-03-06,DGS2,1.636
2020-03-06,CPIAUCSL,262.027
2020-03-06,VIXCLS,23.440
2020-03-09,DGS10,3.918
2020-03-09,DGS2,1.630
2020-03-09,CPIAUCSL,261.954
2020-03-09,VIXCLS,23.130
2020-03-10,DGS10,3.904
2020-03-10,DGS2,1.630
2020-03-10,CPIAUCSL,262.455
2020-03-10,VIXCLS,22.650
2020-03-11,DGS10,3.923
2020-03-11,DGS2,1.630
2020-03-11,CPIAUCSL,262.636
2020-03-11,VIXCLS,21.730
2020-03-12,DGS10,3.922
2020-03-12,DGS2,1.629
2020-03-12,CPIAUCSL,262.801
2020-03-12,VIXCLS,21.020
2020-03-13,DGS10,3.952
2020-03-13,DGS2,1.620
2020-03-13,CPIAUCSL,262.676
2020-03-13,VIXCLS,19.750
2020-03-16,DGS10,3.910
2020-03-16,DGS2,1.613
2020-03-16,CPIAUCSL,262.986
2020-03-16,VIXCLS,19.680
2020-03-17,DGS10,3.876
2020-03-17,DGS2,1.608
2020-03-17,CPIAUCSL,263.172
2020-03-17,VIXCLS,18.850
2020-03-18,DGS10,3.930
2020-03-18,DGS2,1.617
2020-03-18,CPIAUCSL,263.253
2020-03-18,VIXCLS,19.130
2020-03-19,DGS10,3.859
2020-03-19,DGS2,1.623
2020-03-19,CPIAUCSL,263.180
2020-03-19,VIXCLS,19.190
2020-03-20,DGS10,3.913
2020-03-20,DGS2,1.633
2020-03-20,CPIAUCSL,262.955
2020-03-20,VIXCLS,18.900
2020-03-23,DGS10,3.841
2020-03-23,DGS2,1.649
2020-03-23,CPIAUCSL,263.066
2020-03-23,VIXCLS,18.330
2020-03-24,DGS10,3.929
2020-03-24,DGS2,1.649
2020-03-24,CPIAUCSL,263.097
2020-03-24,VIXCLS,18.440
2020-03-25,DGS10,3.913
2020-03-25,DGS2,1.641
2020-03-25,CPIAUCSL,262.899
2020-03-25,VIXCLS,18.550
2020-03-26,DGS10,3.921
2020-03-26,DGS2,1.632
2020-03-26,CPIAUCSL,262.948
2020-03-26,VIXCLS,18.690
2020-03-27,DGS10,3.941
2020-03-27,DGS2,1.654
2020-03-27,CPIAUCSL,262.949
2020-03-27,VIXCLS,19.290
2020-03-30,DGS10,3.949
2020-03-30,DGS2,1.666
2020-03-30,CPIAUCSL,263.236
2020-03-30,VIXCLS,19.160
2020-03-31,DGS10,3.921
2020-03-31,DGS2,1.688
2020-03-31,CPIAUCSL,263.051
2020-03-31,VIXCLS,19.310
2020-04-01,DGS10,3.893
2020-04-01,DGS2,1.704
2020-04-01,CPIAUCSL,262.951
2020-04-01,VIXCLS,19.290
2020-04-02,DGS10,3.854
2020-04-02,DGS2,1.703
2020-04-02,CPIAUCSL,262.815
2020-04-02,VIXCLS,19.180
2020-04-03,DGS10,3.822
2020-04-03,DGS2,1.711
2020-04-03,CPIAUCSL,262.978
2020-04-03,VIXCLS,19.270
2020-04-06,DGS10,3.889
2020-04-06,DGS2,1.713
2020-04-06,CPIAUCSL,263.149
2020-04-06,VIXCLS,19.020
2020-04-07,DGS10,3.898
2020-04-07,DGS2,1.745
2020-04-07,CPIAUCSL,262.854
2020-04-07,VIXCLS,18.280
2020-04-08,DGS10,3.921
2020-04-08,DGS2,1.754
2020-04-08,CPIAUCSL,262.851
2020-04-08,VIXCLS,18.040
2020-04-09,DGS10,3.903
2020-04-09,DGS2,1.777
2020-04-09,CPIAUCSL,262.798
2020-04-09,VIXCLS,18.250
2020-04-10,DGS10,3.958
2020-04-10,DGS2,1.780
2020-04-10,CPIAUCSL,262.925
2020-04-10,VIXCLS,19.050
2020-04-13,DGS10,3.927
2020-04-13,DGS2,1.800
2020-04-13,CPIAUCSL,262.695
2020-04-13,VIXCLS,18.580
2020-04-14,DGS10,3.946
2020-04-14,DGS2,1.805
2020-04-14,CPIAUCSL,262.845
2020-04-14,VIXCLS,19.080
2020-04-15,DGS10,3.944
2020-04-15,DGS2,1.797
2020-04-15,CPIAUCSL,262.991
2020-04-15,VIXCLS,19.290
2020-04-16,DGS10,3.959
2020-04-16,DGS2,1.817
2020-04-16,CPIAUCSL,262.817
2020-04-16,VIXCLS,19.910
2020-04-17,DGS10,3.928
2020-04-17,DGS2,1.808
2020-04-17,CPIAUCSL,263.309
2020-04-17,VIXCLS,19.390
2020-04-20,DGS10,3.941
2020-04-20,DGS2,1.806
2020-04-20,CPIAUCSL,263.138
2020-04-20,VIXCLS,19.350
2020-04-21,DGS10,3.989
2020-04-21,DGS2,1.818
2020-04-21,CPIAUCSL,263.161
2020-04-21,VIXCLS,18.820
2020-04-22,DGS10,3.953
2020-04-22,DGS2,1.825
2020-04-22,CPIAUCSL,263.389
2020-04-22,VIXCLS,18.720
2020-04-23,DGS10,3.979
2020-04-23,DGS2,1.821
2020-04-23,CPIAUCSL,263.555
2020-04-23,VIXCLS,18.170
2020-04-24,DGS10,4.049
2020-04-24,DGS2,1.823
2020-04-24,CPIAUCSL,263.292
2020-04-24,VIXCLS,17.880
2020-04-27,DGS10,4.002
2020-04-27,DGS2,1.843
2020-04-27,CPIAUCSL,263.365
2020-04-27,VIXCLS,18.030
2020-04-28,DGS10,4.008
2020-04-28,DGS2,1.834
2020-04-28,CPIAUCSL,263.101
2020-04-28,VIXCLS,19.010
2020-04-29,DGS10,3.994
2020-04-29,DGS2,1.799
2020-04-29,CPIAUCSL,263.086
2020-04-29,VIXCLS,19.100
2020-04-30,DGS10,3.996
2020-04-30,DGS2,1.815
2020-04-30,CPIAUCSL,262.748
2020-04-30,VIXCLS,18.660
2020-05-01,DGS10,3.978
2020-05-01,DGS2,1.809
2020-05-01,CPIAUCSL,263.287
2020-05-01,VIXCLS,17.360
2020-05-04,DGS10,4.027
2020-05-04,DGS2,1.806
2020-05-04,CPIAUCSL,263.766
2020-05-04,VIXCLS,16.650
2020-05-05,DGS10,3.998
2020-05-05,DGS2,1.818
2020-05-05,CPIAUCSL,263.907
2020-05-05,VIXCLS,16.480
2020-05-06,DGS10,3.960
2020-05-06,DGS2,1.813
2020-05-06,CPIAUCSL,263.660
2020-05-06,VIXCLS,16.480
2020-05-07,DGS10,4.044
2020-05-07,DGS2,1.810
2020-05-07,CPIAUCSL,263.523
2020-05-07,VIXCLS,16.750
2020-05-08,DGS10,3.982
2020-05-08,DGS2,1.828
2020-05-08,CPIAUCSL,264.292
2020-05-08,VIXCLS,16.080
2020-05-11,DGS10,3.978
2020-05-11,DGS2,1.838
2020-05-11,CPIAUCSL,264.249
2020-05-11,VIXCLS,15.760
2020-05-12,DGS10,3.995
2020-05-12,DGS2,1.839
2020-05-12,CPIAUCSL,264.142
2020-05-12,VIXCLS,16.300
2020-05-13,DGS10,3.932
2020-05-13,DGS2,1.827
2020-05-13,CPIAUCSL,264.520
2020-05-13,VIXCLS,16.530
2020-05-14,DGS10,3.991
2020-05-14,DGS2,1.814
2020-05-14,CPIAUCSL,264.115
2020-05-14,VIXCLS,15.680
2020-05-15,DGS10,4.033
2020-05-15,DGS2,1.829
2020-05-15,CPIAUCSL,263.601
2020-05-15,VIXCLS,15.380
2020-05-18,DGS10,4.006
2020-05-18,DGS2,1.838
2020-05-18,CPIAUCSL,263.818
2020-05-18,VIXCLS,15.560
2020-05-19,DGS10,4.076
2020-05-19,DGS2,1.825
2020-05-19,CPIAUCSL,263.448
2020-05-19,VIXCLS,15.470
2020-05-20,DGS10,4.055
2020-05-20,DGS2,1.830
2020-05-20,CPIAUCSL,263.606
2020-05-20,VIXCLS,15.590
2020-05-21,DGS10,4.029
2020-05-21,DGS2,1.800
2020-05-21,CPIAUCSL,263.934
2020-05-21,VIXCLS,15.630
2020-05-22,DGS10,3.987
2020-05-22,DGS2,1.810
2020-05-22,CPIAUCSL,263.901
2020-05-22,VIXCLS,16.110
2020-05-25,DGS10,3.954
2020-05-25,DGS2,1.815
2020-05-25,CPIAUCSL,264.366
2020-05-25,VIXCLS,16.500
2020-05-26,DGS10,3.892
2020-05-26,DGS2,1.805
2020-05-26,CPIAUCSL,264.225
2020-05-26,VIXCLS,16.020
2020-05-27,DGS10,3.922
2020-05-27,DGS2,1.822
2020-05-27,CPIAUCSL,263.909
2020-05-27,VIXCLS,15.880
2020-05-28,DGS10,3.942
2020-05-28,DGS2,1.828
2020-05-28,CPIAUCSL,263.908
2020-05-28,VIXCLS,15.850
2020-05-29,DGS10,3.945
2020-05-29,DGS2,1.824
2020-05-29,CPIAUCSL,263.962
2020-05-29,VIXCLS,15.270
2020-06-01,DGS10,3.918
2020-06-01,DGS2,1.819
2020-06-01,CPIAUCSL,263.753
2020-06-01,VIXCLS,15.140
2020-06-02,DGS10,3.925
2020-06-02,DGS2,1.815
2020-06-02,CPIAUCSL,264.099
2020-06-02,VIXCLS,15.930
2020-06-03,DGS10,3.956
2020-06-03,DGS2,1.828
2020-06-03,CPIAUCSL,263.771
2020-06-03,VIXCLS,15.340
2020-06-04,DGS10,3.865
2020-06-04,DGS2,1.837
2020-06-04,CPIAUCSL,263.891
2020-06-04,VIXCLS,15.150
2020-06-05,DGS10,3.877
2020-06-05,DGS2,1.831
2020-06-05,CPIAUCSL,264.411
2020-06-05,VIXCLS,15.520
2020-06-08,DGS10,3.931
2020-06-08,DGS2,1.814
2020-06-08,CPIAUCSL,264.750
2020-06-08,VIXCLS,15.360
2020-06-09,DGS10,3.945
2020-06-09,DGS2,1.811
2020-06-09,CPIAUCSL,265.159
2020-06-09,VIXCLS,15.290
2020-06-10,DGS10,3.929
2020-06-10,DGS2,1.816
2020-06-10,CPIAUCSL,265.554
2020-06-10,VIXCLS,15.220
2020-06-11,DGS10,3.924
2020-06-11,DGS2,1.805
2020-06-11,CPIAUCSL,265.737
2020-06-11,VIXCLS,14.850
2020-06-12,DGS10,3.974
2020-06-12,DGS2,1.794
2020-06-12,CPIAUCSL,266.034
2020-06-12,VIXCLS,15.110
2020-06-15,DGS10,3.978
2020-06-15,DGS2,1.791
2020-06-15,CPIAUCSL,266.108
2020-06-15,VIXCLS,14.070
2020-06-16,DGS10,4.016
2020-06-16,DGS2,1.796
2020-06-16,CPIAUCSL,265.364
2020-06-16,VIXCLS,13.140
2020-06-17,DGS10,3.980
2020-06-17,DGS2,1.805
2020-06-17,CPIAUCSL,265.454
2020-06-17,VIXCLS,12.760
2020-06-18,DGS10,3.933
2020-06-18,DGS2,1.821
2020-06-18,CPIAUCSL,264.825
2020-06-18,VIXCLS,12.650
2020-06-19,DGS10,3.916
2020-06-19,DGS2,1.795
2020-06-19,CPIAUCSL,264.430
2020-06-19,VIXCLS,11.920
2020-06-22,DGS10,3.906
2020-06-22,DGS2,1.809
2020-06-22,CPIAUCSL,264.447
2020-06-22,VIXCLS,11.730
2020-06-23,DGS10,3.895
2020-06-23,DGS2,1.815
2020-06-23,CPIAUCSL,264.764
2020-06-23,VIXCLS,11.990
2020-06-24,DGS10,3.902
2020-06-24,DGS2,1.807
2020-06-24,CPIAUCSL,264.433
2020-06-24,VIXCLS,11.710
2020-06-25,DGS10,3.934
2020-06-25,DGS2,1.819
2020-06-25,CPIAUCSL,263.855
2020-06-25,VIXCLS,10.890
2020-06-26,DGS10,3.935
2020-06-26,DGS2,1.789
2020-06-26,CPIAUCSL,263.569
2020-06-26,VIXCLS,10.650
2020-06-29,DGS10,3.870
2020-06-29,DGS2,1.763
2020-06-29,CPIAUCSL,263.167
2020-06-29,VIXCLS,10.540
2020-06-30,DGS10,3.859
2020-06-30,DGS2,1.791
2020-06-30,CPIAUCSL,263.243
2020-06-30,VIXCLS,10.460
2020-07-01,DGS10,3.834
2020-07-01,DGS2,1.772
2020-07-01,CPIAUCSL,262.856
2020-07-01,VIXCLS,.
2020-07-02,DGS10,3.889
2020-07-02,DGS2,1.775
2020-07-02,CPIAUCSL,262.961
2020-07-02,VIXCLS,.
2020-07-03,DGS10,3.915
2020-07-03,DGS2,1.759
2020-07-03,CPIAUCSL,263.312
2020-07-03,VIXCLS,.
2020-07-06,DGS10,3.922
2020-07-06,DGS2,1.752
2020-07-06,CPIAUCSL,263.435
2020-07-06,VIXCLS,.
2020-07-07,DGS10,3.892
2020-07-07,DGS2,1.737
2020-07-07,CPIAUCSL,263.475
2020-07-07,VIXCLS,.
2020-07-08,DGS10,3.897
2020-07-08,DGS2,1.751
2020-07-08,CPIAUCSL,263.871
2020-07-08,VIXCLS,.
2020-07-09,DGS10,3.936
2020-07-09,DGS2,1.723
2020-07-09,CPIAUCSL,264.026
2020-07-09,VIXCLS,.
2020-07-10,DGS10,3.939
2020-07-10,DGS2,1.722
2020-07-10,CPIAUCSL,264.222
2020-07-10,VIXCLS,.
2020-07-13,DGS10,3.911
2020-07-13,DGS2,1.708
2020-07-13,CPIAUCSL,264.387
2020-07-13,VIXCLS,10.610
2020-07-14,DGS10,3.878
2020-07-14,DGS2,1.693
2020-07-14,CPIAUCSL,263.705
2020-07-14,VIXCLS,10.150
2020-07-15,DGS10,3.830
2020-07-15,DGS2,1.703
2020-07-15,CPIAUCSL,263.544
2020-07-15,VIXCLS,10.010
2020-07-16,DGS10,3.888
2020-07-16,DGS2,1.690
2020-07-16,CPIAUCSL,264.002
2020-07-16,VIXCLS,9.650
2020-07-17,DGS10,3.854
2020-07-17,DGS2,1.688
2020-07-17,CPIAUCSL,263.784
2020-07-17,VIXCLS,9.770
2020-07-20,DGS10,3.872
2020-07-20,DGS2,1.694
2020-07-20,CPIAUCSL,264.015
2020-07-20,VIXCLS,10.320
2020-07-21,DGS10,3.931
2020-07-21,DGS2,1.694
2020-07-21,CPIAUCSL,263.885
2020-07-21,VIXCLS,10.570
2020-07-22,DGS10,3.976
2020-07-22,DGS2,1.703
2020-07-22,CPIAUCSL,263.940
2020-07-22,VIXCLS,10.540
2020-07-23,DGS10,4.012
2020-07-23,DGS2,1.717
2020-07-23,CPIAUCSL,263.538
2020-07-23,VIXCLS,10.940
2020-07-24,DGS10,4.002
2020-07-24,DGS2,1.720
2020-07-24,CPIAUCSL,263.290
2020-07-24,VIXCLS,11.390
2020-07-27,DGS10,3.986
2020-07-27,DGS2,1.715
2020-07-27,CPIAUCSL,263.325
2020-07-27,VIXCLS,11.810
2020-07-28,DGS10,3.978
2020-07-28,DGS2,1.714
2020-07-28,CPIAUCSL,263.417
2020-07-28,VIXCLS,11.900
2020-07-29,DGS10,3.983
2020-07-29,DGS2,1.708
2020-07-29,CPIAUCSL,263.098
2020-07-29,VIXCLS,11.900
2020-07-30,DGS10,4.028
2020-07-30,DGS2,1.721
2020-07-30,CPIAUCSL,262.670
2020-07-30,VIXCLS,12.030
2020-07-31,DGS10,4.048
2020-07-31,DGS2,1.711
2020-07-31,CPIAUCSL,262.892
2020-07-31,VIXCLS,11.890
2020-08-03,DGS10,4.036
2020-08-03,DGS2,1.715
2020-08-03,CPIAUCSL,263.105
2020-08-03,VIXCLS,12.150
2020-08-04,DGS10,4.048
2020-08-04,DGS2,1.724
2020-08-04,CPIAUCSL,263.340
2020-08-04,VIXCLS,12.000
2020-08-05,DGS10,3.973
2020-08-05,DGS2,1.714
2020-08-05,CPIAUCSL,263.787
2020-08-05,VIXCLS,11.430
2020-08-06,DGS10,4.054
2020-08-06,DGS2,1.692
2020-08-06,CPIAUCSL,264.125
2020-08-06,VIXCLS,11.060
2020-08-07,DGS10,4.050
2020-08-07,DGS2,1.703
2020-08-07,CPIAUCSL,264.363
2020-08-07,VIXCLS,11.280
2020-08-10,DGS10,4.042
2020-08-10,DGS2,1.704
2020-08-10,CPIAUCSL,264.617
2020-08-10,VIXCLS,11.030
2020-08-11,DGS10,4.006
2020-08-11,DGS2,1.703
2020-08-11,CPIAUCSL,264.664
2020-08-11,VIXCLS,10.620
2020-08-12,DGS10,4.015
2020-08-12,DGS2,1.702
2020-08-12,CPIAUCSL,264.723
2020-08-12,VIXCLS,10.120
2020-08-13,DGS10,4.013
2020-08-13,DGS2,1.704
2020-08-13,CPIAUCSL,264.932
2020-08-13,VIXCLS,9.780
2020-08-14,DGS10,3.988
2020-08-14,DGS2,1.709
2020-08-14,CPIAUCSL,265.229
2020-08-14,VIXCLS,9.700
2020-08-17,DGS10,4.017
2020-08-17,DGS2,1.707
2020-08-17,CPIAUCSL,265.781
2020-08-17,VIXCLS,9.510
2020-08-18,DGS10,3.979
2020-08-18,DGS2,1.699
2020-08-18,CPIAUCSL,265.939
2020-08-18,VIXCLS,9.860
2020-08-19,DGS10,4.009
2020-08-19,DGS2,1.705
2020-08-19,CPIAUCSL,266.145
2020-08-19,VIXCLS,9.920
2020-08-20,DGS10,3.981
2020-08-20,DGS2,1.714
2020-08-20,CPIAUCSL,266.521
2020-08-20,VIXCLS,10.250
2020-08-21,DGS10,3.963
2020-08-21,DGS2,1.705
2020-08-21,CPIAUCSL,266.647
2020-08-21,VIXCLS,10.340
2020-08-24,DGS10,3.952
2020-08-24,DGS2,1.679
2020-08-24,CPIAUCSL,266.516
2020-08-24,VIXCLS,10.110
2020-08-25,DGS10,3.976
2020-08-25,DGS2,1.693
2020-08-25,CPIAUCSL,266.526
2020-08-25,VIXCLS,10.020
2020-08-26,DGS10,3.988
2020-08-26,DGS2,1.704
2020-08-26,CPIAUCSL,266.572
2020-08-26,VIXCLS,10.350
2020-08-27,DGS10,4.026
2020-08-27,DGS2,1.715
2020-08-27,CPIAUCSL,266.486
2020-08-27,VIXCLS,10.620
2020-08-28,DGS10,4.004
2020-08-28,DGS2,1.708
2020-08-28,CPIAUCSL,266.284
2020-08-28,VIXCLS,10.670
2020-08-31,DGS10,4.047
2020-08-31,DGS2,1.724
2020-08-31,CPIAUCSL,266.611
2020-08-31,VIXCLS,10.830
2020-09-01,DGS10,4.033
2020-09-01,DGS2,1.730
2020-09-01,CPIAUCSL,267.064
2020-09-01,VIXCLS,10.730
2020-09-02,DGS10,4.050
2020-09-02,DGS2,1.726
2020-09-02,CPIAUCSL,266.869
2020-09-02,VIXCLS,11.020
2020-09-03,DGS10,4.043
2020-09-03,DGS2,1.716
2020-09-03,CPIAUCSL,267.470
2020-09-03,VIXCLS,11.060
2020-09-04,DGS10,4.060
2020-09-04,DGS2,1.739
2020-09-04,CPIAUCSL,267.104
2020-09-04,VIXCLS,11.160
2020-09-07,DGS10,4.039
2020-09-07,DGS2,1.741
2020-09-07,CPIAUCSL,267.287
2020-09-07,VIXCLS,10.980
2020-09-08,DGS10,4.029
2020-09-08,DGS2,1.741
2020-09-08,CPIAUCSL,267.468
2020-09-08,VIXCLS,11.180
2020-09-09,DGS10,4.036
2020-09-09,DGS2,1.728
2020-09-09,CPIAUCSL,267.300
2020-09-09,VIXCLS,11.050
2020-09-10,DGS10,3.981
2020-09-10,DGS2,1.738
2020-09-10,CPIAUCSL,267.668
2020-09-10,VIXCLS,11.140
2020-09-11,DGS10,3.983
2020-09-11,DGS2,1.735
2020-09-11,CPIAUCSL,267.706
2020-09-11,VIXCLS,11.330
2020-09-14,DGS10,4.021
2020-09-14,DGS2,1.760
2020-09-14,CPIAUCSL,267.770
2020-09-14,VIXCLS,11.330
2020-09-15,DGS10,3.972
2020-09-15,DGS2,1.762
2020-09-15,CPIAUCSL,267.529
2020-09-15,VIXCLS,11.020
2020-09-16,DGS10,3.983
2020-09-16,DGS2,1.769
2020-09-16,CPIAUCSL,266.984
2020-09-16,VIXCLS,10.260
2020-09-17,DGS10,3.977
2020-09-17,DGS2,1.758
2020-09-17,CPIAUCSL,266.728
2020-09-17,VIXCLS,10.200
2020-09-18,DGS10,3.969
2020-09-18,DGS2,1.741
2020-09-18,CPIAUCSL,267.073
2020-09-18,VIXCLS,10.100
2020-09-21,DGS10,3.993
2020-09-21,DGS2,1.728
2020-09-21,CPIAUCSL,266.683
2020-09-21,VIXCLS,10.190
2020-09-22,DGS10,3.966
2020-09-22,DGS2,1.721
2020-09-22,CPIAUCSL,266.564
2020-09-22,VIXCLS,10.080
2020-09-23,DGS10,3.900
2020-09-23,DGS2,1.703
2020-09-23,CPIAUCSL,266.456
2020-09-23,VIXCLS,10.100
2020-09-24,DGS10,3.917
2020-09-24,DGS2,1.688
2020-09-24,CPIAUCSL,266.125
2020-09-24,VIXCLS,10.500
2020-09-25,DGS10,3.879
2020-09-25,DGS2,1.670
2020-09-25,CPIAUCSL,266.114
2020-09-25,VIXCLS,10.270
2020-09-28,DGS10,3.892
2020-09-28,DGS2,1.675
2020-09-28,CPIAUCSL,266.177
2020-09-28,VIXCLS,10.520
2020-09-29,DGS10,3.864
2020-09-29,DGS2,1.686
2020-09-29,CPIAUCSL,266.233
2020-09-29,VIXCLS,10.740
2020-09-30,DGS10,3.876
2020-09-30,DGS2,1.675
2020-09-30,CPIAUCSL,266.531
2020-09-30,VIXCLS,10.680
2020-10-01,DGS10,3.852
2020-10-01,DGS2,1.695
2020-10-01,CPIAUCSL,266.704
2020-10-01,VIXCLS,10.650
2020-10-02,DGS10,3.828
2020-10-02,DGS2,1.701
2020-10-02,CPIAUCSL,267.300
2020-10-02,VIXCLS,10.380
2020-10-05,DGS10,3.835
2020-10-05,DGS2,1.701
2020-10-05,CPIAUCSL,267.770
2020-10-05,VIXCLS,10.680
2020-10-06,DGS10,3.843
2020-10-06,DGS2,1.705
2020-10-06,CPIAUCSL,267.893
2020-10-06,VIXCLS,10.270
2020-10-07,DGS10,3.864
2020-10-07,DGS2,1.729
2020-10-07,CPIAUCSL,268.036
2020-10-07,VIXCLS,10.010
2020-10-08,DGS10,3.862
2020-10-08,DGS2,1.738
2020-10-08,CPIAUCSL,268.061
2020-10-08,VIXCLS,9.600
2020-10-09,DGS10,3.881
2020-10-09,DGS2,1.754
2020-10-09,CPIAUCSL,268.287
2020-10-09,VIXCLS,10.140
2020-10-12,DGS10,3.888
2020-10-12,DGS2,1.797
2020-10-12,CPIAUCSL,268.237
2020-10-12,VIXCLS,9.950
2020-10-13,DGS10,3.878
2020-10-13,DGS2,1.793
2020-10-13,CPIAUCSL,268.337
2020-10-13,VIXCLS,9.860
2020-10-14,DGS10,3.924
2020-10-14,DGS2,1.791
2020-10-14,CPIAUCSL,268.666
2020-10-14,VIXCLS,9.360
2020-10-15,DGS10,3.928
2020-10-15,DGS2,1.797
2020-10-15,CPIAUCSL,269.062
2020-10-15,VIXCLS,9.190
2020-10-16,DGS10,3.877
2020-10-16,DGS2,1.784
2020-10-16,CPIAUCSL,269.382
2020-10-16,VIXCLS,9.170
2020-10-19,DGS10,3.944
2020-10-19,DGS2,1.775
2020-10-19,CPIAUCSL,269.355
2020-10-19,VIXCLS,9.210
2020-10-20,DGS10,3.911
2020-10-20,DGS2,1.763
2020-10-20,CPIAUCSL,269.453
2020-10-20,VIXCLS,9.160
2020-10-21,DGS10,3.971
2020-10-21,DGS2,1.788
2020-10-21,CPIAUCSL,269.164
2020-10-21,VIXCLS,9.170
2020-10-22,DGS10,3.944
2020-10-22,DGS2,1.796
2020-10-22,CPIAUCSL,268.714
2020-10-22,VIXCLS,8.770
2020-10-23,DGS10,3.952
2020-10-23,DGS2,1.790
2020-10-23,CPIAUCSL,268.800
2020-10-23,VIXCLS,8.880
2020-10-26,DGS10,3.851
2020-10-26,DGS2,1.778
2020-10-26,CPIAUCSL,269.282
2020-10-26,VIXCLS,9.140
2020-10-27,DGS10,3.869
2020-10-27,DGS2,1.788
2020-10-27,CPIAUCSL,268.668
2020-10-27,VIXCLS,8.810
2020-10-28,DGS10,3.845
2020-10-28,DGS2,1.802
2020-10-28,CPIAUCSL,268.419
2020-10-28,VIXCLS,8.750
2020-10-29,DGS10,3.860
2020-10-29,DGS2,1.797
2020-10-29,CPIAUCSL,268.760
2020-10-29,VIXCLS,8.820
2020-10-30,DGS10,3.846
2020-10-30,DGS2,1.810
2020-10-30,CPIAUCSL,268.965
2020-10-30,VIXCLS,9.060
2020-11-02,DGS10,3.883
2020-11-02,DGS2,1.802
2020-11-02,CPIAUCSL,269.142
2020-11-02,VIXCLS,8.870
2020-11-03,DGS10,3.896
2020-11-03,DGS2,1.819
2020-11-03,CPIAUCSL,269.263
2020-11-03,VIXCLS,8.900
2020-11-04,DGS10,3.871
2020-11-04,DGS2,1.827
2020-11-04,CPIAUCSL,269.708
2020-11-04,VIXCLS,8.770
2020-11-05,DGS10,3.908
2020-11-05,DGS2,1.824
2020-11-05,CPIAUCSL,269.671
2020-11-05,VIXCLS,9.020
2020-11-06,DGS10,3.931
2020-11-06,DGS2,1.804
2020-11-06,CPIAUCSL,269.703
2020-11-06,VIXCLS,9.040
2020-11-09,DGS10,3.828
2020-11-09,DGS2,1.806
2020-11-09,CPIAUCSL,269.600
2020-11-09,VIXCLS,9.310
2020-11-10,DGS10,3.888
2020-11-10,DGS2,1.813
2020-11-10,CPIAUCSL,269.322
2020-11-10,VIXCLS,9.140
2020-11-11,DGS10,3.901
2020-11-11,DGS2,1.841
2020-11-11,CPIAUCSL,269.939
2020-11-11,VIXCLS,9.210
2020-11-12,DGS10,3.906
2020-11-12,DGS2,1.834
2020-11-12,CPIAUCSL,269.819
2020-11-12,VIXCLS,9.150
2020-11-13,DGS10,3.914
2020-11-13,DGS2,1.832
2020-11-13,CPIAUCSL,269.441
2020-11-13,VIXCLS,8.450
2020-11-16,DGS10,3.903
2020-11-16,DGS2,1.820
2020-11-16,CPIAUCSL,269.662
2020-11-16,VIXCLS,8.170
2020-11-17,DGS10,3.900
2020-11-17,DGS2,1.827
2020-11-17,CPIAUCSL,269.101
2020-11-17,VIXCLS,8.240
2020-11-18,DGS10,3.905
2020-11-18,DGS2,1.824
2020-11-18,CPIAUCSL,269.192
2020-11-18,VIXCLS,7.930
2020-11-19,DGS10,3.924
2020-11-19,DGS2,1.809
2020-11-19,CPIAUCSL,268.740
2020-11-19,VIXCLS,7.650
2020-11-20,DGS10,3.900
2020-11-20,DGS2,1.805
2020-11-20,CPIAUCSL,268.754
2020-11-20,VIXCLS,7.560
2020-11-23,DGS10,3.965
2020-11-23,DGS2,1.801
2020-11-23,CPIAUCSL,268.848
2020-11-23,VIXCLS,7.570
2020-11-24,DGS10,3.965
2020-11-24,DGS2,1.788
2020-11-24,CPIAUCSL,268.463
2020-11-24,VIXCLS,7.350
2020-11-25,DGS10,3.956
2020-11-25,DGS2,1.792
2020-11-25,CPIAUCSL,268.670
2020-11-25,VIXCLS,7.560
2020-11-26,DGS10,3.967
2020-11-26,DGS2,1.783
2020-11-26,CPIAUCSL,268.928
2020-11-26,VIXCLS,7.290
2020-11-27,DGS10,3.932
2020-11-27,DGS2,1.776
2020-11-27,CPIAUCSL,269.106
2020-11-27,VIXCLS,7.110
2020-11-30,DGS10,3.925
2020-11-30,DGS2,1.775
2020-11-30,CPIAUCSL,268.763
2020-11-30,VIXCLS,6.840
2020-12-01,DGS10,3.872
2020-12-01,DGS2,1.751
2020-12-01,CPIAUCSL,269.225
2020-12-01,VIXCLS,7.020
2020-12-02,DGS10,3.899
2020-12-02,DGS2,1.753
2020-12-02,CPIAUCSL,269.244
2020-12-02,VIXCLS,6.660
2020-12-03,DGS10,3.871
2020-12-03,DGS2,1.748
2020-12-03,CPIAUCSL,269.710
2020-12-03,VIXCLS,6.780
2020-12-04,DGS10,3.865
2020-12-04,DGS2,1.736
2020-12-04,CPIAUCSL,269.839
2020-12-04,VIXCLS,6.550
2020-12-07,DGS10,3.876
2020-12-07,DGS2,1.762
2020-12-07,CPIAUCSL,270.283
2020-12-07,VIXCLS,6.850
2020-12-08,DGS10,3.864
2020-12-08,DGS2,1.767
2020-12-08,CPIAUCSL,270.540
2020-12-08,VIXCLS,7.000
2020-12-09,DGS10,3.846
2020-12-09,DGS2,1.756
2020-12-09,CPIAUCSL,270.322
2020-12-09,VIXCLS,6.860
2020-12-10,DGS10,3.856
2020-12-10,DGS2,1.735
2020-12-10,CPIAUCSL,270.704
2020-12-10,VIXCLS,7.040
2020-12-11,DGS10,3.878
2020-12-11,DGS2,1.724
2020-12-11,CPIAUCSL,270.578
2020-12-11,VIXCLS,6.870
2020-12-14,DGS10,3.884
2020-12-14,DGS2,1.742
2020-12-14,CPIAUCSL,270.435
2020-12-14,VIXCLS,6.710
2020-12-15,DGS10,3.866
2020-12-15,DGS2,1.711
2020-12-15,CPIAUCSL,270.180
2020-12-15,VIXCLS,6.770
2020-12-16,DGS10,3.786
2020-12-16,DGS2,1.717
2020-12-16,CPIAUCSL,270.362
2020-12-16,VIXCLS,6.740
2020-12-17,DGS10,3.778
2020-12-17,DGS2,1.701
2020-12-17,CPIAUCSL,270.502
2020-12-17,VIXCLS,6.460
2020-12-18,DGS10,3.834
2020-12-18,DGS2,1.704
2020-12-18,CPIAUCSL,270.634
2020-12-18,VIXCLS,6.290
2020-12-21,DGS10,3.790
2020-12-21,DGS2,1.734
2020-12-21,CPIAUCSL,270.141
2020-12-21,VIXCLS,6.740
2020-12-22,DGS10,3.859
2020-12-22,DGS2,1.750
2020-12-22,CPIAUCSL,270.733
2020-12-22,VIXCLS,6.900
2020-12-23,DGS10,3.829
2020-12-23,DGS2,1.754
2020-12-23,CPIAUCSL,270.948
2020-12-23,VIXCLS,6.740
2020-12-24,DGS10,3.820
2020-12-24,DGS2,1.750
2020-12-24,CPIAUCSL,271.102
2020-12-24,VIXCLS,6.690
2020-12-25,DGS10,3.883
2020-12-25,DGS2,1.761
2020-12-25,CPIAUCSL,271.149
2020-12-25,VIXCLS,6.820
2020-12-28,DGS10,3.855
2020-12-28,DGS2,1.748
2020-12-28,CPIAUCSL,271.091
2020-12-28,VIXCLS,6.690
2020-12-29,DGS10,3.886
2020-12-29,DGS2,1.734
2020-12-29,CPIAUCSL,271.269
2020-12-29,VIXCLS,6.450
2020-12-30,DGS10,3.836
2020-12-30,DGS2,1.734
2020-12-30,CPIAUCSL,271.704
2020-12-30,VIXCLS,6.420
2020-12-31,DGS10,3.878
2020-12-31,DGS2,1.759
2020-12-31,CPIAUCSL,271.393
2020-12-31,VIXCLS,6.530
2021-01-01,DGS10,3.871
2021-01-01,DGS2,1.763
2021-01-01,CPIAUCSL,271.539
2021-01-01,VIXCLS,6.490
2021-01-04,DGS10,3.827
2021-01-04,DGS2,1.779
2021-01-04,CPIAUCSL,271.526
2021-01-04,VIXCLS,6.270
2021-01-05,DGS10,3.863
2021-01-05,DGS2,1.770
2021-01-05,CPIAUCSL,271.698
2021-01-05,VIXCLS,5.990
2021-01-06,DGS10,3.845
2021-01-06,DGS2,1.772
2021-01-06,CPIAUCSL,271.387
2021-01-06,VIXCLS,5.630
2021-01-07,DGS10,3.850
2021-01-07,DGS2,1.751
2021-01-07,CPIAUCSL,271.394
2021-01-07,VIXCLS,5.390
2021-01-08,DGS10,3.825
2021-01-08,DGS2,1.753
2021-01-08,CPIAUCSL,271.633
2021-01-08,VIXCLS,5.290
2021-01-11,DGS10,3.831
2021-01-11,DGS2,1.744
2021-01-11,CPIAUCSL,272.088
2021-01-11,VIXCLS,4.970
2021-01-12,DGS10,3.808
2021-01-12,DGS2,1.761
2021-01-12,CPIAUCSL,272.231
2021-01-12,VIXCLS,5.050
2021-01-13,DGS10,3.761
2021-01-13,DGS2,1.770
2021-01-13,CPIAUCSL,272.767
2021-01-13,VIXCLS,5.030
2021-01-14,DGS10,3.772
2021-01-14,DGS2,1.779
2021-01-14,CPIAUCSL,272.796
2021-01-14,VIXCLS,5.030
2021-01-15,DGS10,3.751
2021-01-15,DGS2,1.796
2021-01-15,CPIAUCSL,272.965
2021-01-15,VIXCLS,4.960
2021-01-18,DGS10,3.773
2021-01-18,DGS2,1.790
2021-01-18,CPIAUCSL,272.700
2021-01-18,VIXCLS,5.100
2021-01-19,DGS10,3.793
2021-01-19,DGS2,1.758
2021-01-19,CPIAUCSL,272.889
2021-01-19,VIXCLS,4.990
2021-01-20,DGS10,3.817
2021-01-20,DGS2,1.733
2021-01-20,CPIAUCSL,272.783
2021-01-20,VIXCLS,5.150
2021-01-21,DGS10,3.792
2021-01-21,DGS2,1.732
2021-01-21,CPIAUCSL,273.153
2021-01-21,VIXCLS,5.080
2021-01-22,DGS10,3.767
2021-01-22,DGS2,1.713
2021-01-22,CPIAUCSL,272.765
2021-01-22,VIXCLS,5.210
2021-01-25,DGS10,3.775
2021-01-25,DGS2,1.701
2021-01-25,CPIAUCSL,272.196
2021-01-25,VIXCLS,5.030
2021-01-26,DGS10,3.824
2021-01-26,DGS2,1.692
2021-01-26,CPIAUCSL,271.718
2021-01-26,VIXCLS,5.050
2021-01-27,DGS10,3.724
2021-01-27,DGS2,1.694
2021-01-27,CPIAUCSL,272.048
2021-01-27,VIXCLS,4.890
2021-01-28,DGS10,3.716
2021-01-28,DGS2,1.656
2021-01-28,CPIAUCSL,272.003
2021-01-28,VIXCLS,4.700
2021-01-29,DGS10,3.720
2021-01-29,DGS2,1.663
2021-01-29,CPIAUCSL,272.093
2021-01-29,VIXCLS,4.820
2021-02-01,DGS10,3.753
2021-02-01,DGS2,1.669
2021-02-01,CPIAUCSL,272.094
2021-02-01,VIXCLS,4.920
2021-02-02,DGS10,3.749
2021-02-02,DGS2,1.666
2021-02-02,CPIAUCSL,272.435
2021-02-02,VIXCLS,4.760
2021-02-03,DGS10,3.749
2021-02-03,DGS2,1.663
2021-02-03,CPIAUCSL,272.091
2021-02-03,VIXCLS,4.640
2021-02-04,DGS10,3.825
2021-02-04,DGS2,1.686
2021-02-04,CPIAUCSL,271.928
2021-02-04,VIXCLS,4.530
2021-02-05,DGS10,3.774
2021-02-05,DGS2,1.685
2021-02-05,CPIAUCSL,271.912
2021-02-05,VIXCLS,4.620
2021-02-08,DGS10,3.795
2021-02-08,DGS2,1.651
2021-02-08,CPIAUCSL,272.186
2021-02-08,VIXCLS,4.690
2021-02-09,DGS10,3.795
2021-02-09,DGS2,1.667
2021-02-09,CPIAUCSL,272.105
2021-02-09,VIXCLS,4.830
2021-02-10,DGS10,3.787
2021-02-10,DGS2,1.650
2021-02-10,CPIAUCSL,272.262
2021-02-10,VIXCLS,4.880
2021-02-11,DGS10,3.803
2021-02-11,DGS2,1.649
2021-02-11,CPIAUCSL,272.566
2021-02-11,VIXCLS,4.820
2021-02-12,DGS10,3.834
2021-02-12,DGS2,1.669
2021-02-12,CPIAUCSL,272.683
2021-02-12,VIXCLS,4.810
2021-02-15,DGS10,3.799
2021-02-15,DGS2,1.654
2021-02-15,CPIAUCSL,272.637
2021-02-15,VIXCLS,4.730
2021-02-16,DGS10,3.847
2021-02-16,DGS2,1.649
2021-02-16,CPIAUCSL,272.802
2021-02-16,VIXCLS,4.690
2021-02-17,DGS10,3.855
2021-02-17,DGS2,1.656
2021-02-17,CPIAUCSL,272.794
2021-02-17,VIXCLS,4.820
2021-02-18,DGS10,3.889
2021-02-18,DGS2,1.652
2021-02-18,CPIAUCSL,272.483
2021-02-18,VIXCLS,5.110
2021-02-19,DGS10,3.810
2021-02-19,DGS2,1.660
2021-02-19,CPIAUCSL,272.421
2021-02-19,VIXCLS,4.860
2021-02-22,DGS10,3.868
2021-02-22,DGS2,1.652
2021-02-22,CPIAUCSL,272.123
2021-02-22,VIXCLS,4.950
2021-02-23,DGS10,3.860
2021-02-23,DGS2,1.645
2021-02-23,CPIAUCSL,272.488
2021-02-23,VIXCLS,4.980
2021-02-24,DGS10,3.838
2021-02-24,DGS2,1.643
2021-02-24,CPIAUCSL,272.400
2021-02-24,VIXCLS,5.050
2021-02-25,DGS10,3.820
2021-02-25,DGS2,1.640
2021-02-25,CPIAUCSL,271.904
2021-02-25,VIXCLS,5.050
2021-02-26,DGS10,3.814
2021-02-26,DGS2,1.644
2021-02-26,CPIAUCSL,272.071
2021-02-26,VIXCLS,5.150
2021-03-01,DGS10,3.787
2021-03-01,DGS2,1.656
2021-03-01,CPIAUCSL,272.596
2021-03-01,VIXCLS,5.250
2021-03-02,DGS10,3.803
2021-03-02,DGS2,1.673
2021-03-02,CPIAUCSL,272.368
2021-03-02,VIXCLS,5.160
2021-03-03,DGS10,3.699
2021-03-03,DGS2,1.654
2021-03-03,CPIAUCSL,272.612
2021-03-03,VIXCLS,5.210
2021-03-04,DGS10,3.749
2021-03-04,DGS2,1.648
2021-03-04,CPIAUCSL,272.214
2021-03-04,VIXCLS,5.280
2021-03-05,DGS10,3.789
2021-03-05,DGS2,1.648
2021-03-05,CPIAUCSL,272.145
2021-03-05,VIXCLS,5.470
2021-03-08,DGS10,3.769
2021-03-08,DGS2,1.661
2021-03-08,CPIAUCSL,272.173
2021-03-08,VIXCLS,5.300
2021-03-09,DGS10,3.696
2021-03-09,DGS2,1.672
2021-03-09,CPIAUCSL,272.190
2021-03-09,VIXCLS,5.330
2021-03-10,DGS10,3.658
2021-03-10,DGS2,1.658
2021-03-10,CPIAUCSL,272.426
2021-03-10,VIXCLS,5.350
2021-03-11,DGS10,3.686
2021-03-11,DGS2,1.685
2021-03-11,CPIAUCSL,272.594
2021-03-11,VIXCLS,5.360
2021-03-12,DGS10,3.674
2021-03-12,DGS2,1.682
2021-03-12,CPIAUCSL,272.908
2021-03-12,VIXCLS,5.270
2021-03-15,DGS10,3.660
2021-03-15,DGS2,1.714
2021-03-15,CPIAUCSL,273.160
2021-03-15,VIXCLS,5.420
2021-03-16,DGS10,3.711
2021-03-16,DGS2,1.702
2021-03-16,CPIAUCSL,273.388
2021-03-16,VIXCLS,5.400
2021-03-17,DGS10,3.701
2021-03-17,DGS2,1.694
2021-03-17,CPIAUCSL,273.257
2021-03-17,VIXCLS,5.150
2021-03-18,DGS10,3.640
2021-03-18,DGS2,1.715
2021-03-18,CPIAUCSL,273.194
2021-03-18,VIXCLS,5.230
2021-03-19,DGS10,3.661
2021-03-19,DGS2,1.709
2021-03-19,CPIAUCSL,272.968
2021-03-19,VIXCLS,5.290
2021-03-22,DGS10,3.582
2021-03-22,DGS2,1.710
2021-03-22,CPIAUCSL,273.182
2021-03-22,VIXCLS,5.190
2021-03-23,DGS10,3.586
2021-03-23,DGS2,1.726
2021-03-23,CPIAUCSL,273.428
2021-03-23,VIXCLS,5.220
2021-03-24,DGS10,3.631
2021-03-24,DGS2,1.733
2021-03-24,CPIAUCSL,273.561
2021-03-24,VIXCLS,5.080
2021-03-25,DGS10,3.601
2021-03-25,DGS2,1.762
2021-03-25,CPIAUCSL,273.702
2021-03-25,VIXCLS,5.040
2021-03-26,DGS10,3.608
2021-03-26,DGS2,1.753
2021-03-26,CPIAUCSL,273.266
2021-03-26,VIXCLS,4.860
2021-03-29,DGS10,3.661
2021-03-29,DGS2,1.756
2021-03-29,CPIAUCSL,273.491
2021-03-29,VIXCLS,4.910
2021-03-30,DGS10,3.654
2021-03-30,DGS2,1.747
2021-03-30,CPIAUCSL,273.382
2021-03-30,VIXCLS,4.840
2021-03-31,DGS10,3.645
2021-03-31,DGS2,1.758
2021-03-31,CPIAUCSL,273.628
2021-03-31,VIXCLS,4.830
2021-04-01,DGS10,3.623
2021-04-01,DGS2,1.771
2021-04-01,CPIAUCSL,273.666
2021-04-01,VIXCLS,4.910
2021-04-02,DGS10,3.675
2021-04-02,DGS2,1.779
2021-04-02,CPIAUCSL,273.916
2021-04-02,VIXCLS,4.770
2021-04-05,DGS10,3.662
2021-04-05,DGS2,1.764
2021-04-05,CPIAUCSL,273.923
2021-04-05,VIXCLS,4.970
2021-04-06,DGS10,3.600
2021-04-06,DGS2,1.771
2021-04-06,CPIAUCSL,274.097
2021-04-06,VIXCLS,5.210
2021-04-07,DGS10,3.659
2021-04-07,DGS2,1.758
2021-04-07,CPIAUCSL,274.021
2021-04-07,VIXCLS,5.020
2021-04-08,DGS10,3.615
2021-04-08,DGS2,1.748
2021-04-08,CPIAUCSL,274.440
2021-04-08,VIXCLS,4.970
2021-04-09,DGS10,3.624
2021-04-09,DGS2,1.742
2021-04-09,CPIAUCSL,274.254
2021-04-09,VIXCLS,4.990
2021-04-12,DGS10,3.591
2021-04-12,DGS2,1.743
2021-04-12,CPIAUCSL,274.081
2021-04-12,VIXCLS,4.840
2021-04-13,DGS10,3.663
2021-04-13,DGS2,1.750
2021-04-13,CPIAUCSL,273.831
2021-04-13,VIXCLS,4.790
2021-04-14,DGS10,3.671
2021-04-14,DGS2,1.740
2021-04-14,CPIAUCSL,274.019
2021-04-14,VIXCLS,4.850
2021-04-15,DGS10,3.655
2021-04-15,DGS2,1.736
2021-04-15,CPIAUCSL,274.007
2021-04-15,VIXCLS,5.030
2021-04-16,DGS10,3.678
2021-04-16,DGS2,1.762
2021-04-16,CPIAUCSL,274.000
2021-04-16,VIXCLS,5.140
2021-04-19,DGS10,3.695
2021-04-19,DGS2,1.760
2021-04-19,CPIAUCSL,274.266
2021-04-19,VIXCLS,4.860
2021-04-20,DGS10,3.694
2021-04-20,DGS2,1.765
2021-04-20,CPIAUCSL,274.353
2021-04-20,VIXCLS,4.900
2021-04-21,DGS10,3.687
2021-04-21,DGS2,1.756
2021-04-21,CPIAUCSL,274.670
2021-04-21,VIXCLS,4.730
2021-04-22,DGS10,3.657
2021-04-22,DGS2,1.787
2021-04-22,CPIAUCSL,274.646
2021-04-22,VIXCLS,4.690
2021-04-23,DGS10,3.696
2021-04-23,DGS2,1.777
2021-04-23,CPIAUCSL,275.047
2021-04-23,VIXCLS,4.840
2021-04-26,DGS10,3.611
2021-04-26,DGS2,1.774
2021-04-26,CPIAUCSL,275.038
2021-04-26,VIXCLS,4.820
2021-04-27,DGS10,3.661
2021-04-27,DGS2,1.769
2021-04-27,CPIAUCSL,275.061
2021-04-27,VIXCLS,5.020
2021-04-28,DGS10,3.735
2021-04-28,DGS2,1.765
2021-04-28,CPIAUCSL,275.654
2021-04-28,VIXCLS,5.060
2021-04-29,DGS10,3.706
2021-04-29,DGS2,1.775
2021-04-29,CPIAUCSL,275.468
2021-04-29,VIXCLS,5.240
2021-04-30,DGS10,3.728
2021-04-30,DGS2,1.771
2021-04-30,CPIAUCSL,275.606
2021-04-30,VIXCLS,5.300
2021-05-03,DGS10,3.779
2021-05-03,DGS2,1.779
2021-05-03,CPIAUCSL,275.259
2021-05-03,VIXCLS,5.410
2021-05-04,DGS10,3.783
2021-05-04,DGS2,1.805
2021-05-04,CPIAUCSL,275.298
2021-05-04,VIXCLS,5.550
2021-05-05,DGS10,3.782
2021-05-05,DGS2,1.788
2021-05-05,CPIAUCSL,275.073
2021-05-05,VIXCLS,5.470
2021-05-06,DGS10,3.861
2021-05-06,DGS2,1.781
2021-05-06,CPIAUCSL,275.453
2021-05-06,VIXCLS,5.450
2021-05-07,DGS10,3.784
2021-05-07,DGS2,1.766
2021-05-07,CPIAUCSL,275.560
2021-05-07,VIXCLS,5.520
2021-05-10,DGS10,3.717
2021-05-10,DGS2,1.765
2021-05-10,CPIAUCSL,275.453
2021-05-10,VIXCLS,5.470
2021-05-11,DGS10,3.753
2021-05-11,DGS2,1.756
2021-05-11,CPIAUCSL,275.449
2021-05-11,VIXCLS,5.290
2021-05-12,DGS10,3.756
2021-05-12,DGS2,1.762
2021-05-12,CPIAUCSL,275.306
2021-05-12,VIXCLS,5.240
2021-05-13,DGS10,3.797
2021-05-13,DGS2,1.714
2021-05-13,CPIAUCSL,275.593
2021-05-13,VIXCLS,4.960
2021-05-14,DGS10,3.828
2021-05-14,DGS2,1.725
2021-05-14,CPIAUCSL,275.564
2021-05-14,VIXCLS,4.810
2021-05-17,DGS10,3.796
2021-05-17,DGS2,1.714
2021-05-17,CPIAUCSL,275.723
2021-05-17,VIXCLS,4.710
2021-05-18,DGS10,3.813
2021-05-18,DGS2,1.716
2021-05-18,CPIAUCSL,275.846
2021-05-18,VIXCLS,4.770
2021-05-19,DGS10,3.778
2021-05-19,DGS2,1.686
2021-05-19,CPIAUCSL,276.004
2021-05-19,VIXCLS,4.930
2021-05-20,DGS10,3.817
2021-05-20,DGS2,1.700
2021-05-20,CPIAUCSL,276.575
2021-05-20,VIXCLS,4.750
2021-05-21,DGS10,3.840
2021-05-21,DGS2,1.670
2021-05-21,CPIAUCSL,276.446
2021-05-21,VIXCLS,5.010
2021-05-24,DGS10,3.860
2021-05-24,DGS2,1.650
2021-05-24,CPIAUCSL,276.528
2021-05-24,VIXCLS,4.880
2021-05-25,DGS10,3.933
2021-05-25,DGS2,1.650
2021-05-25,CPIAUCSL,276.135
2021-05-25,VIXCLS,5.020
2021-05-26,DGS10,3.946
2021-05-26,DGS2,1.633
2021-05-26,CPIAUCSL,276.229
2021-05-26,VIXCLS,5.230
2021-05-27,DGS10,3.963
2021-05-27,DGS2,1.621
2021-05-27,CPIAUCSL,276.202
2021-05-27,VIXCLS,5.050
2021-05-28,DGS10,3.956
2021-05-28,DGS2,1.645
2021-05-28,CPIAUCSL,276.613
2021-05-28,VIXCLS,5.070
2021-05-31,DGS10,3.902
2021-05-31,DGS2,1.648
2021-05-31,CPIAUCSL,276.805
2021-05-31,VIXCLS,5.200
2021-06-01,DGS10,3.907
2021-06-01,DGS2,1.639
2021-06-01,CPIAUCSL,276.632
2021-06-01,VIXCLS,5.020
2021-06-02,DGS10,3.928
2021-06-02,DGS2,1.629
2021-06-02,CPIAUCSL,276.454
2021-06-02,VIXCLS,5.100
2021-06-03,DGS10,3.890
2021-06-03,DGS2,1.635
2021-06-03,CPIAUCSL,276.792
2021-06-03,VIXCLS,5.240
2021-06-04,DGS10,3.913
2021-06-04,DGS2,1.641
2021-06-04,CPIAUCSL,276.695
2021-06-04,VIXCLS,5.460
2021-06-07,DGS10,3.917
2021-06-07,DGS2,1.634
2021-06-07,CPIAUCSL,276.575
2021-06-07,VIXCLS,5.320
2021-06-08,DGS10,3.927
2021-06-08,DGS2,1.605
2021-06-08,CPIAUCSL,276.601
2021-06-08,VIXCLS,5.210
2021-06-09,DGS10,3.893
2021-06-09,DGS2,1.592
2021-06-09,CPIAUCSL,276.782
2021-06-09,VIXCLS,5.220
2021-06-10,DGS10,3.908
2021-06-10,DGS2,1.557
2021-06-10,CPIAUCSL,276.750
2021-06-10,VIXCLS,4.990
2021-06-11,DGS10,3.893
2021-06-11,DGS2,1.541
2021-06-11,CPIAUCSL,276.811
2021-06-11,VIXCLS,4.790
2021-06-14,DGS10,3.922
2021-06-14,DGS2,1.544
2021-06-14,CPIAUCSL,276.736
2021-06-14,VIXCLS,4.600
2021-06-15,DGS10,3.856
2021-06-15,DGS2,1.558
2021-06-15,CPIAUCSL,276.395
2021-06-15,VIXCLS,4.600
2021-06-16,DGS10,3.903
2021-06-16,DGS2,1.570
2021-06-16,CPIAUCSL,276.002
2021-06-16,VIXCLS,4.620
2021-06-17,DGS10,3.919
2021-06-17,DGS2,1.573
2021-06-17,CPIAUCSL,275.605
2021-06-17,VIXCLS,4.690
2021-06-18,DGS10,3.908
2021-06-18,DGS2,1.582
2021-06-18,CPIAUCSL,275.425
2021-06-18,VIXCLS,4.830
2021-06-21,DGS10,3.910
2021-06-21,DGS2,1.560
2021-06-21,CPIAUCSL,275.510
2021-06-21,VIXCLS,5.050
2021-06-22,DGS10,3.873
2021-06-22,DGS2,1.564
2021-06-22,CPIAUCSL,275.658
2021-06-22,VIXCLS,5.110
2021-06-23,DGS10,3.873
2021-06-23,DGS2,1.539
2021-06-23,CPIAUCSL,275.639
2021-06-23,VIXCLS,5.110
2021-06-24,DGS10,3.908
2021-06-24,DGS2,1.523
2021-06-24,CPIAUCSL,276.231
2021-06-24,VIXCLS,5.050
2021-06-25,DGS10,3.880
2021-06-25,DGS2,1.522
2021-06-25,CPIAUCSL,276.128
2021-06-25,VIXCLS,4.990
2021-06-28,DGS10,3.954
2021-06-28,DGS2,1.545
2021-06-28,CPIAUCSL,276.364
2021-06-28,VIXCLS,5.270
2021-06-29,DGS10,4.001
2021-06-29,DGS2,1.535
2021-06-29,CPIAUCSL,276.186
2021-06-29,VIXCLS,5.270
2021-06-30,DGS10,4.024
2021-06-30,DGS2,1.522
2021-06-30,CPIAUCSL,276.092
2021-06-30,VIXCLS,5.360
2021-07-01,DGS10,4.091
2021-07-01,DGS2,1.526
2021-07-01,CPIAUCSL,276.240
2021-07-01,VIXCLS,5.430
2021-07-02,DGS10,4.094
2021-07-02,DGS2,1.533
2021-07-02,CPIAUCSL,276.080
2021-07-02,VIXCLS,5.320
2021-07-05,DGS10,4.077
2021-07-05,DGS2,1.517
2021-07-05,CPIAUCSL,275.724
2021-07-05,VIXCLS,5.560
2021-07-06,DGS10,4.018
2021-07-06,DGS2,1.517
2021-07-06,CPIAUCSL,275.263
2021-07-06,VIXCLS,5.740
2021-07-07,DGS10,4.056
2021-07-07,DGS2,1.506
2021-07-07,CPIAUCSL,274.867
2021-07-07,VIXCLS,5.690
2021-07-08,DGS10,4.125
2021-07-08,DGS2,1.512
2021-07-08,CPIAUCSL,275.138
2021-07-08,VIXCLS,6.070
2021-07-09,DGS10,4.158
2021-07-09,DGS2,1.515
2021-07-09,CPIAUCSL,275.173
2021-07-09,VIXCLS,6.000
2021-07-12,DGS10,4.157
2021-07-12,DGS2,1.515
2021-07-12,CPIAUCSL,275.046
2021-07-12,VIXCLS,5.870
2021-07-13,DGS10,4.120
2021-07-13,DGS2,1.512
2021-07-13,CPIAUCSL,274.930
2021-07-13,VIXCLS,5.820
2021-07-14,DGS10,4.104
2021-07-14,DGS2,1.516
2021-07-14,CPIAUCSL,274.589
2021-07-14,VIXCLS,6.030
2021-07-15,DGS10,4.054
2021-07-15,DGS2,1.504
2021-07-15,CPIAUCSL,274.490
2021-07-15,VIXCLS,6.050
2021-07-16,DGS10,4.029
2021-07-16,DGS2,1.523
2021-07-16,CPIAUCSL,274.464
2021-07-16,VIXCLS,5.850
2021-07-19,DGS10,4.044
2021-07-19,DGS2,1.547
2021-07-19,CPIAUCSL,274.673
2021-07-19,VIXCLS,5.980
2021-07-20,DGS10,4.095
2021-07-20,DGS2,1.557
2021-07-20,CPIAUCSL,275.583
2021-07-20,VIXCLS,6.000
2021-07-21,DGS10,4.065
2021-07-21,DGS2,1.543
2021-07-21,CPIAUCSL,275.702
2021-07-21,VIXCLS,6.130
2021-07-22,DGS10,4.067
2021-07-22,DGS2,1.564
2021-07-22,CPIAUCSL,275.557
2021-07-22,VIXCLS,6.230
2021-07-23,DGS10,4.011
2021-07-23,DGS2,1.546
2021-07-23,CPIAUCSL,275.738
2021-07-23,VIXCLS,6.140
2021-07-26,DGS10,4.026
2021-07-26,DGS2,1.555
2021-07-26,CPIAUCSL,275.877
2021-07-26,VIXCLS,6.010
2021-07-27,DGS10,3.938
2021-07-27,DGS2,1.565
2021-07-27,CPIAUCSL,275.627
2021-07-27,VIXCLS,6.280
2021-07-28,DGS10,4.012
2021-07-28,DGS2,1.567
2021-07-28,CPIAUCSL,275.552
2021-07-28,VIXCLS,6.130
2021-07-29,DGS10,4.009
2021-07-29,DGS2,1.580
2021-07-29,CPIAUCSL,275.565
2021-07-29,VIXCLS,6.250
2021-07-30,DGS10,4.090
2021-07-30,DGS2,1.599
2021-07-30,CPIAUCSL,275.403
2021-07-30,VIXCLS,6.370
2021-08-02,DGS10,4.117
2021-08-02,DGS2,1.584
2021-08-02,CPIAUCSL,275.411
2021-08-02,VIXCLS,6.270
2021-08-03,DGS10,4.081
2021-08-03,DGS2,1.599
2021-08-03,CPIAUCSL,275.781
2021-08-03,VIXCLS,6.370
2021-08-04,DGS10,4.117
2021-08-04,DGS2,1.590
2021-08-04,CPIAUCSL,276.131
2021-08-04,VIXCLS,6.290
2021-08-05,DGS10,4.105
2021-08-05,DGS2,1.590
2021-08-05,CPIAUCSL,276.011
2021-08-05,VIXCLS,6.180
2021-08-06,DGS10,4.111
2021-08-06,DGS2,1.576
2021-08-06,CPIAUCSL,276.021
2021-08-06,VIXCLS,5.970
2021-08-09,DGS10,4.117
2021-08-09,DGS2,1.572
2021-08-09,CPIAUCSL,276.071
2021-08-09,VIXCLS,6.150
2021-08-10,DGS10,4.120
2021-08-10,DGS2,1.572
2021-08-10,CPIAUCSL,276.049
2021-08-10,VIXCLS,5.900
2021-08-11,DGS10,4.135
2021-08-11,DGS2,1.566
2021-08-11,CPIAUCSL,276.160
2021-08-11,VIXCLS,5.890
2021-08-12,DGS10,4.099
2021-08-12,DGS2,1.569
2021-08-12,CPIAUCSL,275.791
2021-08-12,VIXCLS,5.680
2021-08-13,DGS10,4.116
2021-08-13,DGS2,1.565
2021-08-13,CPIAUCSL,275.837
2021-08-13,VIXCLS,5.870
2021-08-16,DGS10,4.077
2021-08-16,DGS2,1.561
2021-08-16,CPIAUCSL,275.617
2021-08-16,VIXCLS,5.850
2021-08-17,DGS10,4.209
2021-08-17,DGS2,1.558
2021-08-17,CPIAUCSL,275.801
2021-08-17,VIXCLS,6.100
2021-08-18,DGS10,4.166
2021-08-18,DGS2,1.552
2021-08-18,CPIAUCSL,275.700
2021-08-18,VIXCLS,5.980
2021-08-19,DGS10,4.144
2021-08-19,DGS2,1.570
2021-08-19,CPIAUCSL,275.228
2021-08-19,VIXCLS,6.010
2021-08-20,DGS10,4.115
2021-08-20,DGS2,1.555
2021-08-20,CPIAUCSL,275.371
2021-08-20,VIXCLS,5.840
2021-08-23,DGS10,4.164
2021-08-23,DGS2,1.576
2021-08-23,CPIAUCSL,275.109
2021-08-23,VIXCLS,5.860
2021-08-24,DGS10,4.170
2021-08-24,DGS2,1.571
2021-08-24,CPIAUCSL,275.354
2021-08-24,VIXCLS,5.900
2021-08-25,DGS10,4.188
2021-08-25,DGS2,1.555
2021-08-25,CPIAUCSL,274.962
2021-08-25,VIXCLS,5.910
2021-08-26,DGS10,4.099
2021-08-26,DGS2,1.537
2021-08-26,CPIAUCSL,275.235
2021-08-26,VIXCLS,5.750
2021-08-27,DGS10,4.136
2021-08-27,DGS2,1.530
2021-08-27,CPIAUCSL,275.030
2021-08-27,VIXCLS,5.700
2021-08-30,DGS10,4.110
2021-08-30,DGS2,1.528
2021-08-30,CPIAUCSL,275.791
2021-08-30,VIXCLS,5.840
2021-08-31,DGS10,4.154
2021-08-31,DGS2,1.532
2021-08-31,CPIAUCSL,275.962
2021-08-31,VIXCLS,5.510
2021-09-01,DGS10,4.129
2021-09-01,DGS2,1.554
2021-09-01,CPIAUCSL,276.447
2021-09-01,VIXCLS,5.570
2021-09-02,DGS10,4.115
2021-09-02,DGS2,1.537
2021-09-02,CPIAUCSL,276.718
2021-09-02,VIXCLS,5.750
2021-09-03,DGS10,4.077
2021-09-03,DGS2,1.546
2021-09-03,CPIAUCSL,276.845
2021-09-03,VIXCLS,6.050
2021-09-06,DGS10,4.122
2021-09-06,DGS2,1.555
2021-09-06,CPIAUCSL,276.457
2021-09-06,VIXCLS,5.790
2021-09-07,DGS10,4.086
2021-09-07,DGS2,1.543
2021-09-07,CPIAUCSL,276.850
2021-09-07,VIXCLS,6.030
2021-09-08,DGS10,4.161
2021-09-08,DGS2,1.549
2021-09-08,CPIAUCSL,277.036
2021-09-08,VIXCLS,6.170
2021-09-09,DGS10,4.201
2021-09-09,DGS2,1.568
2021-09-09,CPIAUCSL,277.094
2021-09-09,VIXCLS,6.170
2021-09-10,DGS10,4.207
2021-09-10,DGS2,1.584
2021-09-10,CPIAUCSL,277.281
2021-09-10,VIXCLS,5.960
2021-09-13,DGS10,4.173
2021-09-13,DGS2,1.575
2021-09-13,CPIAUCSL,277.411
2021-09-13,VIXCLS,6.230
2021-09-14,DGS10,4.135
2021-09-14,DGS2,1.594
2021-09-14,CPIAUCSL,277.657
2021-09-14,VIXCLS,6.220
2021-09-15,DGS10,4.178
2021-09-15,DGS2,1.596
2021-09-15,CPIAUCSL,277.436
2021-09-15,VIXCLS,6.360
2021-09-16,DGS10,4.178
2021-09-16,DGS2,1.594
2021-09-16,CPIAUCSL,277.641
2021-09-16,VIXCLS,6.500
2021-09-17,DGS10,4.159
2021-09-17,DGS2,1.589
2021-09-17,CPIAUCSL,277.498
2021-09-17,VIXCLS,6.300
2021-09-20,DGS10,4.213
2021-09-20,DGS2,1.599
2021-09-20,CPIAUCSL,277.246
2021-09-20,VIXCLS,6.520
2021-09-21,DGS10,4.194
2021-09-21,DGS2,1.600
2021-09-21,CPIAUCSL,277.311
2021-09-21,VIXCLS,5.980
2021-09-22,DGS10,4.157
2021-09-22,DGS2,1.607
2021-09-22,CPIAUCSL,276.963
2021-09-22,VIXCLS,5.920
2021-09-23,DGS10,4.173
2021-09-23,DGS2,1.604
2021-09-23,CPIAUCSL,276.917
2021-09-23,VIXCLS,5.770
2021-09-24,DGS10,4.152
2021-09-24,DGS2,1.602
2021-09-24,CPIAUCSL,276.721
2021-09-24,VIXCLS,5.770
2021-09-27,DGS10,4.141
2021-09-27,DGS2,1.608
2021-09-27,CPIAUCSL,276.661
2021-09-27,VIXCLS,6.160
2021-09-28,DGS10,4.134
2021-09-28,DGS2,1.613
2021-09-28,CPIAUCSL,276.961
2021-09-28,VIXCLS,5.980
2021-09-29,DGS10,4.155
2021-09-29,DGS2,1.608
2021-09-29,CPIAUCSL,277.071
2021-09-29,VIXCLS,5.860
2021-09-30,DGS10,4.131
2021-09-30,DGS2,1.608
2021-09-30,CPIAUCSL,277.109
2021-09-30,VIXCLS,5.940
2021-10-01,DGS10,4.154
2021-10-01,DGS2,1.604
2021-10-01,CPIAUCSL,277.284
2021-10-01,VIXCLS,5.740
2021-10-04,DGS10,4.159
2021-10-04,DGS2,1.605
2021-10-04,CPIAUCSL,277.121
2021-10-04,VIXCLS,5.610
2021-10-05,DGS10,4.140
2021-10-05,DGS2,1.587
2021-10-05,CPIAUCSL,277.406
2021-10-05,VIXCLS,5.580
2021-10-06,DGS10,4.194
2021-10-06,DGS2,1.580
2021-10-06,CPIAUCSL,277.630
2021-10-06,VIXCLS,5.470
2021-10-07,DGS10,4.180
2021-10-07,DGS2,1.594
2021-10-07,CPIAUCSL,277.886
2021-10-07,VIXCLS,5.590
2021-10-08,DGS10,4.173
2021-10-08,DGS2,1.597
2021-10-08,CPIAUCSL,277.777
2021-10-08,VIXCLS,5.540
2021-10-11,DGS10,4.190
2021-10-11,DGS2,1.597
2021-10-11,CPIAUCSL,277.823
2021-10-11,VIXCLS,5.680
2021-10-12,DGS10,4.226
2021-10-12,DGS2,1.582
2021-10-12,CPIAUCSL,278.185
2021-10-12,VIXCLS,5.840
2021-10-13,DGS10,4.141
2021-10-13,DGS2,1.584
2021-10-13,CPIAUCSL,278.290
2021-10-13,VIXCLS,5.510
2021-10-14,DGS10,4.213
2021-10-14,DGS2,1.581
2021-10-14,CPIAUCSL,278.467
2021-10-14,VIXCLS,5.530
2021-10-15,DGS10,4.181
2021-10-15,DGS2,1.574
2021-10-15,CPIAUCSL,278.317
2021-10-15,VIXCLS,5.430
2021-10-18,DGS10,4.211
2021-10-18,DGS2,1.593
2021-10-18,CPIAUCSL,278.161
2021-10-18,VIXCLS,5.590
2021-10-19,DGS10,4.234
2021-10-19,DGS2,1.569
2021-10-19,CPIAUCSL,278.047
2021-10-19,VIXCLS,5.640
2021-10-20,DGS10,4.232
2021-10-20,DGS2,1.571
2021-10-20,CPIAUCSL,277.731
2021-10-20,VIXCLS,5.610
2021-10-21,DGS10,4.212
2021-10-21,DGS2,1.585
2021-10-21,CPIAUCSL,277.882
2021-10-21,VIXCLS,5.620
2021-10-22,DGS10,4.121
2021-10-22,DGS2,1.599
2021-10-22,CPIAUCSL,277.976
2021-10-22,VIXCLS,5.750
2021-10-25,DGS10,4.149
2021-10-25,DGS2,1.606
2021-10-25,CPIAUCSL,277.894
2021-10-25,VIXCLS,6.030
2021-10-26,DGS10,4.183
2021-10-26,DGS2,1.609
2021-10-26,CPIAUCSL,278.311
2021-10-26,VIXCLS,6.170
2021-10-27,DGS10,4.198
2021-10-27,DGS2,1.607
2021-10-27,CPIAUCSL,277.911
2021-10-27,VIXCLS,6.280
2021-10-28,DGS10,4.173
2021-10-28,DGS2,1.611
2021-10-28,CPIAUCSL,278.383
2021-10-28,VIXCLS,6.260
2021-10-29,DGS10,4.222
2021-10-29,DGS2,1.612
2021-10-29,CPIAUCSL,278.608
2021-10-29,VIXCLS,6.400
2021-11-01,DGS10,4.223
2021-11-01,DGS2,1.611
2021-11-01,CPIAUCSL,278.629
2021-11-01,VIXCLS,6.260
2021-11-02,DGS10,4.255
2021-11-02,DGS2,1.612
2021-11-02,CPIAUCSL,278.845
2021-11-02,VIXCLS,6.620
2021-11-03,DGS10,4.293
2021-11-03,DGS2,1.627
2021-11-03,CPIAUCSL,279.401
2021-11-03,VIXCLS,6.340
2021-11-04,DGS10,4.270
2021-11-04,DGS2,1.627
2021-11-04,CPIAUCSL,279.417
2021-11-04,VIXCLS,6.380
2021-11-05,DGS10,4.284
2021-11-05,DGS2,1.618
2021-11-05,CPIAUCSL,280.067
2021-11-05,VIXCLS,6.310
2021-11-08,DGS10,4.294
2021-11-08,DGS2,1.604
2021-11-08,CPIAUCSL,279.900
2021-11-08,VIXCLS,6.030
2021-11-09,DGS10,4.292
2021-11-09,DGS2,1.607
2021-11-09,CPIAUCSL,279.254
2021-11-09,VIXCLS,5.770
2021-11-10,DGS10,4.310
2021-11-10,DGS2,1.583
2021-11-10,CPIAUCSL,279.090
2021-11-10,VIXCLS,5.580
2021-11-11,DGS10,4.329
2021-11-11,DGS2,1.597
2021-11-11,CPIAUCSL,279.682
2021-11-11,VIXCLS,5.610
2021-11-12,DGS10,4.382
2021-11-12,DGS2,1.587
2021-11-12,CPIAUCSL,280.092
2021-11-12,VIXCLS,5.700
2021-11-15,DGS10,4.348
2021-11-15,DGS2,1.592
2021-11-15,CPIAUCSL,280.054
2021-11-15,VIXCLS,5.900
2021-11-16,DGS10,4.310
2021-11-16,DGS2,1.610
2021-11-16,CPIAUCSL,279.671
2021-11-16,VIXCLS,5.790
2021-11-17,DGS10,4.353
2021-11-17,DGS2,1.619
2021-11-17,CPIAUCSL,279.725
2021-11-17,VIXCLS,5.940
2021-11-18,DGS10,4.309
2021-11-18,DGS2,1.638
2021-11-18,CPIAUCSL,279.796
2021-11-18,VIXCLS,5.930
2021-11-19,DGS10,4.306
2021-11-19,DGS2,1.671
2021-11-19,CPIAUCSL,279.813
2021-11-19,VIXCLS,5.980
2021-11-22,DGS10,4.299
2021-11-22,DGS2,1.683
2021-11-22,CPIAUCSL,279.218
2021-11-22,VIXCLS,6.110
2021-11-23,DGS10,4.345
2021-11-23,DGS2,1.667
2021-11-23,CPIAUCSL,279.096
2021-11-23,VIXCLS,6.010
2021-11-24,DGS10,4.353
2021-11-24,DGS2,1.688
2021-11-24,CPIAUCSL,279.227
2021-11-24,VIXCLS,5.980
2021-11-25,DGS10,4.357
2021-11-25,DGS2,1.694
2021-11-25,CPIAUCSL,279.455
2021-11-25,VIXCLS,6.060
2021-11-26,DGS10,4.349
2021-11-26,DGS2,1.711
2021-11-26,CPIAUCSL,279.165
2021-11-26,VIXCLS,6.090
2021-11-29,DGS10,4.358
2021-11-29,DGS2,1.727
2021-11-29,CPIAUCSL,278.945
2021-11-29,VIXCLS,6.010
2021-11-30,DGS10,4.329
2021-11-30,DGS2,1.713
2021-11-30,CPIAUCSL,278.954
2021-11-30,VIXCLS,6.250
2021-12-01,DGS10,4.318
2021-12-01,DGS2,1.731
2021-12-01,CPIAUCSL,279.258
2021-12-01,VIXCLS,6.250
2021-12-02,DGS10,4.334
2021-12-02,DGS2,1.718
2021-12-02,CPIAUCSL,279.663
2021-12-02,VIXCLS,6.120
2021-12-03,DGS10,4.292
2021-12-03,DGS2,1.714
2021-12-03,CPIAUCSL,279.503
2021-12-03,VIXCLS,6.400
2021-12-06,DGS10,4.334
2021-12-06,DGS2,1.694
2021-12-06,CPIAUCSL,279.449
2021-12-06,VIXCLS,6.570
2021-12-07,DGS10,4.338
2021-12-07,DGS2,1.714
2021-12-07,CPIAUCSL,279.647
2021-12-07,VIXCLS,6.730
2021-12-08,DGS10,4.337
2021-12-08,DGS2,1.711
2021-12-08,CPIAUCSL,279.805
2021-12-08,VIXCLS,6.920
2021-12-09,DGS10,4.357
2021-12-09,DGS2,1.715
2021-12-09,CPIAUCSL,279.673
2021-12-09,VIXCLS,6.780
2021-12-10,DGS10,4.405
2021-12-10,DGS2,1.689
2021-12-10,CPIAUCSL,279.285
2021-12-10,VIXCLS,6.830
2021-12-13,DGS10,4.387
2021-12-13,DGS2,1.677
2021-12-13,CPIAUCSL,279.164
2021-12-13,VIXCLS,6.830
2021-12-14,DGS10,4.369
2021-12-14,DGS2,1.686
2021-12-14,CPIAUCSL,279.021
2021-12-14,VIXCLS,6.790
2021-12-15,DGS10,4.383
2021-12-15,DGS2,1.702
2021-12-15,CPIAUCSL,279.384
2021-12-15,VIXCLS,6.770
2021-12-16,DGS10,4.350
2021-12-16,DGS2,1.700
2021-12-16,CPIAUCSL,279.289
2021-12-16,VIXCLS,6.860
2021-12-17,DGS10,4.357
2021-12-17,DGS2,1.687
2021-12-17,CPIAUCSL,278.982
2021-12-17,VIXCLS,6.690
2021-12-20,DGS10,4.328
2021-12-20,DGS2,1.684
2021-12-20,CPIAUCSL,279.221
2021-12-20,VIXCLS,6.480
2021-12-21,DGS10,4.355
2021-12-21,DGS2,1.684
2021-12-21,CPIAUCSL,279.511
2021-12-21,VIXCLS,6.470
2021-12-22,DGS10,4.346
2021-12-22,DGS2,1.687
2021-12-22,CPIAUCSL,279.966
2021-12-22,VIXCLS,6.050
2021-12-23,DGS10,4.351
2021-12-23,DGS2,1.685
2021-12-23,CPIAUCSL,280.029
2021-12-23,VIXCLS,6.380
2021-12-24,DGS10,4.415
2021-12-24,DGS2,1.702
2021-12-24,CPIAUCSL,279.927
2021-12-24,VIXCLS,6.380
2021-12-27,DGS10,4.378
2021-12-27,DGS2,1.690
2021-12-27,CPIAUCSL,279.892
2021-12-27,VIXCLS,6.600
2021-12-28,DGS10,4.411
2021-12-28,DGS2,1.697
2021-12-28,CPIAUCSL,279.396
2021-12-28,VIXCLS,6.200
2021-12-29,DGS10,4.411
2021-12-29,DGS2,1.701
2021-12-29,CPIAUCSL,279.438
2021-12-29,VIXCLS,6.180
2021-12-30,DGS10,4.375
2021-12-30,DGS2,1.713
2021-12-30,CPIAUCSL,279.123
2021-12-30,VIXCLS,6.030
2021-12-31,DGS10,4.433
2021-12-31,DGS2,1.694
2021-12-31,CPIAUCSL,279.072
2021-12-31,VIXCLS,6.140
2022-01-03,DGS10,4.430
2022-01-03,DGS2,1.690
2022-01-03,CPIAUCSL,279.012
2022-01-03,VIXCLS,6.080
2022-01-04,DGS10,4.387
2022-01-04,DGS2,1.694
2022-01-04,CPIAUCSL,278.540
2022-01-04,VIXCLS,6.380
2022-01-05,DGS10,4.437
2022-01-05,DGS2,1.706
2022-01-05,CPIAUCSL,278.745
2022-01-05,VIXCLS,6.460
2022-01-06,DGS10,4.531
2022-01-06,DGS2,1.707
2022-01-06,CPIAUCSL,278.516
2022-01-06,VIXCLS,6.180
2022-01-07,DGS10,4.452
2022-01-07,DGS2,1.719
2022-01-07,CPIAUCSL,278.643
2022-01-07,VIXCLS,6.250
2022-01-10,DGS10,4.399
2022-01-10,DGS2,1.718
2022-01-10,CPIAUCSL,278.575
2022-01-10,VIXCLS,5.910
2022-01-11,DGS10,4.456
2022-01-11,DGS2,1.713
2022-01-11,CPIAUCSL,278.804
2022-01-11,VIXCLS,5.830
2022-01-12,DGS10,4.458
2022-01-12,DGS2,1.694
2022-01-12,CPIAUCSL,278.606
2022-01-12,VIXCLS,6.050
2022-01-13,DGS10,4.482
2022-01-13,DGS2,1.708
2022-01-13,CPIAUCSL,279.038
2022-01-13,VIXCLS,6.120
2022-01-14,DGS10,4.469
2022-01-14,DGS2,1.753
2022-01-14,CPIAUCSL,278.997
2022-01-14,VIXCLS,6.110
2022-01-17,DGS10,4.462
2022-01-17,DGS2,1.730
2022-01-17,CPIAUCSL,279.306
2022-01-17,VIXCLS,6.190
2022-01-18,DGS10,4.531
2022-01-18,DGS2,1.724
2022-01-18,CPIAUCSL,279.730
2022-01-18,VIXCLS,6.540
2022-01-19,DGS10,4.561
2022-01-19,DGS2,1.710
2022-01-19,CPIAUCSL,279.525
2022-01-19,VIXCLS,6.440
2022-01-20,DGS10,4.513
2022-01-20,DGS2,1.713
2022-01-20,CPIAUCSL,279.789
2022-01-20,VIXCLS,6.610
2022-01-21,DGS10,4.457
2022-01-21,DGS2,1.740
2022-01-21,CPIAUCSL,279.550
2022-01-21,VIXCLS,6.930
2022-01-24,DGS10,4.437
2022-01-24,DGS2,1.735
2022-01-24,CPIAUCSL,279.505
2022-01-24,VIXCLS,7.120
2022-01-25,DGS10,4.445
2022-01-25,DGS2,1.752
2022-01-25,CPIAUCSL,279.635
2022-01-25,VIXCLS,7.520
2022-01-26,DGS10,4.461
2022-01-26,DGS2,1.753
2022-01-26,CPIAUCSL,279.742
2022-01-26,VIXCLS,7.790
2022-01-27,DGS10,4.399
2022-01-27,DGS2,1.738
2022-01-27,CPIAUCSL,279.674
2022-01-27,VIXCLS,7.950
2022-01-28,DGS10,4.353
2022-01-28,DGS2,1.725
2022-01-28,CPIAUCSL,279.369
2022-01-28,VIXCLS,7.770
2022-01-31,DGS10,4.396
2022-01-31,DGS2,1.739
2022-01-31,CPIAUCSL,279.408
2022-01-31,VIXCLS,7.440
2022-02-01,DGS10,4.434
2022-02-01,DGS2,1.735
2022-02-01,CPIAUCSL,279.173
2022-02-01,VIXCLS,7.690
2022-02-02,DGS10,4.465
2022-02-02,DGS2,1.755
2022-02-02,CPIAUCSL,279.554
2022-02-02,VIXCLS,7.670
2022-02-03,DGS10,4.406
2022-02-03,DGS2,1.761
2022-02-03,CPIAUCSL,279.351
2022-02-03,VIXCLS,7.420
2022-02-04,DGS10,4.449
2022-02-04,DGS2,1.766
2022-02-04,CPIAUCSL,279.288
2022-02-04,VIXCLS,7.290
2022-02-07,DGS10,4.403
2022-02-07,DGS2,1.750
2022-02-07,CPIAUCSL,279.323
2022-02-07,VIXCLS,6.830
2022-02-08,DGS10,4.355
2022-02-08,DGS2,1.745
2022-02-08,CPIAUCSL,278.717
2022-02-08,VIXCLS,6.920
2022-02-09,DGS10,4.369
2022-02-09,DGS2,1.719
2022-02-09,CPIAUCSL,278.557
2022-02-09,VIXCLS,6.680
2022-02-10,DGS10,4.345
2022-02-10,DGS2,1.726
2022-02-10,CPIAUCSL,278.803
2022-02-10,VIXCLS,6.630
2022-02-11,DGS10,4.407
2022-02-11,DGS2,1.724
2022-02-11,CPIAUCSL,279.168
2022-02-11,VIXCLS,6.430
2022-02-14,DGS10,4.384
2022-02-14,DGS2,1.744
2022-02-14,CPIAUCSL,279.298
2022-02-14,VIXCLS,6.450
2022-02-15,DGS10,4.367
2022-02-15,DGS2,1.736
2022-02-15,CPIAUCSL,279.390
2022-02-15,VIXCLS,6.180
2022-02-16,DGS10,4.412
2022-02-16,DGS2,1.740
2022-02-16,CPIAUCSL,279.412
2022-02-16,VIXCLS,6.220
2022-02-17,DGS10,4.356
2022-02-17,DGS2,1.733
2022-02-17,CPIAUCSL,279.309
2022-02-17,VIXCLS,6.380
2022-02-18,DGS10,4.345
2022-02-18,DGS2,1.746
2022-02-18,CPIAUCSL,279.742
2022-02-18,VIXCLS,6.520
2022-02-21,DGS10,4.361
2022-02-21,DGS2,1.729
2022-02-21,CPIAUCSL,280.136
2022-02-21,VIXCLS,6.610
2022-02-22,DGS10,4.348
2022-02-22,DGS2,1.730
2022-02-22,CPIAUCSL,279.918
2022-02-22,VIXCLS,6.480
2022-02-23,DGS10,4.367
2022-02-23,DGS2,1.724
2022-02-23,CPIAUCSL,279.934
2022-02-23,VIXCLS,6.620
2022-02-24,DGS10,4.408
2022-02-24,DGS2,1.693
2022-02-24,CPIAUCSL,280.226
2022-02-24,VIXCLS,6.720
2022-02-25,DGS10,4.386
2022-02-25,DGS2,1.681
2022-02-25,CPIAUCSL,280.329
2022-02-25,VIXCLS,6.880
2022-02-28,DGS10,4.409
2022-02-28,DGS2,1.699
2022-02-28,CPIAUCSL,280.446
2022-02-28,VIXCLS,7.070
2022-03-01,DGS10,4.384
2022-03-01,DGS2,1.714
2022-03-01,CPIAUCSL,280.706
2022-03-01,VIXCLS,6.690
2022-03-02,DGS10,4.445
2022-03-02,DGS2,1.712
2022-03-02,CPIAUCSL,280.848
2022-03-02,VIXCLS,6.630
2022-03-03,DGS10,4.341
2022-03-03,DGS2,1.732
2022-03-03,CPIAUCSL,280.634
2022-03-03,VIXCLS,6.200
2022-03-04,DGS10,4.322
2022-03-04,DGS2,1.739
2022-03-04,CPIAUCSL,280.829
2022-03-04,VIXCLS,6.290
2022-03-07,DGS10,4.324
2022-03-07,DGS2,1.749
2022-03-07,CPIAUCSL,281.037
2022-03-07,VIXCLS,6.410
2022-03-08,DGS10,4.352
2022-03-08,DGS2,1.749
2022-03-08,CPIAUCSL,281.132
2022-03-08,VIXCLS,6.590
2022-03-09,DGS10,4.304
2022-03-09,DGS2,1.738
2022-03-09,CPIAUCSL,281.134
2022-03-09,VIXCLS,6.410
2022-03-10,DGS10,4.376
2022-03-10,DGS2,1.737
2022-03-10,CPIAUCSL,281.119
2022-03-10,VIXCLS,6.330
2022-03-11,DGS10,4.349
2022-03-11,DGS2,1.757
2022-03-11,CPIAUCSL,280.828
2022-03-11,VIXCLS,6.410
2022-03-14,DGS10,4.311
2022-03-14,DGS2,1.753
2022-03-14,CPIAUCSL,280.606
2022-03-14,VIXCLS,6.050
2022-03-15,DGS10,4.331
2022-03-15,DGS2,1.716
2022-03-15,CPIAUCSL,280.440
2022-03-15,VIXCLS,6.150
2022-03-16,DGS10,4.364
2022-03-16,DGS2,1.721
2022-03-16,CPIAUCSL,281.043
2022-03-16,VIXCLS,6.250
2022-03-17,DGS10,4.333
2022-03-17,DGS2,1.713
2022-03-17,CPIAUCSL,281.258
2022-03-17,VIXCLS,6.080
2022-03-18,DGS10,4.366
2022-03-18,DGS2,1.678
2022-03-18,CPIAUCSL,281.217
2022-03-18,VIXCLS,6.250
2022-03-21,DGS10,4.336
2022-03-21,DGS2,1.674
2022-03-21,CPIAUCSL,281.505
2022-03-21,VIXCLS,6.300
2022-03-22,DGS10,4.390
2022-03-22,DGS2,1.670
2022-03-22,CPIAUCSL,281.784
2022-03-22,VIXCLS,6.190
2022-03-23,DGS10,4.390
2022-03-23,DGS2,1.669
2022-03-23,CPIAUCSL,281.773
2022-03-23,VIXCLS,6.120
2022-03-24,DGS10,4.384
2022-03-24,DGS2,1.675
2022-03-24,CPIAUCSL,282.057
2022-03-24,VIXCLS,6.270
2022-03-25,DGS10,4.414
2022-03-25,DGS2,1.671
2022-03-25,CPIAUCSL,281.987
2022-03-25,VIXCLS,6.500
2022-03-28,DGS10,4.354
2022-03-28,DGS2,1.672
2022-03-28,CPIAUCSL,281.557
2022-03-28,VIXCLS,6.530
2022-03-29,DGS10,4.389
2022-03-29,DGS2,1.660
2022-03-29,CPIAUCSL,281.534
2022-03-29,VIXCLS,6.530
2022-03-30,DGS10,4.374
2022-03-30,DGS2,1.644
2022-03-30,CPIAUCSL,281.767
2022-03-30,VIXCLS,6.820
2022-03-31,DGS10,4.309
2022-03-31,DGS2,1.644
2022-03-31,CPIAUCSL,282.323
2022-03-31,VIXCLS,7.470
2022-04-01,DGS10,4.393
2022-04-01,DGS2,1.637
2022-04-01,CPIAUCSL,281.865
2022-04-01,VIXCLS,7.220
2022-04-04,DGS10,4.403
2022-04-04,DGS2,1.629
2022-04-04,CPIAUCSL,281.386
2022-04-04,VIXCLS,7.240
2022-04-05,DGS10,4.362
2022-04-05,DGS2,1.617
2022-04-05,CPIAUCSL,281.024
2022-04-05,VIXCLS,7.040
2022-04-06,DGS10,4.340
2022-04-06,DGS2,1.616
2022-04-06,CPIAUCSL,280.909
2022-04-06,VIXCLS,6.930
2022-04-07,DGS10,4.367
2022-04-07,DGS2,1.597
2022-04-07,CPIAUCSL,281.179
2022-04-07,VIXCLS,6.800
2022-04-08,DGS10,4.354
2022-04-08,DGS2,1.588
2022-04-08,CPIAUCSL,281.783
2022-04-08,VIXCLS,6.690
2022-04-11,DGS10,4.387
2022-04-11,DGS2,1.576
2022-04-11,CPIAUCSL,282.221
2022-04-11,VIXCLS,6.650
2022-04-12,DGS10,4.342
2022-04-12,DGS2,1.594
2022-04-12,CPIAUCSL,281.785
2022-04-12,VIXCLS,6.620
2022-04-13,DGS10,4.363
2022-04-13,DGS2,1.600
2022-04-13,CPIAUCSL,281.532
2022-04-13,VIXCLS,6.570
2022-04-14,DGS10,4.408
2022-04-14,DGS2,1.601
2022-04-14,CPIAUCSL,281.831
2022-04-14,VIXCLS,6.480
2022-04-15,DGS10,4.337
2022-04-15,DGS2,1.623
2022-04-15,CPIAUCSL,281.821
2022-04-15,VIXCLS,6.720
2022-04-18,DGS10,4.325
2022-04-18,DGS2,1.604
2022-04-18,CPIAUCSL,281.984
2022-04-18,VIXCLS,6.820
2022-04-19,DGS10,4.338
2022-04-19,DGS2,1.609
2022-04-19,CPIAUCSL,281.853
2022-04-19,VIXCLS,6.850
2022-04-20,DGS10,4.288
2022-04-20,DGS2,1.624
2022-04-20,CPIAUCSL,282.258
2022-04-20,VIXCLS,6.980
2022-04-21,DGS10,4.292
2022-04-21,DGS2,1.621
2022-04-21,CPIAUCSL,282.065
2022-04-21,VIXCLS,6.780
2022-04-22,DGS10,4.297
2022-04-22,DGS2,1.616
2022-04-22,CPIAUCSL,282.041
2022-04-22,VIXCLS,6.730
2022-04-25,DGS10,4.289
2022-04-25,DGS2,1.610
2022-04-25,CPIAUCSL,281.829
2022-04-25,VIXCLS,7.070
2022-04-26,DGS10,4.339
2022-04-26,DGS2,1.614
2022-04-26,CPIAUCSL,282.206
2022-04-26,VIXCLS,6.970
2022-04-27,DGS10,4.322
2022-04-27,DGS2,1.617
2022-04-27,CPIAUCSL,282.066
2022-04-27,VIXCLS,6.930
2022-04-28,DGS10,4.280
2022-04-28,DGS2,1.611
2022-04-28,CPIAUCSL,282.270
2022-04-28,VIXCLS,6.780
2022-04-29,DGS10,4.261
2022-04-29,DGS2,1.626
2022-04-29,CPIAUCSL,282.660
2022-04-29,VIXCLS,6.870
2022-05-02,DGS10,4.342
2022-05-02,DGS2,1.641
2022-05-02,CPIAUCSL,282.756
2022-05-02,VIXCLS,6.980
2022-05-03,DGS10,4.366
2022-05-03,DGS2,1.650
2022-05-03,CPIAUCSL,282.313
2022-05-03,VIXCLS,6.700
2022-05-04,DGS10,4.405
2022-05-04,DGS2,1.627
2022-05-04,CPIAUCSL,282.743
2022-05-04,VIXCLS,6.940
2022-05-05,DGS10,4.450
2022-05-05,DGS2,1.627
2022-05-05,CPIAUCSL,282.939
2022-05-05,VIXCLS,7.180
2022-05-06,DGS10,4.478
2022-05-06,DGS2,1.625
2022-05-06,CPIAUCSL,283.335
2022-05-06,VIXCLS,7.420
2022-05-09,DGS10,4.554
2022-05-09,DGS2,1.610
2022-05-09,CPIAUCSL,283.213
2022-05-09,VIXCLS,7.390
2022-05-10,DGS10,4.571
2022-05-10,DGS2,1.615
2022-05-10,CPIAUCSL,283.370
2022-05-10,VIXCLS,7.180
2022-05-11,DGS10,4.581
2022-05-11,DGS2,1.600
2022-05-11,CPIAUCSL,284.092
2022-05-11,VIXCLS,7.240
2022-05-12,DGS10,4.638
2022-05-12,DGS2,1.611
2022-05-12,CPIAUCSL,283.438
2022-05-12,VIXCLS,7.140
2022-05-13,DGS10,4.641
2022-05-13,DGS2,1.623
2022-05-13,CPIAUCSL,283.682
2022-05-13,VIXCLS,7.260
2022-05-16,DGS10,4.625
2022-05-16,DGS2,1.621
2022-05-16,CPIAUCSL,283.712
2022-05-16,VIXCLS,7.620
2022-05-17,DGS10,4.630
2022-05-17,DGS2,1.642
2022-05-17,CPIAUCSL,284.417
2022-05-17,VIXCLS,7.690
2022-05-18,DGS10,4.602
2022-05-18,DGS2,1.626
2022-05-18,CPIAUCSL,284.898
2022-05-18,VIXCLS,7.670
2022-05-19,DGS10,4.658
2022-05-19,DGS2,1.647
2022-05-19,CPIAUCSL,284.642
2022-05-19,VIXCLS,7.690
2022-05-20,DGS10,4.578
2022-05-20,DGS2,1.650
2022-05-20,CPIAUCSL,284.659
2022-05-20,VIXCLS,8.030
2022-05-23,DGS10,4.588
2022-05-23,DGS2,1.648
2022-05-23,CPIAUCSL,284.514
2022-05-23,VIXCLS,7.880
2022-05-24,DGS10,4.586
2022-05-24,DGS2,1.645
2022-05-24,CPIAUCSL,284.241
2022-05-24,VIXCLS,7.850
2022-05-25,DGS10,4.522
2022-05-25,DGS2,1.667
2022-05-25,CPIAUCSL,283.846
2022-05-25,VIXCLS,7.880
2022-05-26,DGS10,4.618
2022-05-26,DGS2,1.668
2022-05-26,CPIAUCSL,283.684
2022-05-26,VIXCLS,7.840
2022-05-27,DGS10,4.634
2022-05-27,DGS2,1.664
2022-05-27,CPIAUCSL,283.976
2022-05-27,VIXCLS,7.860
2022-05-30,DGS10,4.588
2022-05-30,DGS2,1.695
2022-05-30,CPIAUCSL,283.600
2022-05-30,VIXCLS,7.870
2022-05-31,DGS10,4.630
2022-05-31,DGS2,1.697
2022-05-31,CPIAUCSL,283.969
2022-05-31,VIXCLS,8.000
2022-06-01,DGS10,4.677
2022-06-01,DGS2,1.728
2022-06-01,CPIAUCSL,283.349
2022-06-01,VIXCLS,7.970
2022-06-02,DGS10,4.686
2022-06-02,DGS2,1.726
2022-06-02,CPIAUCSL,283.058
2022-06-02,VIXCLS,7.840
2022-06-03,DGS10,4.694
2022-06-03,DGS2,1.734
2022-06-03,CPIAUCSL,283.466
2022-06-03,VIXCLS,8.160
2022-06-06,DGS10,4.651
2022-06-06,DGS2,1.721
2022-06-06,CPIAUCSL,283.762
2022-06-06,VIXCLS,8.450
2022-06-07,DGS10,4.697
2022-06-07,DGS2,1.710
2022-06-07,CPIAUCSL,283.956
2022-06-07,VIXCLS,8.700
2022-06-08,DGS10,4.696
2022-06-08,DGS2,1.708
2022-06-08,CPIAUCSL,283.901
2022-06-08,VIXCLS,8.720
2022-06-09,DGS10,4.744
2022-06-09,DGS2,1.687
2022-06-09,CPIAUCSL,283.955
2022-06-09,VIXCLS,9.260
2022-06-10,DGS10,4.731
2022-06-10,DGS2,1.680
2022-06-10,CPIAUCSL,284.790
2022-06-10,VIXCLS,8.770
2022-06-13,DGS10,4.779
2022-06-13,DGS2,1.667
2022-06-13,CPIAUCSL,285.526
2022-06-13,VIXCLS,8.640
2022-06-14,DGS10,4.722
2022-06-14,DGS2,1.660
2022-06-14,CPIAUCSL,285.839
2022-06-14,VIXCLS,8.960
2022-06-15,DGS10,4.722
2022-06-15,DGS2,1.674
2022-06-15,CPIAUCSL,286.085
2022-06-15,VIXCLS,8.470
2022-06-16,DGS10,4.700
2022-06-16,DGS2,1.671
2022-06-16,CPIAUCSL,285.972
2022-06-16,VIXCLS,8.550
2022-06-17,DGS10,4.803
2022-06-17,DGS2,1.666
2022-06-17,CPIAUCSL,285.766
2022-06-17,VIXCLS,8.750
2022-06-20,DGS10,4.794
2022-06-20,DGS2,1.653
2022-06-20,CPIAUCSL,285.603
2022-06-20,VIXCLS,8.460
2022-06-21,DGS10,4.827
2022-06-21,DGS2,1.659
2022-06-21,CPIAUCSL,285.156
2022-06-21,VIXCLS,8.400
2022-06-22,DGS10,4.785
2022-06-22,DGS2,1.662
2022-06-22,CPIAUCSL,285.301
2022-06-22,VIXCLS,8.530
2022-06-23,DGS10,4.868
2022-06-23,DGS2,1.682
2022-06-23,CPIAUCSL,284.762
2022-06-23,VIXCLS,8.850
2022-06-24,DGS10,4.815
2022-06-24,DGS2,1.688
2022-06-24,CPIAUCSL,284.602
2022-06-24,VIXCLS,9.280
2022-06-27,DGS10,4.834
2022-06-27,DGS2,1.700
2022-06-27,CPIAUCSL,284.161
2022-06-27,VIXCLS,9.410
2022-06-28,DGS10,4.856
2022-06-28,DGS2,1.704
2022-06-28,CPIAUCSL,284.221
2022-06-28,VIXCLS,9.400
2022-06-29,DGS10,4.893
2022-06-29,DGS2,1.725
2022-06-29,CPIAUCSL,284.395
2022-06-29,VIXCLS,9.590
2022-06-30,DGS10,4.875
2022-06-30,DGS2,1.706
2022-06-30,CPIAUCSL,284.191
2022-06-30,VIXCLS,10.210
2022-07-01,DGS10,4.887
2022-07-01,DGS2,1.711
2022-07-01,CPIAUCSL,284.036
2022-07-01,VIXCLS,9.580
2022-07-04,DGS10,4.885
2022-07-04,DGS2,1.698
2022-07-04,CPIAUCSL,284.172
2022-07-04,VIXCLS,9.950
2022-07-05,DGS10,4.940
2022-07-05,DGS2,1.678
2022-07-05,CPIAUCSL,283.918
2022-07-05,VIXCLS,9.480
2022-07-06,DGS10,4.957
2022-07-06,DGS2,1.676
2022-07-06,CPIAUCSL,283.677
2022-07-06,VIXCLS,9.600
2022-07-07,DGS10,4.979
2022-07-07,DGS2,1.662
2022-07-07,CPIAUCSL,283.778
2022-07-07,VIXCLS,9.580
2022-07-08,DGS10,4.998
2022-07-08,DGS2,1.673
2022-07-08,CPIAUCSL,283.877
2022-07-08,VIXCLS,9.960
2022-07-11,DGS10,4.917
2022-07-11,DGS2,1.676
2022-07-11,CPIAUCSL,283.885
2022-07-11,VIXCLS,9.730
2022-07-12,DGS10,4.932
2022-07-12,DGS2,1.666
2022-07-12,CPIAUCSL,284.070
2022-07-12,VIXCLS,9.390
2022-07-13,DGS10,4.911
2022-07-13,DGS2,1.656
2022-07-13,CPIAUCSL,283.998
2022-07-13,VIXCLS,8.670
2022-07-14,DGS10,4.968
2022-07-14,DGS2,1.665
2022-07-14,CPIAUCSL,284.185
2022-07-14,VIXCLS,8.790
2022-07-15,DGS10,4.935
2022-07-15,DGS2,1.667
2022-07-15,CPIAUCSL,284.637
2022-07-15,VIXCLS,8.590
2022-07-18,DGS10,4.976
2022-07-18,DGS2,1.684
2022-07-18,CPIAUCSL,284.566
2022-07-18,VIXCLS,8.730
2022-07-19,DGS10,4.969
2022-07-19,DGS2,1.675
2022-07-19,CPIAUCSL,284.933
2022-07-19,VIXCLS,8.710
2022-07-20,DGS10,4.959
2022-07-20,DGS2,1.706
2022-07-20,CPIAUCSL,285.371
2022-07-20,VIXCLS,8.970
2022-07-21,DGS10,4.931
2022-07-21,DGS2,1.696
2022-07-21,CPIAUCSL,285.028
2022-07-21,VIXCLS,9.730
2022-07-22,DGS10,4.925
2022-07-22,DGS2,1.667
2022-07-22,CPIAUCSL,285.348
2022-07-22,VIXCLS,9.630
2022-07-25,DGS10,4.885
2022-07-25,DGS2,1.669
2022-07-25,CPIAUCSL,285.197
2022-07-25,VIXCLS,9.460
2022-07-26,DGS10,4.892
2022-07-26,DGS2,1.692
2022-07-26,CPIAUCSL,285.633
2022-07-26,VIXCLS,9.180
2022-07-27,DGS10,4.893
2022-07-27,DGS2,1.682
2022-07-27,CPIAUCSL,285.937
2022-07-27,VIXCLS,9.280
2022-07-28,DGS10,4.887
2022-07-28,DGS2,1.664
2022-07-28,CPIAUCSL,285.833
2022-07-28,VIXCLS,10.140
2022-07-29,DGS10,4.915
2022-07-29,DGS2,1.634
2022-07-29,CPIAUCSL,285.611
2022-07-29,VIXCLS,10.100
2022-08-01,DGS10,4.902
2022-08-01,DGS2,1.619
2022-08-01,CPIAUCSL,285.530
2022-08-01,VIXCLS,10.090
2022-08-02,DGS10,4.970
2022-08-02,DGS2,1.615
2022-08-02,CPIAUCSL,285.874
2022-08-02,VIXCLS,10.630
2022-08-03,DGS10,4.981
2022-08-03,DGS2,1.615
2022-08-03,CPIAUCSL,286.055
2022-08-03,VIXCLS,11.310
2022-08-04,DGS10,4.926
2022-08-04,DGS2,1.619
2022-08-04,CPIAUCSL,286.387
2022-08-04,VIXCLS,11.270
2022-08-05,DGS10,4.937
2022-08-05,DGS2,1.637
2022-08-05,CPIAUCSL,286.482
2022-08-05,VIXCLS,11.690
2022-08-08,DGS10,4.875
2022-08-08,DGS2,1.625
2022-08-08,CPIAUCSL,286.321
2022-08-08,VIXCLS,11.960
2022-08-09,DGS10,4.946
2022-08-09,DGS2,1.635
2022-08-09,CPIAUCSL,286.329
2022-08-09,VIXCLS,11.750
2022-08-10,DGS10,4.941
2022-08-10,DGS2,1.633
2022-08-10,CPIAUCSL,286.470
2022-08-10,VIXCLS,11.950
2022-08-11,DGS10,4.938
2022-08-11,DGS2,1.653
2022-08-11,CPIAUCSL,286.852
2022-08-11,VIXCLS,12.140
2022-08-12,DGS10,4.893
2022-08-12,DGS2,1.657
2022-08-12,CPIAUCSL,287.196
2022-08-12,VIXCLS,11.970
2022-08-15,DGS10,4.891
2022-08-15,DGS2,1.661
2022-08-15,CPIAUCSL,286.893
2022-08-15,VIXCLS,11.100
2022-08-16,DGS10,4.833
2022-08-16,DGS2,1.666
2022-08-16,CPIAUCSL,287.043
2022-08-16,VIXCLS,11.230
2022-08-17,DGS10,4.795
2022-08-17,DGS2,1.657
2022-08-17,CPIAUCSL,286.403
2022-08-17,VIXCLS,11.900
2022-08-18,DGS10,4.795
2022-08-18,DGS2,1.644
2022-08-18,CPIAUCSL,286.398
2022-08-18,VIXCLS,11.980
2022-08-19,DGS10,4.793
2022-08-19,DGS2,1.644
2022-08-19,CPIAUCSL,286.430
2022-08-19,VIXCLS,11.980
2022-08-22,DGS10,4.749
2022-08-22,DGS2,1.631
2022-08-22,CPIAUCSL,286.270
2022-08-22,VIXCLS,11.890
2022-08-23,DGS10,4.704
2022-08-23,DGS2,1.650
2022-08-23,CPIAUCSL,286.484
2022-08-23,VIXCLS,11.910
2022-08-24,DGS10,4.745
2022-08-24,DGS2,1.632
2022-08-24,CPIAUCSL,286.187
2022-08-24,VIXCLS,12.120
2022-08-25,DGS10,4.709
2022-08-25,DGS2,1.635
2022-08-25,CPIAUCSL,286.114
2022-08-25,VIXCLS,11.370
2022-08-26,DGS10,4.699
2022-08-26,DGS2,1.638
2022-08-26,CPIAUCSL,286.179
2022-08-26,VIXCLS,11.400
2022-08-29,DGS10,4.676
2022-08-29,DGS2,1.631
2022-08-29,CPIAUCSL,286.486
2022-08-29,VIXCLS,11.750
2022-08-30,DGS10,4.632
2022-08-30,DGS2,1.627
2022-08-30,CPIAUCSL,286.543
2022-08-30,VIXCLS,12.250
2022-08-31,DGS10,4.633
2022-08-31,DGS2,1.629
2022-08-31,CPIAUCSL,287.090
2022-08-31,VIXCLS,11.850
2022-09-01,DGS10,4.607
2022-09-01,DGS2,1.641
2022-09-01,CPIAUCSL,286.585
2022-09-01,VIXCLS,11.210
2022-09-02,DGS10,4.643
2022-09-02,DGS2,1.643
2022-09-02,CPIAUCSL,286.670
2022-09-02,VIXCLS,10.870
2022-09-05,DGS10,4.617
2022-09-05,DGS2,1.648
2022-09-05,CPIAUCSL,287.067
2022-09-05,VIXCLS,11.810
2022-09-06,DGS10,4.613
2022-09-06,DGS2,1.648
2022-09-06,CPIAUCSL,287.432
2022-09-06,VIXCLS,11.630
2022-09-07,DGS10,4.632
2022-09-07,DGS2,1.684
2022-09-07,CPIAUCSL,287.525
2022-09-07,VIXCLS,11.540
2022-09-08,DGS10,4.669
2022-09-08,DGS2,1.668
2022-09-08,CPIAUCSL,287.667
2022-09-08,VIXCLS,12.150
2022-09-09,DGS10,4.589
2022-09-09,DGS2,1.638
2022-09-09,CPIAUCSL,287.734
2022-09-09,VIXCLS,12.010
2022-09-12,DGS10,4.593
2022-09-12,DGS2,1.656
2022-09-12,CPIAUCSL,287.775
2022-09-12,VIXCLS,12.540
2022-09-13,DGS10,4.589
2022-09-13,DGS2,1.672
2022-09-13,CPIAUCSL,288.008
2022-09-13,VIXCLS,12.680
2022-09-14,DGS10,4.616
2022-09-14,DGS2,1.677
2022-09-14,CPIAUCSL,288.390
2022-09-14,VIXCLS,12.390
2022-09-15,DGS10,4.562
2022-09-15,DGS2,1.659
2022-09-15,CPIAUCSL,288.142
2022-09-15,VIXCLS,12.380
2022-09-16,DGS10,4.559
2022-09-16,DGS2,1.677
2022-09-16,CPIAUCSL,288.481
2022-09-16,VIXCLS,12.860
2022-09-19,DGS10,4.576
2022-09-19,DGS2,1.689
2022-09-19,CPIAUCSL,288.212
2022-09-19,VIXCLS,12.790
2022-09-20,DGS10,4.551
2022-09-20,DGS2,1.699
2022-09-20,CPIAUCSL,288.890
2022-09-20,VIXCLS,12.630
2022-09-21,DGS10,4.541
2022-09-21,DGS2,1.717
2022-09-21,CPIAUCSL,289.058
2022-09-21,VIXCLS,12.650
2022-09-22,DGS10,4.526
2022-09-22,DGS2,1.709
2022-09-22,CPIAUCSL,289.508
2022-09-22,VIXCLS,13.090
2022-09-23,DGS10,4.531
2022-09-23,DGS2,1.695
2022-09-23,CPIAUCSL,289.409
2022-09-23,VIXCLS,13.630
2022-09-26,DGS10,4.550
2022-09-26,DGS2,1.697
2022-09-26,CPIAUCSL,289.314
2022-09-26,VIXCLS,14.260
2022-09-27,DGS10,4.528
2022-09-27,DGS2,1.696
2022-09-27,CPIAUCSL,289.339
2022-09-27,VIXCLS,14.350
2022-09-28,DGS10,4.543
2022-09-28,DGS2,1.687
2022-09-28,CPIAUCSL,289.598
2022-09-28,VIXCLS,14.570
2022-09-29,DGS10,4.554
2022-09-29,DGS2,1.688
2022-09-29,CPIAUCSL,289.775
2022-09-29,VIXCLS,14.290
2022-09-30,DGS10,4.459
2022-09-30,DGS2,1.672
2022-09-30,CPIAUCSL,290.456
2022-09-30,VIXCLS,13.970
2022-10-03,DGS10,4.458
2022-10-03,DGS2,1.670
2022-10-03,CPIAUCSL,290.611
2022-10-03,VIXCLS,13.870
2022-10-04,DGS10,4.476
2022-10-04,DGS2,1.683
2022-10-04,CPIAUCSL,290.604
2022-10-04,VIXCLS,13.870
2022-10-05,DGS10,4.471
2022-10-05,DGS2,1.664
2022-10-05,CPIAUCSL,290.328
2022-10-05,VIXCLS,14.340
2022-10-06,DGS10,4.449
2022-10-06,DGS2,1.652
2022-10-06,CPIAUCSL,290.203
2022-10-06,VIXCLS,14.030
2022-10-07,DGS10,4.480
2022-10-07,DGS2,1.639
2022-10-07,CPIAUCSL,290.319
2022-10-07,VIXCLS,14.510
2022-10-10,DGS10,4.515
2022-10-10,DGS2,1.616
2022-10-10,CPIAUCSL,290.423
2022-10-10,VIXCLS,15.430
2022-10-11,DGS10,4.509
2022-10-11,DGS2,1.619
2022-10-11,CPIAUCSL,290.624
2022-10-11,VIXCLS,15.640
2022-10-12,DGS10,4.572
2022-10-12,DGS2,1.616
2022-10-12,CPIAUCSL,290.874
2022-10-12,VIXCLS,16.640
2022-10-13,DGS10,4.526
2022-10-13,DGS2,1.603
2022-10-13,CPIAUCSL,290.661
2022-10-13,VIXCLS,16.530
2022-10-14,DGS10,4.554
2022-10-14,DGS2,1.608
2022-10-14,CPIAUCSL,290.769
2022-10-14,VIXCLS,15.580
2022-10-17,DGS10,4.534
2022-10-17,DGS2,1.600
2022-10-17,CPIAUCSL,290.702
2022-10-17,VIXCLS,16.010
2022-10-18,DGS10,4.491
2022-10-18,DGS2,1.601
2022-10-18,CPIAUCSL,290.910
2022-10-18,VIXCLS,15.120
2022-10-19,DGS10,4.526
2022-10-19,DGS2,1.594
2022-10-19,CPIAUCSL,291.623
2022-10-19,VIXCLS,15.430
2022-10-20,DGS10,4.562
2022-10-20,DGS2,1.597
2022-10-20,CPIAUCSL,291.492
2022-10-20,VIXCLS,15.890
2022-10-21,DGS10,4.550
2022-10-21,DGS2,1.609
2022-10-21,CPIAUCSL,292.054
2022-10-21,VIXCLS,15.870
2022-10-24,DGS10,4.602
2022-10-24,DGS2,1.592
2022-10-24,CPIAUCSL,292.049
2022-10-24,VIXCLS,16.450
2022-10-25,DGS10,4.553
2022-10-25,DGS2,1.593
2022-10-25,CPIAUCSL,292.037
2022-10-25,VIXCLS,16.780
2022-10-26,DGS10,4.636
2022-10-26,DGS2,1.587
2022-10-26,CPIAUCSL,292.562
2022-10-26,VIXCLS,17.380
2022-10-27,DGS10,4.599
2022-10-27,DGS2,1.580
2022-10-27,CPIAUCSL,292.036
2022-10-27,VIXCLS,17.190
2022-10-28,DGS10,4.621
2022-10-28,DGS2,1.577
2022-10-28,CPIAUCSL,292.787
2022-10-28,VIXCLS,17.270
2022-10-31,DGS10,4.602
2022-10-31,DGS2,1.569
2022-10-31,CPIAUCSL,292.948
2022-10-31,VIXCLS,16.900
2022-11-01,DGS10,4.642
2022-11-01,DGS2,1.583
2022-11-01,CPIAUCSL,292.514
2022-11-01,VIXCLS,16.000
2022-11-02,DGS10,4.608
2022-11-02,DGS2,1.579
2022-11-02,CPIAUCSL,292.631
2022-11-02,VIXCLS,16.740
2022-11-03,DGS10,4.651
2022-11-03,DGS2,1.575
2022-11-03,CPIAUCSL,292.478
2022-11-03,VIXCLS,17.250
2022-11-04,DGS10,4.640
2022-11-04,DGS2,1.595
2022-11-04,CPIAUCSL,291.985
2022-11-04,VIXCLS,17.460
2022-11-07,DGS10,4.630
2022-11-07,DGS2,1.603
2022-11-07,CPIAUCSL,292.200
2022-11-07,VIXCLS,17.080
2022-11-08,DGS10,4.560
2022-11-08,DGS2,1.595
2022-11-08,CPIAUCSL,292.081
2022-11-08,VIXCLS,16.770
2022-11-09,DGS10,4.611
2022-11-09,DGS2,1.590
2022-11-09,CPIAUCSL,291.759
2022-11-09,VIXCLS,17.130
2022-11-10,DGS10,4.626
2022-11-10,DGS2,1.591
2022-11-10,CPIAUCSL,292.398
2022-11-10,VIXCLS,16.970
2022-11-11,DGS10,4.649
2022-11-11,DGS2,1.587
2022-11-11,CPIAUCSL,292.334
2022-11-11,VIXCLS,16.420
2022-11-14,DGS10,4.657
2022-11-14,DGS2,1.579
2022-11-14,CPIAUCSL,292.443
2022-11-14,VIXCLS,17.010
2022-11-15,DGS10,4.664
2022-11-15,DGS2,1.576
2022-11-15,CPIAUCSL,292.886
2022-11-15,VIXCLS,17.710
2022-11-16,DGS10,4.596
2022-11-16,DGS2,1.565
2022-11-16,CPIAUCSL,292.902
2022-11-16,VIXCLS,18.960
2022-11-17,DGS10,4.602
2022-11-17,DGS2,1.583
2022-11-17,CPIAUCSL,292.841
2022-11-17,VIXCLS,18.910
2022-11-18,DGS10,4.599
2022-11-18,DGS2,1.598
2022-11-18,CPIAUCSL,292.680
2022-11-18,VIXCLS,19.700
2022-11-21,DGS10,4.620
2022-11-21,DGS2,1.587
2022-11-21,CPIAUCSL,293.137
2022-11-21,VIXCLS,19.420
2022-11-22,DGS10,4.622
2022-11-22,DGS2,1.597
2022-11-22,CPIAUCSL,293.287
2022-11-22,VIXCLS,18.980
2022-11-23,DGS10,4.674
2022-11-23,DGS2,1.592
2022-11-23,CPIAUCSL,293.594
2022-11-23,VIXCLS,19.070
2022-11-24,DGS10,4.707
2022-11-24,DGS2,1.577
2022-11-24,CPIAUCSL,293.276
2022-11-24,VIXCLS,19.340
2022-11-25,DGS10,4.692
2022-11-25,DGS2,1.575
2022-11-25,CPIAUCSL,293.217
2022-11-25,VIXCLS,18.950
2022-11-28,DGS10,4.695
2022-11-28,DGS2,1.584
2022-11-28,CPIAUCSL,293.647
2022-11-28,VIXCLS,19.270
2022-11-29,DGS10,4.658
2022-11-29,DGS2,1.599
2022-11-29,CPIAUCSL,293.890
2022-11-29,VIXCLS,18.530
2022-11-30,DGS10,4.715
2022-11-30,DGS2,1.597
2022-11-30,CPIAUCSL,293.971
2022-11-30,VIXCLS,19.080
2022-12-01,DGS10,4.683
2022-12-01,DGS2,1.596
2022-12-01,CPIAUCSL,293.948
2022-12-01,VIXCLS,18.810
2022-12-02,DGS10,4.706
2022-12-02,DGS2,1.605
2022-12-02,CPIAUCSL,293.903
2022-12-02,VIXCLS,18.430
2022-12-05,DGS10,4.691
2022-12-05,DGS2,1.618
2022-12-05,CPIAUCSL,294.251
2022-12-05,VIXCLS,17.740
2022-12-06,DGS10,4.761
2022-12-06,DGS2,1.597
2022-12-06,CPIAUCSL,293.964
2022-12-06,VIXCLS,17.030
2022-12-07,DGS10,4.797
2022-12-07,DGS2,1.611
2022-12-07,CPIAUCSL,293.910
2022-12-07,VIXCLS,17.090
2022-12-08,DGS10,4.780
2022-12-08,DGS2,1.597
2022-12-08,CPIAUCSL,293.948
2022-12-08,VIXCLS,16.930
2022-12-09,DGS10,4.788
2022-12-09,DGS2,1.610
2022-12-09,CPIAUCSL,294.165
2022-12-09,VIXCLS,17.120
2022-12-12,DGS10,4.766
2022-12-12,DGS2,1.629
2022-12-12,CPIAUCSL,294.541
2022-12-12,VIXCLS,16.980
2022-12-13,DGS10,4.741
2022-12-13,DGS2,1.630
2022-12-13,CPIAUCSL,294.828
2022-12-13,VIXCLS,16.700
2022-12-14,DGS10,4.802
2022-12-14,DGS2,1.620
2022-12-14,CPIAUCSL,295.354
2022-12-14,VIXCLS,16.700
2022-12-15,DGS10,4.770
2022-12-15,DGS2,1.616
2022-12-15,CPIAUCSL,295.406
2022-12-15,VIXCLS,16.600
2022-12-16,DGS10,4.727
2022-12-16,DGS2,1.630
2022-12-16,CPIAUCSL,295.097
2022-12-16,VIXCLS,16.960
2022-12-19,DGS10,4.728
2022-12-19,DGS2,1.620
2022-12-19,CPIAUCSL,295.569
2022-12-19,VIXCLS,17.280
2022-12-20,DGS10,4.733
2022-12-20,DGS2,1.598
2022-12-20,CPIAUCSL,295.469
2022-12-20,VIXCLS,17.300
2022-12-21,DGS10,4.715
2022-12-21,DGS2,1.604
2022-12-21,CPIAUCSL,295.537
2022-12-21,VIXCLS,16.270
2022-12-22,DGS10,4.748
2022-12-22,DGS2,1.603
2022-12-22,CPIAUCSL,295.472
2022-12-22,VIXCLS,15.950
2022-12-23,DGS10,4.728
2022-12-23,DGS2,1.595
2022-12-23,CPIAUCSL,295.897
2022-12-23,VIXCLS,15.900
2022-12-26,DGS10,4.794
2022-12-26,DGS2,1.606
2022-12-26,CPIAUCSL,295.945
2022-12-26,VIXCLS,15.740
2022-12-27,DGS10,4.780
2022-12-27,DGS2,1.617
2022-12-27,CPIAUCSL,295.891
2022-12-27,VIXCLS,15.070
2022-12-28,DGS10,4.774
2022-12-28,DGS2,1.618
2022-12-28,CPIAUCSL,296.000
2022-12-28,VIXCLS,15.110
2022-12-29,DGS10,4.782
2022-12-29,DGS2,1.615
2022-12-29,CPIAUCSL,296.478
2022-12-29,VIXCLS,15.410
2022-12-30,DGS10,4.792
2022-12-30,DGS2,1.606
2022-12-30,CPIAUCSL,296.251
2022-12-30,VIXCLS,15.090
2023-01-02,DGS10,4.757
2023-01-02,DGS2,1.603
2023-01-02,CPIAUCSL,297.053
2023-01-02,VIXCLS,14.170
2023-01-03,DGS10,4.699
2023-01-03,DGS2,1.575
2023-01-03,CPIAUCSL,297.288
2023-01-03,VIXCLS,13.990
2023-01-04,DGS10,4.741
2023-01-04,DGS2,1.557
2023-01-04,CPIAUCSL,296.964
2023-01-04,VIXCLS,14.030
2023-01-05,DGS10,4.779
2023-01-05,DGS2,1.547
2023-01-05,CPIAUCSL,296.614
2023-01-05,VIXCLS,13.750
2023-01-06,DGS10,4.781
2023-01-06,DGS2,1.551
2023-01-06,CPIAUCSL,296.917
2023-01-06,VIXCLS,14.290
2023-01-09,DGS10,4.763
2023-01-09,DGS2,1.525
2023-01-09,CPIAUCSL,296.671
2023-01-09,VIXCLS,13.680
2023-01-10,DGS10,4.802
2023-01-10,DGS2,1.520
2023-01-10,CPIAUCSL,296.931
2023-01-10,VIXCLS,13.960
2023-01-11,DGS10,4.787
2023-01-11,DGS2,1.530
2023-01-11,CPIAUCSL,296.790
2023-01-11,VIXCLS,13.610
2023-01-12,DGS10,4.774
2023-01-12,DGS2,1.529
2023-01-12,CPIAUCSL,296.780
2023-01-12,VIXCLS,13.390
2023-01-13,DGS10,4.731
2023-01-13,DGS2,1.519
2023-01-13,CPIAUCSL,296.650
2023-01-13,VIXCLS,13.660
2023-01-16,DGS10,4.743
2023-01-16,DGS2,1.533
2023-01-16,CPIAUCSL,296.820
2023-01-16,VIXCLS,14.350
2023-01-17,DGS10,4.728
2023-01-17,DGS2,1.544
2023-01-17,CPIAUCSL,297.346
2023-01-17,VIXCLS,14.840
2023-01-18,DGS10,4.799
2023-01-18,DGS2,1.558
2023-01-18,CPIAUCSL,297.793
2023-01-18,VIXCLS,14.870
2023-01-19,DGS10,4.764
2023-01-19,DGS2,1.556
2023-01-19,CPIAUCSL,298.351
2023-01-19,VIXCLS,14.550
2023-01-20,DGS10,4.787
2023-01-20,DGS2,1.550
2023-01-20,CPIAUCSL,298.341
2023-01-20,VIXCLS,14.570
2023-01-23,DGS10,4.805
2023-01-23,DGS2,1.534
2023-01-23,CPIAUCSL,297.982
2023-01-23,VIXCLS,14.840
2023-01-24,DGS10,4.824
2023-01-24,DGS2,1.528
2023-01-24,CPIAUCSL,297.791
2023-01-24,VIXCLS,15.370
2023-01-25,DGS10,4.835
2023-01-25,DGS2,1.524
2023-01-25,CPIAUCSL,297.965
2023-01-25,VIXCLS,15.920
2023-01-26,DGS10,4.887
2023-01-26,DGS2,1.524
2023-01-26,CPIAUCSL,297.764
2023-01-26,VIXCLS,15.850
2023-01-27,DGS10,4.860
2023-01-27,DGS2,1.537
2023-01-27,CPIAUCSL,298.055
2023-01-27,VIXCLS,15.560
2023-01-30,DGS10,4.905
2023-01-30,DGS2,1.539
2023-01-30,CPIAUCSL,298.443
2023-01-30,VIXCLS,14.770
2023-01-31,DGS10,4.916
2023-01-31,DGS2,1.540
2023-01-31,CPIAUCSL,298.998
2023-01-31,VIXCLS,14.690
2023-02-01,DGS10,4.873
2023-02-01,DGS2,1.527
2023-02-01,CPIAUCSL,299.138
2023-02-01,VIXCLS,14.400
2023-02-02,DGS10,4.802
2023-02-02,DGS2,1.516
2023-02-02,CPIAUCSL,299.325
2023-02-02,VIXCLS,13.860
2023-02-03,DGS10,4.822
2023-02-03,DGS2,1.514
2023-02-03,CPIAUCSL,299.141
2023-02-03,VIXCLS,13.600
2023-02-06,DGS10,4.802
2023-02-06,DGS2,1.519
2023-02-06,CPIAUCSL,298.929
2023-02-06,VIXCLS,13.770
2023-02-07,DGS10,4.866
2023-02-07,DGS2,1.524
2023-02-07,CPIAUCSL,299.150
2023-02-07,VIXCLS,13.180
2023-02-08,DGS10,4.823
2023-02-08,DGS2,1.520
2023-02-08,CPIAUCSL,299.089
2023-02-08,VIXCLS,13.570
2023-02-09,DGS10,4.811
2023-02-09,DGS2,1.516
2023-02-09,CPIAUCSL,298.915
2023-02-09,VIXCLS,13.880
2023-02-10,DGS10,4.835
2023-02-10,DGS2,1.490
2023-02-10,CPIAUCSL,299.074
2023-02-10,VIXCLS,13.350
2023-02-13,DGS10,4.822
2023-02-13,DGS2,1.515
2023-02-13,CPIAUCSL,298.430
2023-02-13,VIXCLS,13.460
2023-02-14,DGS10,4.781
2023-02-14,DGS2,1.513
2023-02-14,CPIAUCSL,298.509
2023-02-14,VIXCLS,14.160
2023-02-15,DGS10,4.771
2023-02-15,DGS2,1.499
2023-02-15,CPIAUCSL,298.877
2023-02-15,VIXCLS,14.220
2023-02-16,DGS10,4.824
2023-02-16,DGS2,1.485
2023-02-16,CPIAUCSL,298.722
2023-02-16,VIXCLS,14.330
2023-02-17,DGS10,4.809
2023-02-17,DGS2,1.484
2023-02-17,CPIAUCSL,298.466
2023-02-17,VIXCLS,14.000
2023-02-20,DGS10,4.763
2023-02-20,DGS2,1.477
2023-02-20,CPIAUCSL,298.815
2023-02-20,VIXCLS,14.780
2023-02-21,DGS10,4.720
2023-02-21,DGS2,1.478
2023-02-21,CPIAUCSL,298.939
2023-02-21,VIXCLS,14.850
2023-02-22,DGS10,4.717
2023-02-22,DGS2,1.461
2023-02-22,CPIAUCSL,299.256
2023-02-22,VIXCLS,15.080
2023-02-23,DGS10,4.765
2023-02-23,DGS2,1.459
2023-02-23,CPIAUCSL,299.090
2023-02-23,VIXCLS,15.390
2023-02-24,DGS10,4.700
2023-02-24,DGS2,1.473
2023-02-24,CPIAUCSL,299.423
2023-02-24,VIXCLS,15.690
2023-02-27,DGS10,4.753
2023-02-27,DGS2,1.466
2023-02-27,CPIAUCSL,299.200
2023-02-27,VIXCLS,15.420
2023-02-28,DGS10,4.742
2023-02-28,DGS2,1.454
2023-02-28,CPIAUCSL,299.308
2023-02-28,VIXCLS,15.970
2023-03-01,DGS10,4.744
2023-03-01,DGS2,1.441
2023-03-01,CPIAUCSL,299.556
2023-03-01,VIXCLS,14.960
2023-03-02,DGS10,4.801
2023-03-02,DGS2,1.432
2023-03-02,CPIAUCSL,299.733
2023-03-02,VIXCLS,14.650
2023-03-03,DGS10,4.760
2023-03-03,DGS2,1.428
2023-03-03,CPIAUCSL,300.841
2023-03-03,VIXCLS,14.240
2023-03-06,DGS10,4.742
2023-03-06,DGS2,1.441
2023-03-06,CPIAUCSL,300.953
2023-03-06,VIXCLS,14.490
2023-03-07,DGS10,4.751
2023-03-07,DGS2,1.453
2023-03-07,CPIAUCSL,301.154
2023-03-07,VIXCLS,14.290
2023-03-08,DGS10,4.784
2023-03-08,DGS2,1.434
2023-03-08,CPIAUCSL,301.571
2023-03-08,VIXCLS,14.400
2023-03-09,DGS10,4.770
2023-03-09,DGS2,1.431
2023-03-09,CPIAUCSL,301.137
2023-03-09,VIXCLS,14.240
2023-03-10,DGS10,4.847
2023-03-10,DGS2,1.417
2023-03-10,CPIAUCSL,301.475
2023-03-10,VIXCLS,13.980
2023-03-13,DGS10,4.825
2023-03-13,DGS2,1.414
2023-03-13,CPIAUCSL,301.444
2023-03-13,VIXCLS,13.710
2023-03-14,DGS10,4.858
2023-03-14,DGS2,1.405
2023-03-14,CPIAUCSL,301.528
2023-03-14,VIXCLS,14.170
2023-03-15,DGS10,4.873
2023-03-15,DGS2,1.411
2023-03-15,CPIAUCSL,301.700
2023-03-15,VIXCLS,14.350
2023-03-16,DGS10,4.814
2023-03-16,DGS2,1.409
2023-03-16,CPIAUCSL,301.381
2023-03-16,VIXCLS,14.560
2023-03-17,DGS10,4.817
2023-03-17,DGS2,1.423
2023-03-17,CPIAUCSL,301.633
2023-03-17,VIXCLS,14.630
2023-03-20,DGS10,4.800
2023-03-20,DGS2,1.425
2023-03-20,CPIAUCSL,301.702
2023-03-20,VIXCLS,14.970
2023-03-21,DGS10,4.788
2023-03-21,DGS2,1.443
2023-03-21,CPIAUCSL,301.838
2023-03-21,VIXCLS,14.830
2023-03-22,DGS10,4.841
2023-03-22,DGS2,1.444
2023-03-22,CPIAUCSL,302.283
2023-03-22,VIXCLS,15.020
2023-03-23,DGS10,4.766
2023-03-23,DGS2,1.433
2023-03-23,CPIAUCSL,302.210
2023-03-23,VIXCLS,15.960
2023-03-24,DGS10,4.815
2023-03-24,DGS2,1.451
2023-03-24,CPIAUCSL,302.396
2023-03-24,VIXCLS,15.690
2023-03-27,DGS10,4.886
2023-03-27,DGS2,1.449
2023-03-27,CPIAUCSL,302.800
2023-03-27,VIXCLS,15.460
2023-03-28,DGS10,4.935
2023-03-28,DGS2,1.426
2023-03-28,CPIAUCSL,302.828
2023-03-28,VIXCLS,15.180
2023-03-29,DGS10,4.933
2023-03-29,DGS2,1.431
2023-03-29,CPIAUCSL,303.258
2023-03-29,VIXCLS,15.310
2023-03-30,DGS10,4.937
2023-03-30,DGS2,1.444
2023-03-30,CPIAUCSL,303.031
2023-03-30,VIXCLS,15.080
2023-03-31,DGS10,4.992
2023-03-31,DGS2,1.434
2023-03-31,CPIAUCSL,303.450
2023-03-31,VIXCLS,14.190
2023-04-03,DGS10,4.909
2023-04-03,DGS2,1.431
2023-04-03,CPIAUCSL,303.478
2023-04-03,VIXCLS,14.300
2023-04-04,DGS10,4.990
2023-04-04,DGS2,1.439
2023-04-04,CPIAUCSL,303.672
2023-04-04,VIXCLS,14.780
2023-04-05,DGS10,4.953
2023-04-05,DGS2,1.439
2023-04-05,CPIAUCSL,303.396
2023-04-05,VIXCLS,14.620
2023-04-06,DGS10,4.926
2023-04-06,DGS2,1.439
2023-04-06,CPIAUCSL,303.507
2023-04-06,VIXCLS,14.550
2023-04-07,DGS10,4.888
2023-04-07,DGS2,1.420
2023-04-07,CPIAUCSL,303.736
2023-04-07,VIXCLS,14.190
2023-04-10,DGS10,4.916
2023-04-10,DGS2,1.407
2023-04-10,CPIAUCSL,303.456
2023-04-10,VIXCLS,13.340
2023-04-11,DGS10,4.875
2023-04-11,DGS2,1.392
2023-04-11,CPIAUCSL,302.510
2023-04-11,VIXCLS,13.850
2023-04-12,DGS10,4.895
2023-04-12,DGS2,1.401
2023-04-12,CPIAUCSL,302.267
2023-04-12,VIXCLS,13.020
2023-04-13,DGS10,4.885
2023-04-13,DGS2,1.404
2023-04-13,CPIAUCSL,301.843
2023-04-13,VIXCLS,13.140
2023-04-14,DGS10,4.892
2023-04-14,DGS2,1.402
2023-04-14,CPIAUCSL,301.410
2023-04-14,VIXCLS,13.580
2023-04-17,DGS10,4.938
2023-04-17,DGS2,1.414
2023-04-17,CPIAUCSL,301.004
2023-04-17,VIXCLS,14.160
2023-04-18,DGS10,4.895
2023-04-18,DGS2,1.432
2023-04-18,CPIAUCSL,300.797
2023-04-18,VIXCLS,14.440
2023-04-19,DGS10,4.883
2023-04-19,DGS2,1.434
2023-04-19,CPIAUCSL,300.355
2023-04-19,VIXCLS,14.620
2023-04-20,DGS10,4.891
2023-04-20,DGS2,1.420
2023-04-20,CPIAUCSL,300.902
2023-04-20,VIXCLS,14.840
2023-04-21,DGS10,4.880
2023-04-21,DGS2,1.418
2023-04-21,CPIAUCSL,300.739
2023-04-21,VIXCLS,15.090
2023-04-24,DGS10,4.851
2023-04-24,DGS2,1.394
2023-04-24,CPIAUCSL,300.740
2023-04-24,VIXCLS,15.600
2023-04-25,DGS10,4.887
2023-04-25,DGS2,1.386
2023-04-25,CPIAUCSL,300.436
2023-04-25,VIXCLS,15.360
2023-04-26,DGS10,4.886
2023-04-26,DGS2,1.385
2023-04-26,CPIAUCSL,300.403
2023-04-26,VIXCLS,15.190
2023-04-27,DGS10,4.859
2023-04-27,DGS2,1.367
2023-04-27,CPIAUCSL,300.799
2023-04-27,VIXCLS,15.320
2023-04-28,DGS10,4.859
2023-04-28,DGS2,1.369
2023-04-28,CPIAUCSL,300.960
2023-04-28,VIXCLS,15.270
2023-05-01,DGS10,4.828
2023-05-01,DGS2,1.377
2023-05-01,CPIAUCSL,301.314
2023-05-01,VIXCLS,14.690
2023-05-02,DGS10,4.763
2023-05-02,DGS2,1.370
2023-05-02,CPIAUCSL,301.356
2023-05-02,VIXCLS,14.920
2023-05-03,DGS10,4.748
2023-05-03,DGS2,1.363
2023-05-03,CPIAUCSL,301.476
2023-05-03,VIXCLS,14.860
2023-05-04,DGS10,4.770
2023-05-04,DGS2,1.372
2023-05-04,CPIAUCSL,301.282
2023-05-04,VIXCLS,14.530
2023-05-05,DGS10,4.755
2023-05-05,DGS2,1.378
2023-05-05,CPIAUCSL,301.259
2023-05-05,VIXCLS,15.030
2023-05-08,DGS10,4.753
2023-05-08,DGS2,1.392
2023-05-08,CPIAUCSL,301.216
2023-05-08,VIXCLS,14.780
2023-05-09,DGS10,4.724
2023-05-09,DGS2,1.405
2023-05-09,CPIAUCSL,301.473
2023-05-09,VIXCLS,15.020
2023-05-10,DGS10,4.749
2023-05-10,DGS2,1.389
2023-05-10,CPIAUCSL,301.446
2023-05-10,VIXCLS,14.530
2023-05-11,DGS10,4.756
2023-05-11,DGS2,1.382
2023-05-11,CPIAUCSL,301.344
2023-05-11,VIXCLS,15.000
2023-05-12,DGS10,4.720
2023-05-12,DGS2,1.370
2023-05-12,CPIAUCSL,301.402
2023-05-12,VIXCLS,15.060
2023-05-15,DGS10,4.754
2023-05-15,DGS2,1.367
2023-05-15,CPIAUCSL,301.544
2023-05-15,VIXCLS,15.250
2023-05-16,DGS10,4.769
2023-05-16,DGS2,1.350
2023-05-16,CPIAUCSL,301.289
2023-05-16,VIXCLS,15.620
2023-05-17,DGS10,4.756
2023-05-17,DGS2,1.348
2023-05-17,CPIAUCSL,301.157
2023-05-17,VIXCLS,15.720
2023-05-18,DGS10,4.758
2023-05-18,DGS2,1.345
2023-05-18,CPIAUCSL,301.879
2023-05-18,VIXCLS,15.910
2023-05-19,DGS10,4.805
2023-05-19,DGS2,1.352
2023-05-19,CPIAUCSL,302.215
2023-05-19,VIXCLS,15.070
2023-05-22,DGS10,4.779
2023-05-22,DGS2,1.368
2023-05-22,CPIAUCSL,301.861
2023-05-22,VIXCLS,14.740
2023-05-23,DGS10,4.800
2023-05-23,DGS2,1.387
2023-05-23,CPIAUCSL,301.984
2023-05-23,VIXCLS,15.140
2023-05-24,DGS10,4.793
2023-05-24,DGS2,1.362
2023-05-24,CPIAUCSL,301.894
2023-05-24,VIXCLS,15.130
2023-05-25,DGS10,4.762
2023-05-25,DGS2,1.364
2023-05-25,CPIAUCSL,301.462
2023-05-25,VIXCLS,15.230
2023-05-26,DGS10,4.776
2023-05-26,DGS2,1.365
2023-05-26,CPIAUCSL,301.365
2023-05-26,VIXCLS,15.990
2023-05-29,DGS10,4.825
2023-05-29,DGS2,1.349
2023-05-29,CPIAUCSL,301.047
2023-05-29,VIXCLS,17.340
2023-05-30,DGS10,4.835
2023-05-30,DGS2,1.366
2023-05-30,CPIAUCSL,301.412
2023-05-30,VIXCLS,17.790
2023-05-31,DGS10,4.838
2023-05-31,DGS2,1.361
2023-05-31,CPIAUCSL,301.675
2023-05-31,VIXCLS,17.450
2023-06-01,DGS10,4.857
2023-06-01,DGS2,1.368
2023-06-01,CPIAUCSL,301.974
2023-06-01,VIXCLS,17.710
2023-06-02,DGS10,4.879
2023-06-02,DGS2,1.380
2023-06-02,CPIAUCSL,301.904
2023-06-02,VIXCLS,17.840
2023-06-05,DGS10,4.880
2023-06-05,DGS2,1.377
2023-06-05,CPIAUCSL,301.467
2023-06-05,VIXCLS,18.090
2023-06-06,DGS10,4.900
2023-06-06,DGS2,1.396
2023-06-06,CPIAUCSL,301.219
2023-06-06,VIXCLS,19.000
2023-06-07,DGS10,4.871
2023-06-07,DGS2,1.373
2023-06-07,CPIAUCSL,301.498
2023-06-07,VIXCLS,18.200
2023-06-08,DGS10,4.893
2023-06-08,DGS2,1.387
2023-06-08,CPIAUCSL,301.590
2023-06-08,VIXCLS,18.100
2023-06-09,DGS10,4.844
2023-06-09,DGS2,1.373
2023-06-09,CPIAUCSL,301.530
2023-06-09,VIXCLS,18.280
2023-06-12,DGS10,4.866
2023-06-12,DGS2,1.383
2023-06-12,CPIAUCSL,301.418
2023-06-12,VIXCLS,18.290
2023-06-13,DGS10,4.898
2023-06-13,DGS2,1.372
2023-06-13,CPIAUCSL,301.467
2023-06-13,VIXCLS,18.480
2023-06-14,DGS10,4.930
2023-06-14,DGS2,1.368
2023-06-14,CPIAUCSL,301.248
2023-06-14,VIXCLS,18.910
2023-06-15,DGS10,4.889
2023-06-15,DGS2,1.378
2023-06-15,CPIAUCSL,301.158
2023-06-15,VIXCLS,18.440
2023-06-16,DGS10,4.879
2023-06-16,DGS2,1.388
2023-06-16,CPIAUCSL,301.720
2023-06-16,VIXCLS,18.170
2023-06-19,DGS10,4.855
2023-06-19,DGS2,1.408
2023-06-19,CPIAUCSL,302.445
2023-06-19,VIXCLS,18.640
2023-06-20,DGS10,4.843
2023-06-20,DGS2,1.427
2023-06-20,CPIAUCSL,302.628
2023-06-20,VIXCLS,18.430
2023-06-21,DGS10,4.867
2023-06-21,DGS2,1.416
2023-06-21,CPIAUCSL,302.133
2023-06-21,VIXCLS,18.300
2023-06-22,DGS10,4.883
2023-06-22,DGS2,1.413
2023-06-22,CPIAUCSL,302.753
2023-06-22,VIXCLS,17.890
2023-06-23,DGS10,4.877
2023-06-23,DGS2,1.423
2023-06-23,CPIAUCSL,302.720
2023-06-23,VIXCLS,18.070
2023-06-26,DGS10,4.989
2023-06-26,DGS2,1.426
2023-06-26,CPIAUCSL,302.208
2023-06-26,VIXCLS,17.960
2023-06-27,DGS10,4.968
2023-06-27,DGS2,1.419
2023-06-27,CPIAUCSL,302.069
2023-06-27,VIXCLS,17.210
2023-06-28,DGS10,4.932
2023-06-28,DGS2,1.422
2023-06-28,CPIAUCSL,302.387
2023-06-28,VIXCLS,16.980
2023-06-29,DGS10,4.939
2023-06-29,DGS2,1.431
2023-06-29,CPIAUCSL,302.144
2023-06-29,VIXCLS,17.090
2023-06-30,DGS10,4.947
2023-06-30,DGS2,1.442
2023-06-30,CPIAUCSL,302.123
2023-06-30,VIXCLS,17.030
2023-07-03,DGS10,4.937
2023-07-03,DGS2,1.460
2023-07-03,CPIAUCSL,302.205
2023-07-03,VIXCLS,16.430
2023-07-04,DGS10,4.994
2023-07-04,DGS2,1.451
2023-07-04,CPIAUCSL,301.586
2023-07-04,VIXCLS,16.190
2023-07-05,DGS10,5.044
2023-07-05,DGS2,1.451
2023-07-05,CPIAUCSL,302.071
2023-07-05,VIXCLS,16.400
2023-07-06,DGS10,5.000
2023-07-06,DGS2,1.457
2023-07-06,CPIAUCSL,302.065
2023-07-06,VIXCLS,17.540
2023-07-07,DGS10,4.912
2023-07-07,DGS2,1.442
2023-07-07,CPIAUCSL,302.031
2023-07-07,VIXCLS,16.670
2023-07-10,DGS10,4.950
2023-07-10,DGS2,1.435
2023-07-10,CPIAUCSL,302.382
2023-07-10,VIXCLS,16.650
2023-07-11,DGS10,4.927
2023-07-11,DGS2,1.432
2023-07-11,CPIAUCSL,301.727
2023-07-11,VIXCLS,17.380
2023-07-12,DGS10,4.929
2023-07-12,DGS2,1.418
2023-07-12,CPIAUCSL,301.946
2023-07-12,VIXCLS,17.280
2023-07-13,DGS10,4.905
2023-07-13,DGS2,1.403
2023-07-13,CPIAUCSL,301.995
2023-07-13,VIXCLS,17.360
2023-07-14,DGS10,4.984
2023-07-14,DGS2,1.418
2023-07-14,CPIAUCSL,302.012
2023-07-14,VIXCLS,16.880
2023-07-17,DGS10,4.909
2023-07-17,DGS2,1.401
2023-07-17,CPIAUCSL,301.919
2023-07-17,VIXCLS,17.520
2023-07-18,DGS10,4.961
2023-07-18,DGS2,1.413
2023-07-18,CPIAUCSL,302.215
2023-07-18,VIXCLS,18.290
2023-07-19,DGS10,4.957
2023-07-19,DGS2,1.421
2023-07-19,CPIAUCSL,301.600
2023-07-19,VIXCLS,18.510
2023-07-20,DGS10,4.956
2023-07-20,DGS2,1.412
2023-07-20,CPIAUCSL,301.679
2023-07-20,VIXCLS,19.570
2023-07-21,DGS10,4.967
2023-07-21,DGS2,1.421
2023-07-21,CPIAUCSL,301.869
2023-07-21,VIXCLS,18.490
2023-07-24,DGS10,4.961
2023-07-24,DGS2,1.414
2023-07-24,CPIAUCSL,302.262
2023-07-24,VIXCLS,18.840
2023-07-25,DGS10,4.998
2023-07-25,DGS2,1.410
2023-07-25,CPIAUCSL,302.959
2023-07-25,VIXCLS,18.540
2023-07-26,DGS10,4.938
2023-07-26,DGS2,1.404
2023-07-26,CPIAUCSL,302.544
2023-07-26,VIXCLS,18.390
2023-07-27,DGS10,4.914
2023-07-27,DGS2,1.397
2023-07-27,CPIAUCSL,302.223
2023-07-27,VIXCLS,19.150
2023-07-28,DGS10,4.932
2023-07-28,DGS2,1.409
2023-07-28,CPIAUCSL,302.426
2023-07-28,VIXCLS,18.570
2023-07-31,DGS10,4.900
2023-07-31,DGS2,1.411
2023-07-31,CPIAUCSL,302.756
2023-07-31,VIXCLS,17.510
2023-08-01,DGS10,4.924
2023-08-01,DGS2,1.418
2023-08-01,CPIAUCSL,302.920
2023-08-01,VIXCLS,17.740
2023-08-02,DGS10,4.883
2023-08-02,DGS2,1.422
2023-08-02,CPIAUCSL,303.231
2023-08-02,VIXCLS,16.570
2023-08-03,DGS10,4.899
2023-08-03,DGS2,1.458
2023-08-03,CPIAUCSL,303.059
2023-08-03,VIXCLS,16.520
2023-08-04,DGS10,4.919
2023-08-04,DGS2,1.446
2023-08-04,CPIAUCSL,303.367
2023-08-04,VIXCLS,16.590
2023-08-07,DGS10,4.909
2023-08-07,DGS2,1.453
2023-08-07,CPIAUCSL,303.253
2023-08-07,VIXCLS,16.270
2023-08-08,DGS10,4.898
2023-08-08,DGS2,1.473
2023-08-08,CPIAUCSL,303.081
2023-08-08,VIXCLS,15.690
2023-08-09,DGS10,4.851
2023-08-09,DGS2,1.466
2023-08-09,CPIAUCSL,303.180
2023-08-09,VIXCLS,15.520
2023-08-10,DGS10,4.899
2023-08-10,DGS2,1.466
2023-08-10,CPIAUCSL,302.711
2023-08-10,VIXCLS,15.140
2023-08-11,DGS10,4.893
2023-08-11,DGS2,1.487
2023-08-11,CPIAUCSL,303.169
2023-08-11,VIXCLS,15.520
2023-08-14,DGS10,4.873
2023-08-14,DGS2,1.513
2023-08-14,CPIAUCSL,303.492
2023-08-14,VIXCLS,15.280
2023-08-15,DGS10,4.873
2023-08-15,DGS2,1.532
2023-08-15,CPIAUCSL,303.884
2023-08-15,VIXCLS,15.750
2023-08-16,DGS10,4.861
2023-08-16,DGS2,1.562
2023-08-16,CPIAUCSL,303.240
2023-08-16,VIXCLS,15.900
2023-08-17,DGS10,4.877
2023-08-17,DGS2,1.569
2023-08-17,CPIAUCSL,303.179
2023-08-17,VIXCLS,16.180
2023-08-18,DGS10,4.889
2023-08-18,DGS2,1.573
2023-08-18,CPIAUCSL,303.521
2023-08-18,VIXCLS,15.940
2023-08-21,DGS10,4.838
2023-08-21,DGS2,1.590
2023-08-21,CPIAUCSL,303.255
2023-08-21,VIXCLS,16.000
2023-08-22,DGS10,4.865
2023-08-22,DGS2,1.614
2023-08-22,CPIAUCSL,303.680
2023-08-22,VIXCLS,16.240
2023-08-23,DGS10,4.869
2023-08-23,DGS2,1.607
2023-08-23,CPIAUCSL,304.033
2023-08-23,VIXCLS,16.020
2023-08-24,DGS10,4.811
2023-08-24,DGS2,1.636
2023-08-24,CPIAUCSL,304.814
2023-08-24,VIXCLS,15.860
2023-08-25,DGS10,4.773
2023-08-25,DGS2,1.641
2023-08-25,CPIAUCSL,304.557
2023-08-25,VIXCLS,16.420
2023-08-28,DGS10,4.763
2023-08-28,DGS2,1.631
2023-08-28,CPIAUCSL,304.644
2023-08-28,VIXCLS,15.900
2023-08-29,DGS10,4.743
2023-08-29,DGS2,1.654
2023-08-29,CPIAUCSL,304.368
2023-08-29,VIXCLS,15.660
2023-08-30,DGS10,4.759
2023-08-30,DGS2,1.653
2023-08-30,CPIAUCSL,304.325
2023-08-30,VIXCLS,15.800
2023-08-31,DGS10,4.722
2023-08-31,DGS2,1.644
2023-08-31,CPIAUCSL,304.236
2023-08-31,VIXCLS,15.830
2023-09-01,DGS10,4.801
2023-09-01,DGS2,1.657
2023-09-01,CPIAUCSL,303.538
2023-09-01,VIXCLS,15.980
2023-09-04,DGS10,4.826
2023-09-04,DGS2,1.652
2023-09-04,CPIAUCSL,304.268
2023-09-04,VIXCLS,16.950
2023-09-05,DGS10,4.803
2023-09-05,DGS2,1.641
2023-09-05,CPIAUCSL,303.908
2023-09-05,VIXCLS,17.090
2023-09-06,DGS10,4.813
2023-09-06,DGS2,1.662
2023-09-06,CPIAUCSL,303.868
2023-09-06,VIXCLS,16.540
2023-09-07,DGS10,4.804
2023-09-07,DGS2,1.646
2023-09-07,CPIAUCSL,304.153
2023-09-07,VIXCLS,15.820
2023-09-08,DGS10,4.865
2023-09-08,DGS2,1.647
2023-09-08,CPIAUCSL,303.971
2023-09-08,VIXCLS,15.600
2023-09-11,DGS10,4.862
2023-09-11,DGS2,1.664
2023-09-11,CPIAUCSL,304.175
2023-09-11,VIXCLS,15.630
2023-09-12,DGS10,4.928
2023-09-12,DGS2,1.672
2023-09-12,CPIAUCSL,304.065
2023-09-12,VIXCLS,15.550
2023-09-13,DGS10,4.895
2023-09-13,DGS2,1.658
2023-09-13,CPIAUCSL,304.039
2023-09-13,VIXCLS,15.010
2023-09-14,DGS10,4.903
2023-09-14,DGS2,1.653
2023-09-14,CPIAUCSL,304.207
2023-09-14,VIXCLS,15.420
2023-09-15,DGS10,4.920
2023-09-15,DGS2,1.645
2023-09-15,CPIAUCSL,304.833
2023-09-15,VIXCLS,15.590
2023-09-18,DGS10,4.965
2023-09-18,DGS2,1.657
2023-09-18,CPIAUCSL,304.809
2023-09-18,VIXCLS,15.250
2023-09-19,DGS10,4.966
2023-09-19,DGS2,1.642
2023-09-19,CPIAUCSL,304.698
2023-09-19,VIXCLS,15.700
2023-09-20,DGS10,4.953
2023-09-20,DGS2,1.675
2023-09-20,CPIAUCSL,304.757
2023-09-20,VIXCLS,16.000
2023-09-21,DGS10,5.044
2023-09-21,DGS2,1.671
2023-09-21,CPIAUCSL,305.147
2023-09-21,VIXCLS,15.370
2023-09-22,DGS10,5.121
2023-09-22,DGS2,1.671
2023-09-22,CPIAUCSL,305.185
2023-09-22,VIXCLS,15.390
2023-09-25,DGS10,5.049
2023-09-25,DGS2,1.654
2023-09-25,CPIAUCSL,305.788
2023-09-25,VIXCLS,15.220
2023-09-26,DGS10,5.008
2023-09-26,DGS2,1.659
2023-09-26,CPIAUCSL,305.597
2023-09-26,VIXCLS,15.370
2023-09-27,DGS10,5.023
2023-09-27,DGS2,1.654
2023-09-27,CPIAUCSL,305.598
2023-09-27,VIXCLS,15.350
2023-09-28,DGS10,4.996
2023-09-28,DGS2,1.646
2023-09-28,CPIAUCSL,305.246
2023-09-28,VIXCLS,15.840
2023-09-29,DGS10,5.009
2023-09-29,DGS2,1.625
2023-09-29,CPIAUCSL,305.019
2023-09-29,VIXCLS,15.960
2023-10-02,DGS10,5.015
2023-10-02,DGS2,1.645
2023-10-02,CPIAUCSL,305.191
2023-10-02,VIXCLS,15.990
2023-10-03,DGS10,4.950
2023-10-03,DGS2,1.647
2023-10-03,CPIAUCSL,305.382
2023-10-03,VIXCLS,15.890
2023-10-04,DGS10,4.973
2023-10-04,DGS2,1.631
2023-10-04,CPIAUCSL,305.759
2023-10-04,VIXCLS,15.430
2023-10-05,DGS10,4.938
2023-10-05,DGS2,1.623
2023-10-05,CPIAUCSL,306.138
2023-10-05,VIXCLS,14.770
2023-10-06,DGS10,4.983
2023-10-06,DGS2,1.634
2023-10-06,CPIAUCSL,306.117
2023-10-06,VIXCLS,14.110
2023-10-09,DGS10,4.969
2023-10-09,DGS2,1.634
2023-10-09,CPIAUCSL,306.613
2023-10-09,VIXCLS,14.540
2023-10-10,DGS10,5.026
2023-10-10,DGS2,1.640
2023-10-10,CPIAUCSL,306.965
2023-10-10,VIXCLS,14.820
2023-10-11,DGS10,5.051
2023-10-11,DGS2,1.626
2023-10-11,CPIAUCSL,307.073
2023-10-11,VIXCLS,13.970
2023-10-12,DGS10,4.980
2023-10-12,DGS2,1.639
2023-10-12,CPIAUCSL,306.725
2023-10-12,VIXCLS,13.660
2023-10-13,DGS10,5.014
2023-10-13,DGS2,1.619
2023-10-13,CPIAUCSL,306.778
2023-10-13,VIXCLS,14.300
2023-10-16,DGS10,5.019
2023-10-16,DGS2,1.618
2023-10-16,CPIAUCSL,306.915
2023-10-16,VIXCLS,13.980
2023-10-17,DGS10,5.019
2023-10-17,DGS2,1.594
2023-10-17,CPIAUCSL,306.790
2023-10-17,VIXCLS,13.930
2023-10-18,DGS10,4.946
2023-10-18,DGS2,1.599
2023-10-18,CPIAUCSL,307.080
2023-10-18,VIXCLS,14.230
2023-10-19,DGS10,5.023
2023-10-19,DGS2,1.606
2023-10-19,CPIAUCSL,307.011
2023-10-19,VIXCLS,14.620
2023-10-20,DGS10,5.023
2023-10-20,DGS2,1.606
2023-10-20,CPIAUCSL,307.079
2023-10-20,VIXCLS,14.370
2023-10-23,DGS10,5.000
2023-10-23,DGS2,1.613
2023-10-23,CPIAUCSL,307.327
2023-10-23,VIXCLS,14.760
2023-10-24,DGS10,5.020
2023-10-24,DGS2,1.624
2023-10-24,CPIAUCSL,307.433
2023-10-24,VIXCLS,14.590
2023-10-25,DGS10,5.002
2023-10-25,DGS2,1.610
2023-10-25,CPIAUCSL,307.158
2023-10-25,VIXCLS,15.230
2023-10-26,DGS10,5.017
2023-10-26,DGS2,1.605
2023-10-26,CPIAUCSL,307.079
2023-10-26,VIXCLS,15.720
2023-10-27,DGS10,5.047
2023-10-27,DGS2,1.592
2023-10-27,CPIAUCSL,307.012
2023-10-27,VIXCLS,15.220
2023-10-30,DGS10,5.019
2023-10-30,DGS2,1.607
2023-10-30,CPIAUCSL,306.783
2023-10-30,VIXCLS,16.110
2023-10-31,DGS10,5.032
2023-10-31,DGS2,1.581
2023-10-31,CPIAUCSL,306.849
2023-10-31,VIXCLS,16.800
2023-11-01,DGS10,4.990
2023-11-01,DGS2,1.566
2023-11-01,CPIAUCSL,306.847
2023-11-01,VIXCLS,16.240
2023-11-02,DGS10,5.007
2023-11-02,DGS2,1.556
2023-11-02,CPIAUCSL,306.595
2023-11-02,VIXCLS,16.010
2023-11-03,DGS10,5.056
2023-11-03,DGS2,1.551
2023-11-03,CPIAUCSL,307.158
2023-11-03,VIXCLS,16.290
2023-11-06,DGS10,5.020
2023-11-06,DGS2,1.569
2023-11-06,CPIAUCSL,307.243
2023-11-06,VIXCLS,17.230
2023-11-07,DGS10,5.045
2023-11-07,DGS2,1.555
2023-11-07,CPIAUCSL,307.309
2023-11-07,VIXCLS,16.380
2023-11-08,DGS10,5.018
2023-11-08,DGS2,1.552
2023-11-08,CPIAUCSL,307.205
2023-11-08,VIXCLS,16.380
2023-11-09,DGS10,5.016
2023-11-09,DGS2,1.553
2023-11-09,CPIAUCSL,307.481
2023-11-09,VIXCLS,15.900
2023-11-10,DGS10,4.899
2023-11-10,DGS2,1.561
2023-11-10,CPIAUCSL,307.403
2023-11-10,VIXCLS,15.080
2023-11-13,DGS10,4.876
2023-11-13,DGS2,1.560
2023-11-13,CPIAUCSL,307.397
2023-11-13,VIXCLS,14.920
2023-11-14,DGS10,4.923
2023-11-14,DGS2,1.563
2023-11-14,CPIAUCSL,307.353
2023-11-14,VIXCLS,14.890
2023-11-15,DGS10,4.905
2023-11-15,DGS2,1.564
2023-11-15,CPIAUCSL,307.877
2023-11-15,VIXCLS,13.970
2023-11-16,DGS10,4.914
2023-11-16,DGS2,1.568
2023-11-16,CPIAUCSL,307.881
2023-11-16,VIXCLS,14.230
2023-11-17,DGS10,4.966
2023-11-17,DGS2,1.570
2023-11-17,CPIAUCSL,307.924
2023-11-17,VIXCLS,14.650
2023-11-20,DGS10,4.979
2023-11-20,DGS2,1.549
2023-11-20,CPIAUCSL,307.880
2023-11-20,VIXCLS,14.550
2023-11-21,DGS10,5.002
2023-11-21,DGS2,1.552
2023-11-21,CPIAUCSL,308.160
2023-11-21,VIXCLS,15.070
2023-11-22,DGS10,5.021
2023-11-22,DGS2,1.551
2023-11-22,CPIAUCSL,308.301
2023-11-22,VIXCLS,14.360
2023-11-23,DGS10,5.020
2023-11-23,DGS2,1.548
2023-11-23,CPIAUCSL,308.142
2023-11-23,VIXCLS,13.910
2023-11-24,DGS10,5.057
2023-11-24,DGS2,1.554
2023-11-24,CPIAUCSL,308.019
2023-11-24,VIXCLS,14.260
2023-11-27,DGS10,5.055
2023-11-27,DGS2,1.567
2023-11-27,CPIAUCSL,308.277
2023-11-27,VIXCLS,13.740
2023-11-28,DGS10,5.068
2023-11-28,DGS2,1.584
2023-11-28,CPIAUCSL,308.052
2023-11-28,VIXCLS,13.190
2023-11-29,DGS10,5.106
2023-11-29,DGS2,1.587
2023-11-29,CPIAUCSL,307.857
2023-11-29,VIXCLS,12.900
2023-11-30,DGS10,5.083
2023-11-30,DGS2,1.587
2023-11-30,CPIAUCSL,307.413
2023-11-30,VIXCLS,13.100
2023-12-01,DGS10,5.009
2023-12-01,DGS2,1.591
2023-12-01,CPIAUCSL,307.337
2023-12-01,VIXCLS,13.390
2023-12-04,DGS10,5.020
2023-12-04,DGS2,1.573
2023-12-04,CPIAUCSL,307.205
2023-12-04,VIXCLS,13.900
2023-12-05,DGS10,4.996
2023-12-05,DGS2,1.569
2023-12-05,CPIAUCSL,307.953
2023-12-05,VIXCLS,14.060
2023-12-06,DGS10,5.074
2023-12-06,DGS2,1.555
2023-12-06,CPIAUCSL,307.586
2023-12-06,VIXCLS,13.200
2023-12-07,DGS10,5.037
2023-12-07,DGS2,1.582
2023-12-07,CPIAUCSL,307.339
2023-12-07,VIXCLS,13.650
2023-12-08,DGS10,5.089
2023-12-08,DGS2,1.594
2023-12-08,CPIAUCSL,307.238
2023-12-08,VIXCLS,14.340
2023-12-11,DGS10,5.124
2023-12-11,DGS2,1.599
2023-12-11,CPIAUCSL,307.438
2023-12-11,VIXCLS,14.090
2023-12-12,DGS10,5.160
2023-12-12,DGS2,1.617
2023-12-12,CPIAUCSL,308.068
2023-12-12,VIXCLS,13.940
2023-12-13,DGS10,5.181
2023-12-13,DGS2,1.634
2023-12-13,CPIAUCSL,308.383
2023-12-13,VIXCLS,13.990
2023-12-14,DGS10,5.259
2023-12-14,DGS2,1.639
2023-12-14,CPIAUCSL,308.653
2023-12-14,VIXCLS,14.340
2023-12-15,DGS10,5.213
2023-12-15,DGS2,1.654
2023-12-15,CPIAUCSL,309.333
2023-12-15,VIXCLS,14.490
2023-12-18,DGS10,5.227
2023-12-18,DGS2,1.660
2023-12-18,CPIAUCSL,309.593
2023-12-18,VIXCLS,14.240
2023-12-19,DGS10,5.215
2023-12-19,DGS2,1.677
2023-12-19,CPIAUCSL,309.935
2023-12-19,VIXCLS,14.270
2023-12-20,DGS10,5.256
2023-12-20,DGS2,1.674
2023-12-20,CPIAUCSL,310.132
2023-12-20,VIXCLS,14.410
2023-12-21,DGS10,5.229
2023-12-21,DGS2,1.676
2023-12-21,CPIAUCSL,309.940
2023-12-21,VIXCLS,15.030
2023-12-22,DGS10,5.239
2023-12-22,DGS2,1.683
2023-12-22,CPIAUCSL,309.399
2023-12-22,VIXCLS,15.020
2023-12-25,DGS10,5.204
2023-12-25,DGS2,1.695
2023-12-25,CPIAUCSL,309.485
2023-12-25,VIXCLS,13.890
2023-12-26,DGS10,5.178
2023-12-26,DGS2,1.686
2023-12-26,CPIAUCSL,309.240
2023-12-26,VIXCLS,12.830
2023-12-27,DGS10,5.203
2023-12-27,DGS2,1.691
2023-12-27,CPIAUCSL,308.879
2023-12-27,VIXCLS,12.900
2023-12-28,DGS10,5.137
2023-12-28,DGS2,1.682
2023-12-28,CPIAUCSL,309.322
2023-12-28,VIXCLS,12.410
2023-12-29,DGS10,5.114
2023-12-29,DGS2,1.683
2023-12-29,CPIAUCSL,309.333
2023-12-29,VIXCLS,12.520
2024-01-01,DGS10,5.089
2024-01-01,DGS2,1.659
2024-01-01,CPIAUCSL,309.296
2024-01-01,VIXCLS,12.440
2024-01-02,DGS10,5.100
2024-01-02,DGS2,1.630
2024-01-02,CPIAUCSL,309.848
2024-01-02,VIXCLS,12.770
2024-01-03,DGS10,5.178
2024-01-03,DGS2,1.624
2024-01-03,CPIAUCSL,310.068
2024-01-03,VIXCLS,12.730
2024-01-04,DGS10,5.142
2024-01-04,DGS2,1.625
2024-01-04,CPIAUCSL,310.018
2024-01-04,VIXCLS,12.850
2024-01-05,DGS10,5.088
2024-01-05,DGS2,1.611
2024-01-05,CPIAUCSL,309.828
2024-01-05,VIXCLS,12.770
2024-01-08,DGS10,5.193
2024-01-08,DGS2,1.640
2024-01-08,CPIAUCSL,309.756
2024-01-08,VIXCLS,12.680
2024-01-09,DGS10,5.137
2024-01-09,DGS2,1.626
2024-01-09,CPIAUCSL,309.564
2024-01-09,VIXCLS,12.070
2024-01-10,DGS10,5.155
2024-01-10,DGS2,1.612
2024-01-10,CPIAUCSL,309.786
2024-01-10,VIXCLS,12.590
2024-01-11,DGS10,5.205
2024-01-11,DGS2,1.611
2024-01-11,CPIAUCSL,309.954
2024-01-11,VIXCLS,12.640
2024-01-12,DGS10,5.179
2024-01-12,DGS2,1.603
2024-01-12,CPIAUCSL,310.087
2024-01-12,VIXCLS,12.590
2024-01-15,DGS10,5.233
2024-01-15,DGS2,1.608
2024-01-15,CPIAUCSL,310.462
2024-01-15,VIXCLS,13.050
2024-01-16,DGS10,5.163
2024-01-16,DGS2,1.594
2024-01-16,CPIAUCSL,310.557
2024-01-16,VIXCLS,12.230
2024-01-17,DGS10,5.197
2024-01-17,DGS2,1.604
2024-01-17,CPIAUCSL,310.814
2024-01-17,VIXCLS,12.220
2024-01-18,DGS10,5.221
2024-01-18,DGS2,1.586
2024-01-18,CPIAUCSL,310.756
2024-01-18,VIXCLS,11.990
2024-01-19,DGS10,5.295
2024-01-19,DGS2,1.576
2024-01-19,CPIAUCSL,311.336
2024-01-19,VIXCLS,12.630
2024-01-22,DGS10,5.307
2024-01-22,DGS2,1.572
2024-01-22,CPIAUCSL,311.440
2024-01-22,VIXCLS,12.540
2024-01-23,DGS10,5.358
2024-01-23,DGS2,1.558
2024-01-23,CPIAUCSL,311.526
2024-01-23,VIXCLS,12.880
2024-01-24,DGS10,5.299
2024-01-24,DGS2,1.563
2024-01-24,CPIAUCSL,312.319
2024-01-24,VIXCLS,12.380
2024-01-25,DGS10,5.408
2024-01-25,DGS2,1.563
2024-01-25,CPIAUCSL,312.272
2024-01-25,VIXCLS,12.590
2024-01-26,DGS10,5.393
2024-01-26,DGS2,1.571
2024-01-26,CPIAUCSL,312.879
2024-01-26,VIXCLS,12.770
2024-01-29,DGS10,5.452
2024-01-29,DGS2,1.556
2024-01-29,CPIAUCSL,313.009
2024-01-29,VIXCLS,13.550
2024-01-30,DGS10,5.445
2024-01-30,DGS2,1.552
2024-01-30,CPIAUCSL,313.673
2024-01-30,VIXCLS,14.270
2024-01-31,DGS10,5.433
2024-01-31,DGS2,1.550
2024-01-31,CPIAUCSL,313.880
2024-01-31,VIXCLS,14.010
2024-02-01,DGS10,5.423
2024-02-01,DGS2,1.559
2024-02-01,CPIAUCSL,313.571
2024-02-01,VIXCLS,14.700
2024-02-02,DGS10,5.407
2024-02-02,DGS2,1.560
2024-02-02,CPIAUCSL,313.649
2024-02-02,VIXCLS,14.710
2024-02-05,DGS10,5.419
2024-02-05,DGS2,1.566
2024-02-05,CPIAUCSL,313.335
2024-02-05,VIXCLS,15.340
2024-02-06,DGS10,5.383
2024-02-06,DGS2,1.573
2024-02-06,CPIAUCSL,313.598
2024-02-06,VIXCLS,15.410
2024-02-07,DGS10,5.426
2024-02-07,DGS2,1.588
2024-02-07,CPIAUCSL,313.928
2024-02-07,VIXCLS,15.460
2024-02-08,DGS10,5.490
2024-02-08,DGS2,1.591
2024-02-08,CPIAUCSL,314.012
2024-02-08,VIXCLS,15.560
2024-02-09,DGS10,5.411
2024-02-09,DGS2,1.568
2024-02-09,CPIAUCSL,313.930
2024-02-09,VIXCLS,15.740
2024-02-12,DGS10,5.422
2024-02-12,DGS2,1.562
2024-02-12,CPIAUCSL,313.863
2024-02-12,VIXCLS,15.970
2024-02-13,DGS10,5.436
2024-02-13,DGS2,1.583
2024-02-13,CPIAUCSL,313.720
2024-02-13,VIXCLS,16.240
2024-02-14,DGS10,5.493
2024-02-14,DGS2,1.579
2024-02-14,CPIAUCSL,313.595
2024-02-14,VIXCLS,17.290
2024-02-15,DGS10,5.478
2024-02-15,DGS2,1.587
2024-02-15,CPIAUCSL,313.413
2024-02-15,VIXCLS,17.760
2024-02-16,DGS10,5.501
2024-02-16,DGS2,1.612
2024-02-16,CPIAUCSL,313.050
2024-02-16,VIXCLS,17.700
2024-02-19,DGS10,5.483
2024-02-19,DGS2,1.609
2024-02-19,CPIAUCSL,313.517
2024-02-19,VIXCLS,17.750
2024-02-20,DGS10,5.486
2024-02-20,DGS2,1.607
2024-02-20,CPIAUCSL,313.583
2024-02-20,VIXCLS,18.440
2024-02-21,DGS10,5.478
2024-02-21,DGS2,1.601
2024-02-21,CPIAUCSL,313.965
2024-02-21,VIXCLS,19.210
2024-02-22,DGS10,5.481
2024-02-22,DGS2,1.617
2024-02-22,CPIAUCSL,314.366
2024-02-22,VIXCLS,18.110
2024-02-23,DGS10,5.527
2024-02-23,DGS2,1.619
2024-02-23,CPIAUCSL,314.661
2024-02-23,VIXCLS,18.660
2024-02-26,DGS10,5.568
2024-02-26,DGS2,1.609
2024-02-26,CPIAUCSL,314.429
2024-02-26,VIXCLS,19.120
2024-02-27,DGS10,5.524
2024-02-27,DGS2,1.603
2024-02-27,CPIAUCSL,314.266
2024-02-27,VIXCLS,19.180
2024-02-28,DGS10,5.526
2024-02-28,DGS2,1.594
2024-02-28,CPIAUCSL,314.478
2024-02-28,VIXCLS,18.930
2024-02-29,DGS10,5.471
2024-02-29,DGS2,1.577
2024-02-29,CPIAUCSL,314.711
2024-02-29,VIXCLS,20.550
2024-03-01,DGS10,5.388
2024-03-01,DGS2,1.587
2024-03-01,CPIAUCSL,314.545
2024-03-01,VIXCLS,21.020
2024-03-04,DGS10,5.408
2024-03-04,DGS2,1.601
2024-03-04,CPIAUCSL,314.258
2024-03-04,VIXCLS,22.370
2024-03-05,DGS10,5.404
2024-03-05,DGS2,1.625
2024-03-05,CPIAUCSL,314.652
2024-03-05,VIXCLS,21.340
2024-03-06,DGS10,5.435
2024-03-06,DGS2,1.619
2024-03-06,CPIAUCSL,315.209
2024-03-06,VIXCLS,20.860
2024-03-07,DGS10,5.518
2024-03-07,DGS2,1.633
2024-03-07,CPIAUCSL,315.352
2024-03-07,VIXCLS,21.280
2024-03-08,DGS10,5.452
2024-03-08,DGS2,1.666
2024-03-08,CPIAUCSL,314.938
2024-03-08,VIXCLS,21.780
2024-03-11,DGS10,5.455
2024-03-11,DGS2,1.640
2024-03-11,CPIAUCSL,314.743
2024-03-11,VIXCLS,21.880
2024-03-12,DGS10,5.491
2024-03-12,DGS2,1.627
2024-03-12,CPIAUCSL,315.489
2024-03-12,VIXCLS,21.640
2024-03-13,DGS10,5.525
2024-03-13,DGS2,1.615
2024-03-13,CPIAUCSL,315.505
2024-03-13,VIXCLS,21.350
2024-03-14,DGS10,5.468
2024-03-14,DGS2,1.642
2024-03-14,CPIAUCSL,315.760
2024-03-14,VIXCLS,21.250
2024-03-15,DGS10,5.542
2024-03-15,DGS2,1.649
2024-03-15,CPIAUCSL,316.213
2024-03-15,VIXCLS,21.000
2024-03-18,DGS10,5.515
2024-03-18,DGS2,1.650
2024-03-18,CPIAUCSL,316.126
2024-03-18,VIXCLS,19.810
2024-03-19,DGS10,5.501
2024-03-19,DGS2,1.648
2024-03-19,CPIAUCSL,315.887
2024-03-19,VIXCLS,18.550
2024-03-20,DGS10,5.575
2024-03-20,DGS2,1.642
2024-03-20,CPIAUCSL,316.102
2024-03-20,VIXCLS,18.390
2024-03-21,DGS10,5.514
2024-03-21,DGS2,1.628
2024-03-21,CPIAUCSL,315.558
2024-03-21,VIXCLS,18.420
2024-03-22,DGS10,5.508
2024-03-22,DGS2,1.624
2024-03-22,CPIAUCSL,315.325
2024-03-22,VIXCLS,18.920
2024-03-25,DGS10,5.588
2024-03-25,DGS2,1.608
2024-03-25,CPIAUCSL,315.728
2024-03-25,VIXCLS,19.600
2024-03-26,DGS10,5.617
2024-03-26,DGS2,1.617
2024-03-26,CPIAUCSL,316.044
2024-03-26,VIXCLS,20.490
2024-03-27,DGS10,5.556
2024-03-27,DGS2,1.620
2024-03-27,CPIAUCSL,315.752
2024-03-27,VIXCLS,19.960
2024-03-28,DGS10,5.586
2024-03-28,DGS2,1.625
2024-03-28,CPIAUCSL,315.914
2024-03-28,VIXCLS,20.100
2024-03-29,DGS10,5.547
2024-03-29,DGS2,1.651
2024-03-29,CPIAUCSL,315.633
2024-03-29,VIXCLS,20.750
2024-04-01,DGS10,5.563
2024-04-01,DGS2,1.667
2024-04-01,CPIAUCSL,315.075
2024-04-01,VIXCLS,20.670
2024-04-02,DGS10,5.576
2024-04-02,DGS2,1.678
2024-04-02,CPIAUCSL,314.914
2024-04-02,VIXCLS,21.090
2024-04-03,DGS10,5.556
2024-04-03,DGS2,1.688
2024-04-03,CPIAUCSL,314.810
2024-04-03,VIXCLS,21.990
2024-04-04,DGS10,5.558
2024-04-04,DGS2,1.687
2024-04-04,CPIAUCSL,314.614
2024-04-04,VIXCLS,21.780
2024-04-05,DGS10,5.590
2024-04-05,DGS2,1.704
2024-04-05,CPIAUCSL,314.571
2024-04-05,VIXCLS,20.910
2024-04-08,DGS10,5.607
2024-04-08,DGS2,1.710
2024-04-08,CPIAUCSL,315.074
2024-04-08,VIXCLS,20.180
2024-04-09,DGS10,5.612
2024-04-09,DGS2,1.707
2024-04-09,CPIAUCSL,315.250
2024-04-09,VIXCLS,19.370
2024-04-10,DGS10,5.615
2024-04-10,DGS2,1.708
2024-04-10,CPIAUCSL,315.460
2024-04-10,VIXCLS,20.470
2024-04-11,DGS10,5.627
2024-04-11,DGS2,1.714
2024-04-11,CPIAUCSL,315.324
2024-04-11,VIXCLS,19.600
2024-04-12,DGS10,5.572
2024-04-12,DGS2,1.707
2024-04-12,CPIAUCSL,315.132
2024-04-12,VIXCLS,19.410
2024-04-15,DGS10,5.577
2024-04-15,DGS2,1.721
2024-04-15,CPIAUCSL,314.816
2024-04-15,VIXCLS,19.810
2024-04-16,DGS10,5.608
2024-04-16,DGS2,1.760
2024-04-16,CPIAUCSL,314.533
2024-04-16,VIXCLS,19.240
2024-04-17,DGS10,5.614
2024-04-17,DGS2,1.745
2024-04-17,CPIAUCSL,314.496
2024-04-17,VIXCLS,19.570
2024-04-18,DGS10,5.628
2024-04-18,DGS2,1.737
2024-04-18,CPIAUCSL,314.023
2024-04-18,VIXCLS,20.230
2024-04-19,DGS10,5.653
2024-04-19,DGS2,1.735
2024-04-19,CPIAUCSL,314.368
2024-04-19,VIXCLS,20.010
2024-04-22,DGS10,5.604
2024-04-22,DGS2,1.738
2024-04-22,CPIAUCSL,314.330
2024-04-22,VIXCLS,20.090
2024-04-23,DGS10,5.586
2024-04-23,DGS2,1.729
2024-04-23,CPIAUCSL,314.645
2024-04-23,VIXCLS,21.090
2024-04-24,DGS10,5.561
2024-04-24,DGS2,1.746
2024-04-24,CPIAUCSL,314.812
2024-04-24,VIXCLS,21.210
2024-04-25,DGS10,5.598
2024-04-25,DGS2,1.744
2024-04-25,CPIAUCSL,314.605
2024-04-25,VIXCLS,21.540
2024-04-26,DGS10,5.579
2024-04-26,DGS2,1.760
2024-04-26,CPIAUCSL,314.503
2024-04-26,VIXCLS,21.860
2024-04-29,DGS10,5.550
2024-04-29,DGS2,1.773
2024-04-29,CPIAUCSL,315.047
2024-04-29,VIXCLS,21.570
2024-04-30,DGS10,5.639
2024-04-30,DGS2,1.768
2024-04-30,CPIAUCSL,314.894
2024-04-30,VIXCLS,22.020
2024-05-01,DGS10,5.620
2024-05-01,DGS2,1.777
2024-05-01,CPIAUCSL,315.062
2024-05-01,VIXCLS,22.520
2024-05-02,DGS10,5.631
2024-05-02,DGS2,1.812
2024-05-02,CPIAUCSL,315.510
2024-05-02,VIXCLS,22.590
2024-05-03,DGS10,5.649
2024-05-03,DGS2,1.808
2024-05-03,CPIAUCSL,315.373
2024-05-03,VIXCLS,21.770
2024-05-06,DGS10,5.677
2024-05-06,DGS2,1.798
2024-05-06,CPIAUCSL,315.707
2024-05-06,VIXCLS,21.550
2024-05-07,DGS10,5.663
2024-05-07,DGS2,1.831
2024-05-07,CPIAUCSL,315.483
2024-05-07,VIXCLS,21.740
2024-05-08,DGS10,5.670
2024-05-08,DGS2,1.829
2024-05-08,CPIAUCSL,315.627
2024-05-08,VIXCLS,22.910
2024-05-09,DGS10,5.663
2024-05-09,DGS2,1.816
2024-05-09,CPIAUCSL,315.838
2024-05-09,VIXCLS,22.530
2024-05-10,DGS10,5.672
2024-05-10,DGS2,1.788
2024-05-10,CPIAUCSL,315.865
2024-05-10,VIXCLS,21.770
2024-05-13,DGS10,5.690
2024-05-13,DGS2,1.797
2024-05-13,CPIAUCSL,316.446
2024-05-13,VIXCLS,21.410
2024-05-14,DGS10,5.734
2024-05-14,DGS2,1.802
2024-05-14,CPIAUCSL,316.426
2024-05-14,VIXCLS,21.620
2024-05-15,DGS10,5.711
2024-05-15,DGS2,1.777
2024-05-15,CPIAUCSL,316.894
2024-05-15,VIXCLS,21.140
2024-05-16,DGS10,5.619
2024-05-16,DGS2,1.781
2024-05-16,CPIAUCSL,316.949
2024-05-16,VIXCLS,23.210
2024-05-17,DGS10,5.651
2024-05-17,DGS2,1.755
2024-05-17,CPIAUCSL,317.005
2024-05-17,VIXCLS,23.620
2024-05-20,DGS10,5.614
2024-05-20,DGS2,1.765
2024-05-20,CPIAUCSL,317.183
2024-05-20,VIXCLS,24.250
2024-05-21,DGS10,5.573
2024-05-21,DGS2,1.783
2024-05-21,CPIAUCSL,317.233
2024-05-21,VIXCLS,23.310
2024-05-22,DGS10,5.636
2024-05-22,DGS2,1.786
2024-05-22,CPIAUCSL,316.777
2024-05-22,VIXCLS,22.820
2024-05-23,DGS10,5.592
2024-05-23,DGS2,1.807
2024-05-23,CPIAUCSL,316.878
2024-05-23,VIXCLS,22.850
2024-05-24,DGS10,5.578
2024-05-24,DGS2,1.783
2024-05-24,CPIAUCSL,317.500
2024-05-24,VIXCLS,22.370
2024-05-27,DGS10,5.554
2024-05-27,DGS2,1.754
2024-05-27,CPIAUCSL,317.360
2024-05-27,VIXCLS,22.780
2024-05-28,DGS10,5.576
2024-05-28,DGS2,1.769
2024-05-28,CPIAUCSL,317.270
2024-05-28,VIXCLS,21.820
2024-05-29,DGS10,5.559
2024-05-29,DGS2,1.747
2024-05-29,CPIAUCSL,316.841
2024-05-29,VIXCLS,21.370
2024-05-30,DGS10,5.563
2024-05-30,DGS2,1.745
2024-05-30,CPIAUCSL,316.718
2024-05-30,VIXCLS,20.160
2024-05-31,DGS10,5.560
2024-05-31,DGS2,1.771
2024-05-31,CPIAUCSL,316.784
2024-05-31,VIXCLS,20.910
2024-06-03,DGS10,5.664
2024-06-03,DGS2,1.780
2024-06-03,CPIAUCSL,317.296
2024-06-03,VIXCLS,21.500
2024-06-04,DGS10,5.634
2024-06-04,DGS2,1.777
2024-06-04,CPIAUCSL,317.250
2024-06-04,VIXCLS,20.940
2024-06-05,DGS10,5.649
2024-06-05,DGS2,1.774
2024-06-05,CPIAUCSL,317.393
2024-06-05,VIXCLS,21.780
2024-06-06,DGS10,5.701
2024-06-06,DGS2,1.791
2024-06-06,CPIAUCSL,317.346
2024-06-06,VIXCLS,21.390
2024-06-07,DGS10,5.648
2024-06-07,DGS2,1.779
2024-06-07,CPIAUCSL,317.152
2024-06-07,VIXCLS,21.050
2024-06-10,DGS10,5.618
2024-06-10,DGS2,1.783
2024-06-10,CPIAUCSL,317.254
2024-06-10,VIXCLS,21.820
2024-06-11,DGS10,5.587
2024-06-11,DGS2,1.786
2024-06-11,CPIAUCSL,317.731
2024-06-11,VIXCLS,22.740
2024-06-12,DGS10,5.562
2024-06-12,DGS2,1.789
2024-06-12,CPIAUCSL,317.799
2024-06-12,VIXCLS,24.570
2024-06-13,DGS10,5.545
2024-06-13,DGS2,1.786
2024-06-13,CPIAUCSL,317.769
2024-06-13,VIXCLS,25.180
2024-06-14,DGS10,5.548
2024-06-14,DGS2,1.775
2024-06-14,CPIAUCSL,317.488
2024-06-14,VIXCLS,23.220
2024-06-17,DGS10,5.591
2024-06-17,DGS2,1.754
2024-06-17,CPIAUCSL,317.355
2024-06-17,VIXCLS,23.900
2024-06-18,DGS10,5.626
2024-06-18,DGS2,1.769
2024-06-18,CPIAUCSL,317.454
2024-06-18,VIXCLS,24.310
2024-06-19,DGS10,5.585
2024-06-19,DGS2,1.764
2024-06-19,CPIAUCSL,317.150
2024-06-19,VIXCLS,24.800
2024-06-20,DGS10,5.672
2024-06-20,DGS2,1.780
2024-06-20,CPIAUCSL,317.025
2024-06-20,VIXCLS,25.330
2024-06-21,DGS10,5.662
2024-06-21,DGS2,1.788
2024-06-21,CPIAUCSL,317.400
2024-06-21,VIXCLS,25.700
2024-06-24,DGS10,5.716
2024-06-24,DGS2,1.757
2024-06-24,CPIAUCSL,317.963
2024-06-24,VIXCLS,25.090
2024-06-25,DGS10,5.728
2024-06-25,DGS2,1.765
2024-06-25,CPIAUCSL,318.304
2024-06-25,VIXCLS,24.920
2024-06-26,DGS10,5.717
2024-06-26,DGS2,1.761
2024-06-26,CPIAUCSL,318.895
2024-06-26,VIXCLS,25.540
2024-06-27,DGS10,5.719
2024-06-27,DGS2,1.773
2024-06-27,CPIAUCSL,318.864
2024-06-27,VIXCLS,26.230
2024-06-28,DGS10,5.636
2024-06-28,DGS2,1.758
2024-06-28,CPIAUCSL,319.548
2024-06-28,VIXCLS,24.830
2024-07-01,DGS10,5.604
2024-07-01,DGS2,1.770
2024-07-01,CPIAUCSL,319.980
2024-07-01,VIXCLS,23.040
2024-07-02,DGS10,5.569
2024-07-02,DGS2,1.797
2024-07-02,CPIAUCSL,319.779
2024-07-02,VIXCLS,22.840
2024-07-03,DGS10,5.573
2024-07-03,DGS2,1.769
2024-07-03,CPIAUCSL,319.482
2024-07-03,VIXCLS,22.500
2024-07-04,DGS10,5.588
2024-07-04,DGS2,1.767
2024-07-04,CPIAUCSL,319.206
2024-07-04,VIXCLS,21.880
2024-07-05,DGS10,5.553
2024-07-05,DGS2,1.769
2024-07-05,CPIAUCSL,318.900
2024-07-05,VIXCLS,22.780
2024-07-08,DGS10,5.531
2024-07-08,DGS2,1.781
2024-07-08,CPIAUCSL,318.646
2024-07-08,VIXCLS,22.930
2024-07-09,DGS10,5.614
2024-07-09,DGS2,1.793
2024-07-09,CPIAUCSL,319.232
2024-07-09,VIXCLS,23.470
2024-07-10,DGS10,5.565
2024-07-10,DGS2,1.783
2024-07-10,CPIAUCSL,318.449
2024-07-10,VIXCLS,23.150
2024-07-11,DGS10,5.543
2024-07-11,DGS2,1.786
2024-07-11,CPIAUCSL,318.792
2024-07-11,VIXCLS,22.580
2024-07-12,DGS10,5.482
2024-07-12,DGS2,1.798
2024-07-12,CPIAUCSL,318.870
2024-07-12,VIXCLS,20.930
2024-07-15,DGS10,5.530
2024-07-15,DGS2,1.787
2024-07-15,CPIAUCSL,319.413
2024-07-15,VIXCLS,20.090
2024-07-16,DGS10,5.533
2024-07-16,DGS2,1.789
2024-07-16,CPIAUCSL,319.071
2024-07-16,VIXCLS,20.150
2024-07-17,DGS10,5.541
2024-07-17,DGS2,1.785
2024-07-17,CPIAUCSL,318.745
2024-07-17,VIXCLS,20.470
2024-07-18,DGS10,5.550
2024-07-18,DGS2,1.785
2024-07-18,CPIAUCSL,318.935
2024-07-18,VIXCLS,21.210
2024-07-19,DGS10,5.641
2024-07-19,DGS2,1.758
2024-07-19,CPIAUCSL,318.514
2024-07-19,VIXCLS,20.690
2024-07-22,DGS10,5.643
2024-07-22,DGS2,1.767
2024-07-22,CPIAUCSL,318.215
2024-07-22,VIXCLS,19.930
2024-07-23,DGS10,5.650
2024-07-23,DGS2,1.766
2024-07-23,CPIAUCSL,318.548
2024-07-23,VIXCLS,20.550
2024-07-24,DGS10,5.711
2024-07-24,DGS2,1.777
2024-07-24,CPIAUCSL,318.923
2024-07-24,VIXCLS,21.320
2024-07-25,DGS10,5.721
2024-07-25,DGS2,1.791
2024-07-25,CPIAUCSL,319.180
2024-07-25,VIXCLS,20.170
2024-07-26,DGS10,5.730
2024-07-26,DGS2,1.803
2024-07-26,CPIAUCSL,319.286
2024-07-26,VIXCLS,19.030
2024-07-29,DGS10,5.745
2024-07-29,DGS2,1.816
2024-07-29,CPIAUCSL,318.673
2024-07-29,VIXCLS,18.100
2024-07-30,DGS10,5.713
2024-07-30,DGS2,1.829
2024-07-30,CPIAUCSL,318.416
2024-07-30,VIXCLS,17.600
2024-07-31,DGS10,5.768
2024-07-31,DGS2,1.852
2024-07-31,CPIAUCSL,318.930
2024-07-31,VIXCLS,17.930
2024-08-01,DGS10,5.816
2024-08-01,DGS2,1.847
2024-08-01,CPIAUCSL,318.966
2024-08-01,VIXCLS,17.790
2024-08-02,DGS10,5.866
2024-08-02,DGS2,1.821
2024-08-02,CPIAUCSL,319.114
2024-08-02,VIXCLS,17.920
2024-08-05,DGS10,5.815
2024-08-05,DGS2,1.821
2024-08-05,CPIAUCSL,318.995
2024-08-05,VIXCLS,17.450
2024-08-06,DGS10,5.840
2024-08-06,DGS2,1.823
2024-08-06,CPIAUCSL,318.975
2024-08-06,VIXCLS,18.190
2024-08-07,DGS10,5.853
2024-08-07,DGS2,1.835
2024-08-07,CPIAUCSL,319.003
2024-08-07,VIXCLS,17.790
2024-08-08,DGS10,5.844
2024-08-08,DGS2,1.840
2024-08-08,CPIAUCSL,319.319
2024-08-08,VIXCLS,18.180
2024-08-09,DGS10,5.809
2024-08-09,DGS2,1.836
2024-08-09,CPIAUCSL,319.219
2024-08-09,VIXCLS,17.830
2024-08-12,DGS10,5.806
2024-08-12,DGS2,1.852
2024-08-12,CPIAUCSL,319.172
2024-08-12,VIXCLS,17.620
2024-08-13,DGS10,5.812
2024-08-13,DGS2,1.851
2024-08-13,CPIAUCSL,319.993
2024-08-13,VIXCLS,17.890
2024-08-14,DGS10,5.767
2024-08-14,DGS2,1.831
2024-08-14,CPIAUCSL,320.440
2024-08-14,VIXCLS,17.760
2024-08-15,DGS10,5.756
2024-08-15,DGS2,1.802
2024-08-15,CPIAUCSL,321.041
2024-08-15,VIXCLS,18.780
2024-08-16,DGS10,5.809
2024-08-16,DGS2,1.794
2024-08-16,CPIAUCSL,321.545
2024-08-16,VIXCLS,18.010
2024-08-19,DGS10,5.782
2024-08-19,DGS2,1.826
2024-08-19,CPIAUCSL,321.618
2024-08-19,VIXCLS,17.780
2024-08-20,DGS10,5.745
2024-08-20,DGS2,1.826
2024-08-20,CPIAUCSL,320.993
2024-08-20,VIXCLS,17.120
2024-08-21,DGS10,5.832
2024-08-21,DGS2,1.818
2024-08-21,CPIAUCSL,320.750
2024-08-21,VIXCLS,17.840
2024-08-22,DGS10,5.846
2024-08-22,DGS2,1.820
2024-08-22,CPIAUCSL,320.949
2024-08-22,VIXCLS,18.770
2024-08-23,DGS10,5.806
2024-08-23,DGS2,1.797
2024-08-23,CPIAUCSL,320.520
2024-08-23,VIXCLS,18.920
2024-08-26,DGS10,5.886
2024-08-26,DGS2,1.822
2024-08-26,CPIAUCSL,320.303
2024-08-26,VIXCLS,18.300
2024-08-27,DGS10,5.789
2024-08-27,DGS2,1.805
2024-08-27,CPIAUCSL,320.794
2024-08-27,VIXCLS,18.920
2024-08-28,DGS10,5.829
2024-08-28,DGS2,1.791
2024-08-28,CPIAUCSL,321.221
2024-08-28,VIXCLS,19.420
2024-08-29,DGS10,5.844
2024-08-29,DGS2,1.784
2024-08-29,CPIAUCSL,321.285
2024-08-29,VIXCLS,18.250
2024-08-30,DGS10,5.826
2024-08-30,DGS2,1.804
2024-08-30,CPIAUCSL,322.017
2024-08-30,VIXCLS,18.160
2024-09-02,DGS10,5.806
2024-09-02,DGS2,1.820
2024-09-02,CPIAUCSL,322.129
2024-09-02,VIXCLS,18.220
2024-09-03,DGS10,5.814
2024-09-03,DGS2,1.830
2024-09-03,CPIAUCSL,321.846
2024-09-03,VIXCLS,17.970
2024-09-04,DGS10,5.797
2024-09-04,DGS2,1.839
2024-09-04,CPIAUCSL,321.480
2024-09-04,VIXCLS,18.200
2024-09-05,DGS10,5.874
2024-09-05,DGS2,1.811
2024-09-05,CPIAUCSL,321.155
2024-09-05,VIXCLS,18.600
2024-09-06,DGS10,5.907
2024-09-06,DGS2,1.833
2024-09-06,CPIAUCSL,321.638
2024-09-06,VIXCLS,19.290
2024-09-09,DGS10,5.926
2024-09-09,DGS2,1.841
2024-09-09,CPIAUCSL,321.660
2024-09-09,VIXCLS,20.190
2024-09-10,DGS10,5.930
2024-09-10,DGS2,1.834
2024-09-10,CPIAUCSL,321.395
2024-09-10,VIXCLS,19.800
2024-09-11,DGS10,5.870
2024-09-11,DGS2,1.819
2024-09-11,CPIAUCSL,321.286
2024-09-11,VIXCLS,18.910
2024-09-12,DGS10,5.936
2024-09-12,DGS2,1.827
2024-09-12,CPIAUCSL,321.421
2024-09-12,VIXCLS,19.410
2024-09-13,DGS10,5.883
2024-09-13,DGS2,1.811
2024-09-13,CPIAUCSL,321.210
2024-09-13,VIXCLS,18.560
2024-09-16,DGS10,5.862
2024-09-16,DGS2,1.806
2024-09-16,CPIAUCSL,320.440
2024-09-16,VIXCLS,19.320
2024-09-17,DGS10,5.866
2024-09-17,DGS2,1.834
2024-09-17,CPIAUCSL,320.806
2024-09-17,VIXCLS,19.570
2024-09-18,DGS10,5.842
2024-09-18,DGS2,1.827
2024-09-18,CPIAUCSL,320.438
2024-09-18,VIXCLS,20.160
2024-09-19,DGS10,5.873
2024-09-19,DGS2,1.831
2024-09-19,CPIAUCSL,320.707
2024-09-19,VIXCLS,20.720
2024-09-20,DGS10,5.876
2024-09-20,DGS2,1.830
2024-09-20,CPIAUCSL,320.746
2024-09-20,VIXCLS,21.470
2024-09-23,DGS10,5.785
2024-09-23,DGS2,1.851
2024-09-23,CPIAUCSL,320.887
2024-09-23,VIXCLS,21.860
2024-09-24,DGS10,5.795
2024-09-24,DGS2,1.843
2024-09-24,CPIAUCSL,321.014
2024-09-24,VIXCLS,22.600
2024-09-25,DGS10,5.846
2024-09-25,DGS2,1.859
2024-09-25,CPIAUCSL,321.107
2024-09-25,VIXCLS,22.070
2024-09-26,DGS10,5.845
2024-09-26,DGS2,1.877
2024-09-26,CPIAUCSL,321.307
2024-09-26,VIXCLS,21.260
2024-09-27,DGS10,5.762
2024-09-27,DGS2,1.887
2024-09-27,CPIAUCSL,321.273
2024-09-27,VIXCLS,21.280
2024-09-30,DGS10,5.887
2024-09-30,DGS2,1.884
2024-09-30,CPIAUCSL,320.735
2024-09-30,VIXCLS,21.630
2024-10-01,DGS10,5.800
2024-10-01,DGS2,1.898
2024-10-01,CPIAUCSL,320.418
2024-10-01,VIXCLS,20.340
2024-10-02,DGS10,5.839
2024-10-02,DGS2,1.888
2024-10-02,CPIAUCSL,319.925
2024-10-02,VIXCLS,19.950
2024-10-03,DGS10,5.909
2024-10-03,DGS2,1.855
2024-10-03,CPIAUCSL,319.880
2024-10-03,VIXCLS,19.910
2024-10-04,DGS10,5.846
2024-10-04,DGS2,1.866
2024-10-04,CPIAUCSL,319.939
2024-10-04,VIXCLS,20.030
2024-10-07,DGS10,5.892
2024-10-07,DGS2,1.853
2024-10-07,CPIAUCSL,319.687
2024-10-07,VIXCLS,20.370
2024-10-08,DGS10,5.827
2024-10-08,DGS2,1.854
2024-10-08,CPIAUCSL,319.168
2024-10-08,VIXCLS,19.900
2024-10-09,DGS10,5.804
2024-10-09,DGS2,1.859
2024-10-09,CPIAUCSL,319.077
2024-10-09,VIXCLS,20.550
2024-10-10,DGS10,5.788
2024-10-10,DGS2,1.881
2024-10-10,CPIAUCSL,319.306
2024-10-10,VIXCLS,20.660
2024-10-11,DGS10,5.774
2024-10-11,DGS2,1.863
2024-10-11,CPIAUCSL,319.494
2024-10-11,VIXCLS,20.670
2024-10-14,DGS10,5.864
2024-10-14,DGS2,1.882
2024-10-14,CPIAUCSL,319.290
2024-10-14,VIXCLS,19.210
2024-10-15,DGS10,5.896
2024-10-15,DGS2,1.888
2024-10-15,CPIAUCSL,319.195
2024-10-15,VIXCLS,19.100
2024-10-16,DGS10,5.945
2024-10-16,DGS2,1.883
2024-10-16,CPIAUCSL,319.628
2024-10-16,VIXCLS,18.890
2024-10-17,DGS10,5.897
2024-10-17,DGS2,1.880
2024-10-17,CPIAUCSL,320.138
2024-10-17,VIXCLS,19.670
2024-10-18,DGS10,5.886
2024-10-18,DGS2,1.882
2024-10-18,CPIAUCSL,320.169
2024-10-18,VIXCLS,19.600
2024-10-21,DGS10,5.926
2024-10-21,DGS2,1.898
2024-10-21,CPIAUCSL,320.542
2024-10-21,VIXCLS,19.150
2024-10-22,DGS10,5.929
2024-10-22,DGS2,1.905
2024-10-22,CPIAUCSL,320.929
2024-10-22,VIXCLS,19.380
2024-10-23,DGS10,5.888
2024-10-23,DGS2,1.892
2024-10-23,CPIAUCSL,320.765
2024-10-23,VIXCLS,19.370
2024-10-24,DGS10,5.882
2024-10-24,DGS2,1.880
2024-10-24,CPIAUCSL,320.995
2024-10-24,VIXCLS,19.890
2024-10-25,DGS10,5.873
2024-10-25,DGS2,1.880
2024-10-25,CPIAUCSL,321.242
2024-10-25,VIXCLS,19.720
2024-10-28,DGS10,5.712
2024-10-28,DGS2,1.861
2024-10-28,CPIAUCSL,321.429
2024-10-28,VIXCLS,20.410
2024-10-29,DGS10,5.784
2024-10-29,DGS2,1.892
2024-10-29,CPIAUCSL,321.948
2024-10-29,VIXCLS,19.610
2024-10-30,DGS10,5.774
2024-10-30,DGS2,1.920
2024-10-30,CPIAUCSL,321.827
2024-10-30,VIXCLS,19.960
2024-10-31,DGS10,5.794
2024-10-31,DGS2,1.919
2024-10-31,CPIAUCSL,322.144
2024-10-31,VIXCLS,20.340
2024-11-01,DGS10,5.753
2024-11-01,DGS2,1.931
2024-11-01,CPIAUCSL,322.222
2024-11-01,VIXCLS,20.220
2024-11-04,DGS10,5.727
2024-11-04,DGS2,1.904
2024-11-04,CPIAUCSL,322.661
2024-11-04,VIXCLS,21.250
2024-11-05,DGS10,5.749
2024-11-05,DGS2,1.948
2024-11-05,CPIAUCSL,322.984
2024-11-05,VIXCLS,21.940
2024-11-06,DGS10,5.816
2024-11-06,DGS2,1.931
2024-11-06,CPIAUCSL,323.182
2024-11-06,VIXCLS,22.590
2024-11-07,DGS10,5.724
2024-11-07,DGS2,1.912
2024-11-07,CPIAUCSL,323.099
2024-11-07,VIXCLS,22.220
2024-11-08,DGS10,5.811
2024-11-08,DGS2,1.958
2024-11-08,CPIAUCSL,323.477
2024-11-08,VIXCLS,22.120
2024-11-11,DGS10,5.879
2024-11-11,DGS2,1.954
2024-11-11,CPIAUCSL,323.982
2024-11-11,VIXCLS,23.390
2024-11-12,DGS10,5.781
2024-11-12,DGS2,1.970
2024-11-12,CPIAUCSL,323.887
2024-11-12,VIXCLS,23.130
2024-11-13,DGS10,5.762
2024-11-13,DGS2,1.956
2024-11-13,CPIAUCSL,324.076
2024-11-13,VIXCLS,22.670
2024-11-14,DGS10,5.757
2024-11-14,DGS2,1.960
2024-11-14,CPIAUCSL,324.068
2024-11-14,VIXCLS,22.870
2024-11-15,DGS10,5.803
2024-11-15,DGS2,1.974
2024-11-15,CPIAUCSL,324.174
2024-11-15,VIXCLS,23.050
2024-11-18,DGS10,5.789
2024-11-18,DGS2,1.984
2024-11-18,CPIAUCSL,324.864
2024-11-18,VIXCLS,23.660
2024-11-19,DGS10,5.860
2024-11-19,DGS2,1.989
2024-11-19,CPIAUCSL,325.066
2024-11-19,VIXCLS,24.450
2024-11-20,DGS10,5.832
2024-11-20,DGS2,1.994
2024-11-20,CPIAUCSL,325.733
2024-11-20,VIXCLS,26.200
2024-11-21,DGS10,5.813
2024-11-21,DGS2,2.001
2024-11-21,CPIAUCSL,325.438
2024-11-21,VIXCLS,25.660
2024-11-22,DGS10,5.811
2024-11-22,DGS2,2.015
2024-11-22,CPIAUCSL,325.919
2024-11-22,VIXCLS,26.330
2024-11-25,DGS10,5.780
2024-11-25,DGS2,2.043
2024-11-25,CPIAUCSL,326.078
2024-11-25,VIXCLS,26.490
2024-11-26,DGS10,5.794
2024-11-26,DGS2,2.038
2024-11-26,CPIAUCSL,326.577
2024-11-26,VIXCLS,27.520
2024-11-27,DGS10,5.729
2024-11-27,DGS2,2.038
2024-11-27,CPIAUCSL,326.979
2024-11-27,VIXCLS,26.720
2024-11-28,DGS10,5.634
2024-11-28,DGS2,2.030
2024-11-28,CPIAUCSL,326.854
2024-11-28,VIXCLS,26.470
2024-11-29,DGS10,5.614
2024-11-29,DGS2,2.028
2024-11-29,CPIAUCSL,325.973
2024-11-29,VIXCLS,26.030
2024-12-02,DGS10,5.710
2024-12-02,DGS2,2.028
2024-12-02,CPIAUCSL,326.318
2024-12-02,VIXCLS,25.650
2024-12-03,DGS10,5.706
2024-12-03,DGS2,2.036
2024-12-03,CPIAUCSL,326.645
2024-12-03,VIXCLS,25.370
2024-12-04,DGS10,5.712
2024-12-04,DGS2,2.033
2024-12-04,CPIAUCSL,326.718
2024-12-04,VIXCLS,24.820
2024-12-05,DGS10,5.743
2024-12-05,DGS2,2.070
2024-12-05,CPIAUCSL,326.844
2024-12-05,VIXCLS,25.720
2024-12-06,DGS10,5.721
2024-12-06,DGS2,2.084
2024-12-06,CPIAUCSL,326.657
2024-12-06,VIXCLS,27.220
2024-12-09,DGS10,5.652
2024-12-09,DGS2,2.094
2024-12-09,CPIAUCSL,326.808
2024-12-09,VIXCLS,29.060
2024-12-10,DGS10,5.656
2024-12-10,DGS2,2.111
2024-12-10,CPIAUCSL,326.799
2024-12-10,VIXCLS,30.560
2024-12-11,DGS10,5.660
2024-12-11,DGS2,2.111
2024-12-11,CPIAUCSL,326.657
2024-12-11,VIXCLS,30.110
2024-12-12,DGS10,5.689
2024-12-12,DGS2,2.141
2024-12-12,CPIAUCSL,326.655
2024-12-12,VIXCLS,30.990
2024-12-13,DGS10,5.741
2024-12-13,DGS2,2.126
2024-12-13,CPIAUCSL,326.241
2024-12-13,VIXCLS,31.750
2024-12-16,DGS10,5.820
2024-12-16,DGS2,2.111
2024-12-16,CPIAUCSL,325.662
2024-12-16,VIXCLS,32.150
2024-12-17,DGS10,5.788
2024-12-17,DGS2,2.121
2024-12-17,CPIAUCSL,325.701
2024-12-17,VIXCLS,32.370
2024-12-18,DGS10,5.904
2024-12-18,DGS2,2.127
2024-12-18,CPIAUCSL,325.727
2024-12-18,VIXCLS,33.620
2024-12-19,DGS10,5.890
2024-12-19,DGS2,2.124
2024-12-19,CPIAUCSL,326.441
2024-12-19,VIXCLS,34.160
2024-12-20,DGS10,5.890
2024-12-20,DGS2,2.114
2024-12-20,CPIAUCSL,326.892
2024-12-20,VIXCLS,33.980
2024-12-23,DGS10,5.854
2024-12-23,DGS2,2.106
2024-12-23,CPIAUCSL,326.485
2024-12-23,VIXCLS,32.790
2024-12-24,DGS10,5.930
2024-12-24,DGS2,2.144
2024-12-24,CPIAUCSL,325.971
2024-12-24,VIXCLS,32.140
2024-12-25,DGS10,5.921
2024-12-25,DGS2,2.159
2024-12-25,CPIAUCSL,325.446
2024-12-25,VIXCLS,33.040
2024-12-26,DGS10,5.847
2024-12-26,DGS2,2.119
2024-12-26,CPIAUCSL,325.343
2024-12-26,VIXCLS,33.730
2024-12-27,DGS10,5.864
2024-12-27,DGS2,2.132
2024-12-27,CPIAUCSL,325.069
2024-12-27,VIXCLS,32.110
2024-12-30,DGS10,5.888
2024-12-30,DGS2,2.150
2024-12-30,CPIAUCSL,325.087
2024-12-30,VIXCLS,32.020
2024-12-31,DGS10,5.943
2024-12-31,DGS2,2.168
2024-12-31,CPIAUCSL,324.811
2024-12-31,VIXCLS,31.740
