date,ticker,open,high,low,close,adj_close,volume
2019-01-01,SPY,250.332,250.955,249.522,250.916,250.916,10154664
2019-01-02,SPY,250.997,251.467,247.83,247.836,247.836,6559112
2019-01-03,SPY,248.197,250.505,247.607,250.109,250.109,11286410
2019-01-04,SPY,249.316,253.834,248.949,252.981,252.981,13394160
2019-01-07,SPY,252.993,253.954,245.814,247.158,247.158,9762388
2019-01-08,SPY,247.049,247.839,243.161,243.357,243.357,9392053
2019-01-09,SPY,243.523,244.155,242.994,243.762,243.762,11120321
2019-01-10,SPY,243.756,245.198,242.45,242.87,242.87,3914592
2019-01-11,SPY,242.164,242.99,241.857,242.852,242.852,11610452
2019-01-14,SPY,242.239,244.442,240.158,240.409,240.409,19305657
2019-01-15,SPY,240.423,243.157,239.841,242.991,242.991,9631971
2019-01-16,SPY,243.491,245.488,243.088,245.301,245.301,9642625
2019-01-17,SPY,244.214,245.819,243.902,245.526,245.526,12230821
2019-01-18,SPY,245.696,249.18,245.283,248.902,248.902,14935998
2019-01-21,SPY,249.494,250.962,248.664,250.334,250.334,12924904
2019-01-22,SPY,250.258,250.343,247.142,247.798,247.798,3533179
2019-01-23,SPY,248.071,250.255,247.636,248.929,248.929,11690197
2019-01-24,SPY,248.579,248.757,244.904,246.112,246.112,17715790
2019-01-25,SPY,246.053,248.954,245.412,248.752,248.752,11867323
2019-01-28,SPY,247.946,249.313,247.679,248.635,248.635,6536194
2019-01-29,SPY,247.469,248.427,247.256,248.116,248.116,10845489
2019-01-30,SPY,248.583,248.683,246.014,246.128,246.128,6157938
2019-01-31,SPY,245.643,250.253,243.62,249.797,249.797,13698411
2019-02-01,SPY,249.57,250.151,248.688,249.366,249.366,7132352
2019-02-04,SPY,248.675,250.668,248.082,248.12,248.12,10222731
2019-02-05,SPY,247.42,247.616,246.841,247.105,247.105,7426660
2019-02-06,SPY,247.019,249.807,246.836,248.72,248.72,8360656
2019-02-07,SPY,248.357,250.369,247.516,249.845,249.845,14458452
2019-02-08,SPY,250.034,251.157,249.793,251.118,251.118,10310371
2019-02-11,SPY,251.345,252.866,250.548,252.452,252.452,8322393
2019-02-12,SPY,252.614,259.488,252.368,259.057,259.057,6564316
2019-02-13,SPY,259.18,259.707,257.577,257.829,257.829,4384896
2019-02-14,SPY,258.643,259.143,256.162,256.282,256.282,6246158
2019-02-15,SPY,255.735,255.996,253.602,253.824,253.824,10335878
2019-02-18,SPY,253.796,256.412,252.089,255.74,255.74,12940701
2019-02-19,SPY,256.319,259.743,254.596,259.261,259.261,8318946
2019-02-20,SPY,259.917,260.633,258.639,258.94,258.94,14711631
2019-02-21,SPY,258.204,259.124,256.373,256.376,256.376,7847499
2019-02-22,SPY,256.215,257.033,253.289,253.884,253.884,9285965
2019-02-25,SPY,254.574,256.435,253.886,255.907,255.907,6761270
2019-02-26,SPY,256.167,258.989,255.542,258.232,258.232,12972285
2019-02-27,SPY,258.333,259.985,258.296,259.954,259.954,16292532
2019-02-28,SPY,259.841,260.446,257.71,257.919,257.919,4714549
2019-03-01,SPY,257.721,260.039,257.635,258.672,258.672,8961514
2019-03-04,SPY,258.821,259.738,258.74,259.067,259.067,13794340
2019-03-05,SPY,258.937,259.919,258.876,259.781,259.781,5659163
2019-03-06,SPY,259.759,263.04,259.613,262.546,262.546,11700052
2019-03-07,SPY,262.587,263.585,262.388,263.285,263.285,13664417
2019-03-08,SPY,262.928,266.258,262.334,265.472,265.472,10234686
2019-03-11,SPY,265.755,266.949,264.741,265.722,265.722,11650789
2019-03-12,SPY,267.27,267.841,265.839,266.679,266.679,15282707
2019-03-13,SPY,265.732,269.197,264.338,268.742,268.742,15845280
2019-03-14,SPY,268.916,269.472,263.43,264.117,264.117,9814098
2019-03-15,SPY,263.715,264.798,262.942,263.139,263.139,8402866
2019-03-18,SPY,263.443,264.219,261.295,261.692,261.692,7240060
2019-03-19,SPY,261.716,262.284,258.612,259.726,259.726,12930892
2019-03-20,SPY,260.122,260.401,257.517,258.903,258.903,5884673
2019-03-21,SPY,259.512,264.701,259.038,263.623,263.623,9242278
2019-03-22,SPY,263.725,264.85,260.8,260.932,260.932,10308069
2019-03-25,SPY,261.523,264.666,260.852,264.015,264.015,8490992
2019-03-26,SPY,262.777,262.845,258.004,258.77,258.77,10839461
2019-03-27,SPY,259.593,260.513,257.343,257.765,257.765,17693540
2019-03-28,SPY,257.959,258.392,257.82,258.302,258.302,9635204
2019-03-29,SPY,258.859,260.985,256.64,260.159,260.159,8693783
2019-04-01,SPY,259.524,263.447,259.29,262.422,262.422,13045995
2019-04-02,SPY,261.986,265.13,260.724,264.966,264.966,10718751
2019-04-03,SPY,265.044,265.858,262.939,263.894,263.894,14318007
2019-04-04,SPY,263.885,264.216,262.177,262.467,262.467,10494063
2019-04-05,SPY,262.616,265.674,261.836,265.217,265.217,9254730
2019-04-08,SPY,265.792,266.72,263.801,264.643,264.643,4648825
2019-04-09,SPY,263.708,263.951,259.484,260.656,260.656,5140796
2019-04-10,SPY,261.163,262.029,255.933,257.168,257.168,4492904
2019-04-11,SPY,257.172,257.503,254.226,254.378,254.378,11138017
2019-04-12,SPY,254.275,256.197,252.253,255.933,255.933,5913252
2019-04-15,SPY,255.18,256.773,254.92,256.404,256.404,13766732
2019-04-16,SPY,256.662,258.819,256.158,258.57,258.57,10090740
2019-04-17,SPY,257.322,258.11,257.098,257.281,257.281,9267439
2019-04-18,SPY,257.614,258.228,257.062,257.804,257.804,7468435
2019-04-19,SPY,257.034,259.812,256.379,259.78,259.78,11866776
2019-04-22,SPY,259.807,259.855,257.836,258.85,258.85,7586507
2019-04-23,SPY,258.788,260.856,258.733,260.306,260.306,7043866
2019-04-24,SPY,260.915,261.717,258.255,258.28,258.28,13565050
2019-04-25,SPY,258.187,258.975,256.921,257.19,257.19,11063863
2019-04-26,SPY,256.833,257.192,255.104,256.047,256.047,9295212
2019-04-29,SPY,255.788,256.798,251.787,252.431,252.431,11924299
2019-04-30,SPY,253.074,254.864,252.836,253.943,253.943,10026796
2019-05-01,SPY,254.215,255.919,252.497,252.549,252.549,11149039
2019-05-02,SPY,252.354,253.378,251.176,252.619,252.619,7549456
2019-05-03,SPY,252.5,255.201,251.5,254.113,254.113,16211196
2019-05-06,SPY,253.317,255.577,253.308,255.511,255.511,8261140
2019-05-07,SPY,255.71,258.876,254.19,257.592,257.592,14668049
2019-05-08,SPY,256.686,258.745,256.24,257.321,257.321,9433393
2019-05-09,SPY,257.708,257.905,254.724,256.05,256.05,12421291
2019-05-10,SPY,256.116,256.571,253.45,255.838,255.838,12202670
2019-05-13,SPY,257.059,257.764,250.19,250.742,250.742,13440555
2019-05-14,SPY,250.19,250.237,246.385,246.457,246.457,7478129
2019-05-15,SPY,246.406,246.861,241.776,242.607,242.607,13226906
2019-05-16,SPY,243.479,244.54,239.118,239.751,239.751,15539320
2019-05-17,SPY,240.323,241.259,240.07,240.935,240.935,9223921
2019-05-20,SPY,240.599,241.689,237.757,238.362,238.362,10104118
2019-05-21,SPY,238.468,239.238,236.994,237.313,237.313,8429660
2019-05-22,SPY,237.314,241.701,237.01,241.072,241.072,8960691
2019-05-23,SPY,241.208,241.559,240.057,240.075,240.075,15134268
2019-05-24,SPY,239.739,242.636,239.349,242.24,242.24,6987296
2019-05-27,SPY,242.197,242.994,239.561,239.572,239.572,7173644
2019-05-28,SPY,238.806,239.544,238.108,239.012,239.012,14832703
2019-05-29,SPY,239.077,239.729,236.006,236.333,236.333,11873645
2019-05-30,SPY,236.546,237.363,234.466,235.404,235.404,16361111
2019-05-31,SPY,235.297,238.614,233.901,237.82,237.82,8648684
2019-06-03,SPY,237.052,237.658,232.548,232.971,232.971,10378843
2019-06-04,SPY,233.431,234.401,233.033,234.218,234.218,8017969
2019-06-05,SPY,234.389,235.1,234.343,234.918,234.918,10429904
2019-06-06,SPY,234.577,234.918,233.231,233.278,233.278,4677710
2019-06-07,SPY,233.148,233.383,229.029,229.295,229.295,12054864
2019-06-10,SPY,228.606,230.104,228.595,229.523,229.523,10970422
2019-06-11,SPY,229.052,229.979,228.071,228.098,228.098,9827336
2019-06-12,SPY,227.853,229.364,227.733,228.765,228.765,8828907
2019-06-13,SPY,229.327,229.455,227.236,228.854,228.854,7315738
2019-06-14,SPY,228.562,234.13,227.272,233.325,233.325,12183139
2019-06-17,SPY,233.624,233.656,232.583,232.686,232.686,6486730
2019-06-18,SPY,232.435,233.415,229.475,229.875,229.875,11535688
2019-06-19,SPY,229.989,231.067,229.038,230.4,230.4,16223354
2019-06-20,SPY,230.334,231.295,230.009,231.038,231.038,14456564
2019-06-21,SPY,231.441,235.108,230.975,234.867,234.867,5484616
2019-06-24,SPY,234.616,237.724,233.582,237.263,237.263,8389786
2019-06-25,SPY,236.517,239.487,236.101,238.312,238.312,11264352
2019-06-26,SPY,237.653,243.202,237.113,242.564,242.564,9789154
2019-06-27,SPY,242.306,242.552,238.693,239.159,239.159,5801783
2019-06-28,SPY,238.562,238.639,237.038,237.361,237.361,11155948
2019-07-01,SPY,237.555,238.334,234.593,234.766,234.766,9969949
2019-07-02,SPY,234.547,234.78,232.8,233.7,233.7,15742976
2019-07-03,SPY,234.81,235.946,228.597,229.901,229.901,9240314
2019-07-04,SPY,229.102,232.03,228.197,231.689,231.689,13504010
2019-07-05,SPY,231.784,232.058,229.752,231.102,231.102,6198735
2019-07-08,SPY,230.58,232.482,226.347,227.088,227.088,6915972
2019-07-09,SPY,226.864,226.89,223.819,224.366,224.366,12164986
2019-07-10,SPY,224.429,225.452,223.342,225.24,225.24,13251192
2019-07-11,SPY,224.193,228.105,223.699,227.546,227.546,7127822
2019-07-12,SPY,227.654,233.85,226.278,233.094,233.094,10072232
2019-07-15,SPY,233.981,241.656,233.266,241.419,241.419,5855262
2019-07-16,SPY,241.2,242.783,240.332,242.654,242.654,9456341
2019-07-17,SPY,242.78,243.055,239.53,239.82,239.82,12510768
2019-07-18,SPY,240.312,241.694,233.661,233.792,233.792,8695125
2019-07-19,SPY,233.715,235.371,233.012,234.574,234.574,9252896
2019-07-22,SPY,234.302,234.977,231.256,232.327,232.327,6610614
2019-07-23,SPY,231.269,232.733,230.411,231.201,231.201,8054925
2019-07-24,SPY,231.498,232.03,229.509,229.539,229.539,15274333
2019-07-25,SPY,229.487,229.762,228.584,229.18,229.18,10218775
2019-07-26,SPY,228.716,233.375,228.097,232.161,232.161,6993077
2019-07-29,SPY,232.219,233.165,231.78,232.628,232.628,9055684
2019-07-30,SPY,232.357,232.745,231.702,232.215,232.215,5207717
2019-07-31,SPY,231.97,232.878,229.36,229.377,229.377,6957521
2019-08-01,SPY,229.655,230.165,224.625,224.842,224.842,14081019
2019-08-02,SPY,224.24,224.919,223.427,223.562,223.562,9572553
2019-08-05,SPY,224.03,224.944,222.081,223.446,223.446,15672191
2019-08-06,SPY,222.822,229.002,221.644,228.267,228.267,9713956
2019-08-07,SPY,227.964,228.932,227.804,228.653,228.653,9892064
2019-08-08,SPY,229.532,232.109,228.698,231.395,231.395,11922682
2019-08-09,SPY,231.917,232.068,229.031,230.042,230.042,1982237
2019-08-12,SPY,230.087,230.279,226.385,226.823,226.823,10614818
2019-08-13,SPY,226.397,226.733,223.884,224.24,224.24,9853041
2019-08-14,SPY,224.003,224.375,222.177,222.326,222.326,14458117
2019-08-15,SPY,222.358,228.505,221.293,228.106,228.106,12894038
2019-08-16,SPY,228.124,228.548,225.495,225.898,225.898,6598925
2019-08-19,SPY,225.857,228.514,225.405,228.212,228.212,13726416
2019-08-20,SPY,228.197,228.239,225.437,225.781,225.781,9213056
2019-08-21,SPY,225.684,228.651,225.095,228.348,228.348,7286640
2019-08-22,SPY,227.69,229.539,227.631,229.435,229.435,10591310
2019-08-23,SPY,229.198,229.576,228.415,229.033,229.033,9391692
2019-08-26,SPY,229.452,230.872,228.722,228.951,228.951,14615396
2019-08-27,SPY,228.324,228.968,225.72,227.188,227.188,11021866
2019-08-28,SPY,227.102,229.105,227.036,228.436,228.436,10616977
2019-08-29,SPY,228.062,230.175,226.412,227.221,227.221,12701941
2019-08-30,SPY,227.272,227.624,223.812,223.933,223.933,13278615
2019-09-02,SPY,223.759,224.084,219.659,220.553,220.553,12350815
2019-09-03,SPY,221.205,221.672,220.243,221.039,221.039,14258390
2019-09-04,SPY,221.263,225.978,220.571,225.296,225.296,11826047
2019-09-05,SPY,224.705,226.058,224.405,225.758,225.758,10502954
2019-09-06,SPY,226.061,226.404,224.831,225.465,225.465,13717516
2019-09-09,SPY,225.116,226.708,224.725,226.269,226.269,9727312
2019-09-10,SPY,226.008,229.992,225.653,229.872,229.872,10099740
2019-09-11,SPY,230.016,230.603,229.258,230.508,230.508,15164731
2019-09-12,SPY,230.281,231.032,229.031,229.403,229.403,14865772
2019-09-13,SPY,229.813,233.101,229.625,232.498,232.498,9975473
2019-09-16,SPY,232.138,233.841,231.701,233.728,233.728,8639345
2019-09-17,SPY,233.438,238.584,233.243,238.105,238.105,14389521
2019-09-18,SPY,237.793,239.473,237.478,238.66,238.66,12401255
2019-09-19,SPY,238.39,238.944,234.963,235.209,235.209,10946744
2019-09-20,SPY,235.726,236.862,231.251,231.408,231.408,9034382
2019-09-23,SPY,231.699,236.291,230.592,236.069,236.069,10995090
2019-09-24,SPY,236.876,241.153,236.754,241.033,241.033,9934875
2019-09-25,SPY,242.126,242.692,239.694,240.545,240.545,8006985
2019-09-26,SPY,240.049,240.705,239.07,239.472,239.472,10387127
2019-09-27,SPY,239.506,243.948,238.452,243.74,243.74,10796272
2019-09-30,SPY,243.167,243.594,239.759,240.554,240.554,8873815
2019-10-01,SPY,240.18,240.227,237.421,238.016,238.016,12711477
2019-10-02,SPY,237.716,240.376,237.106,239.891,239.891,13866497
2019-10-03,SPY,239.384,239.572,238.724,238.788,238.788,12909693
2019-10-04,SPY,238.286,238.818,237.847,238.804,238.804,9171255
2019-10-07,SPY,238.735,238.76,237.469,238.367,238.367,12267465
2019-10-08,SPY,237.787,240.719,237.567,239.365,239.365,10233884
2019-10-09,SPY,239.768,243.764,239.447,243.473,243.473,6292762
2019-10-10,SPY,243.026,243.81,241.508,243.769,243.769,12018188
2019-10-11,SPY,245.139,245.899,245.087,245.691,245.691,10438395
2019-10-14,SPY,245.47,245.651,239.733,239.751,239.751,17780644
2019-10-15,SPY,239.786,240.137,239.51,239.642,239.642,14371813
2019-10-16,SPY,239.021,239.795,235.76,237.26,237.26,12133450
2019-10-17,SPY,238.069,239.232,232.974,233.845,233.845,10747512
2019-10-18,SPY,234.368,234.613,230.878,231.423,231.423,10491167
2019-10-21,SPY,231.56,232.091,229.861,230.526,230.526,6988932
2019-10-22,SPY,229.905,234.284,229.552,233.104,233.104,4783038
2019-10-23,SPY,233.202,233.749,229.387,229.452,229.452,7382323
2019-10-24,SPY,228.938,230.577,228.405,229.566,229.566,9856849
2019-10-25,SPY,230.237,230.398,227.922,228.265,228.265,3683382
2019-10-28,SPY,228.635,228.811,227.155,227.398,227.398,8367035
2019-10-29,SPY,227.442,230.303,226.699,230.181,230.181,9257161
2019-10-30,SPY,229.059,232.076,228.237,231.701,231.701,9353720
2019-10-31,SPY,231.246,236.128,231.175,235.48,235.48,8014829
2019-11-01,SPY,235.804,235.85,233.854,235.074,235.074,8975459
2019-11-04,SPY,235.644,235.941,233.113,233.149,233.149,15171681
2019-11-05,SPY,233.666,234.245,232.357,232.553,232.553,11986436
2019-11-06,SPY,231.812,233.824,231.136,233.26,233.26,8319098
2019-11-07,SPY,233.401,234.027,233.165,233.785,233.785,9794957
2019-11-08,SPY,234.26,236.16,230.219,230.792,230.792,9915060
2019-11-11,SPY,230.027,231.503,229.898,231.072,231.072,7696134
2019-11-12,SPY,231.069,232.1,230.157,231.736,231.736,7692609
2019-11-13,SPY,231.863,239.604,230.878,238.874,238.874,13031572
2019-11-14,SPY,238.73,244.467,237.926,244.346,244.346,8740647
2019-11-15,SPY,243.441,243.482,241.02,241.888,241.888,6715911
2019-11-18,SPY,241.73,243.369,240.852,241.086,241.086,9870579
2019-11-19,SPY,240.928,241.084,235.856,236.919,236.919,10354029
2019-11-20,SPY,236.849,237.509,234.53,235.276,235.276,4081887
2019-11-21,SPY,235.011,236.543,234.529,236.199,236.199,9877761
2019-11-22,SPY,235.99,240.594,235.344,239.672,239.672,12603940
2019-11-25,SPY,239.653,239.675,236.381,237.615,237.615,11353688
2019-11-26,SPY,237.825,238.027,235.408,235.787,235.787,16689385
2019-11-27,SPY,235.643,235.858,229.552,229.818,229.818,13753328
2019-11-28,SPY,229.63,229.716,228.94,229.399,229.399,14346802
2019-11-29,SPY,229.442,229.617,226.348,226.522,226.522,18400258
2019-12-02,SPY,225.652,226.692,223.988,225.117,225.117,12274469
2019-12-03,SPY,225.331,226.33,222.321,222.789,222.789,10489211
2019-12-04,SPY,222.788,223.179,221.929,222.565,222.565,12921221
2019-12-05,SPY,222.583,222.588,217.705,217.948,217.948,8322291
2019-12-06,SPY,218.367,218.765,213.837,214.172,214.172,10323059
2019-12-09,SPY,213.335,220.155,213.166,219.743,219.743,8056817
2019-12-10,SPY,218.875,219.059,215.91,216.402,216.402,11193954
2019-12-11,SPY,216.52,217.147,213.496,213.599,213.599,8044273
2019-12-12,SPY,213.596,218.57,212.386,218.388,218.388,7939215
2019-12-13,SPY,218.462,226.318,217.555,226.164,226.164,11240420
2019-12-16,SPY,225.955,226.176,222.798,223.035,223.035,9586866
2019-12-17,SPY,223.332,224.59,222.064,222.08,222.08,4217437
2019-12-18,SPY,222.495,223.469,221.931,223.021,223.021,5633329
2019-12-19,SPY,223.237,227.775,222.48,227.725,227.725,6558201
2019-12-20,SPY,227.606,227.897,224.512,225.073,225.073,7351084
2019-12-23,SPY,224.124,224.456,224.072,224.44,224.44,11243270
2019-12-24,SPY,224.785,226.913,223.557,226.572,226.572,10656817
2019-12-25,SPY,227.126,228.845,226.361,227.787,227.787,13195838
2019-12-26,SPY,228.08,228.43,225.385,226.79,226.79,12258405
2019-12-27,SPY,226.391,227.184,226.336,226.455,226.455,13215709
2019-12-30,SPY,226.76,227.934,221.357,222.778,222.778,11825189
2019-12-31,SPY,223.161,223.694,221.764,222.17,222.17,10629038
2020-01-01,SPY,222.863,223.563,220.889,221.489,221.489,13298055
2020-01-02,SPY,221.101,222.525,220.661,222.136,222.136,12758238
2020-01-03,SPY,222.035,222.436,220.274,220.689,220.689,11128286
2020-01-06,SPY,221.018,222.571,220.85,221.969,221.969,13813216
2020-01-07,SPY,221.995,224.887,221.67,224.712,224.712,2962635
2020-01-08,SPY,224.21,226.415,223.773,225.16,225.16,9128610
2020-01-09,SPY,225.347,226.477,225.262,226.142,226.142,9082629
2020-01-10,SPY,226.403,226.674,226.037,226.315,226.315,13458049
2020-01-13,SPY,226.355,226.915,225.591,226.344,226.344,14714185
2020-01-14,SPY,226.443,226.928,224.197,224.421,224.421,5649462
2020-01-15,SPY,224.305,226.015,224.077,225.304,225.304,14233502
2020-01-16,SPY,225.97,226.998,224.95,225.07,225.07,6485664
2020-01-17,SPY,224.664,231.688,223.712,230.824,230.824,6576354
2020-01-20,SPY,230.553,235.755,229.869,235.254,235.254,9297143
2020-01-21,SPY,235.259,237.561,233.326,236.376,236.376,9045381
2020-01-22,SPY,236.791,237.142,233.937,234.251,234.251,5324748
2020-01-23,SPY,233.55,233.578,230.744,231.174,231.174,11949634
2020-01-24,SPY,230.569,236.077,230.466,234.532,234.532,12038207
2020-01-27,SPY,233.577,236.731,233.183,235.303,235.303,13162125
2020-01-28,SPY,235.319,236.785,234.523,236.693,236.693,8699634
2020-01-29,SPY,236.164,236.417,231.324,231.819,231.819,9881252
2020-01-30,SPY,231.641,235.221,231.233,234.443,234.443,9908719
2020-01-31,SPY,234.753,235.802,234.616,235.755,235.755,15063986
2020-02-03,SPY,235.453,235.534,231.47,232.665,232.665,1497266
2020-02-04,SPY,232.772,233.432,230.062,231.381,231.381,7129167
2020-02-05,SPY,231.243,232.24,230.245,232.144,232.144,10016623
2020-02-06,SPY,232.456,233.313,232.028,232.32,232.32,6743289
2020-02-07,SPY,232.541,232.547,231.266,231.537,231.537,9225039
2020-02-10,SPY,231.216,231.359,231.025,231.279,231.279,9621773
2020-02-11,SPY,231.201,231.939,230.268,230.61,230.61,8026942
2020-02-12,SPY,231.092,231.77,230.489,231.062,231.062,10193407
2020-02-13,SPY,231.244,237.195,230.162,235.209,235.209,11884448
2020-02-14,SPY,234.551,234.816,228.059,228.104,228.104,9291201
2020-02-17,SPY,228.403,228.664,227.101,227.485,227.485,8640416
2020-02-18,SPY,226.992,228.356,226.531,227.997,227.997,9502705
2020-02-19,SPY,228.641,230.126,228.347,228.837,228.837,9977691
2020-02-20,SPY,229.306,229.851,227.111,227.848,227.848,4779041
2020-02-21,SPY,227.98,229.077,222.893,223.123,223.123,11384662
2020-02-24,SPY,223.193,224.975,222.671,224.032,224.032,8646996
2020-02-25,SPY,223.938,228.987,223.905,228.753,228.753,13784605
2020-02-26,SPY,229.064,229.137,224.008,224.61,224.61,11773160
2020-02-27,SPY,224.443,227.85,224.27,226.979,226.979,13510199
2020-02-28,SPY,227.086,227.445,225.912,226.115,226.115,6966989
2020-03-02,SPY,226.509,226.952,225.505,225.978,225.978,8885840
2020-03-03,SPY,225.724,225.792,222.882,223.169,223.169,6272625
2020-03-04,SPY,222.894,223.084,222.147,222.304,222.304,7884426
2020-03-05,SPY,221.772,227.132,220.714,225.828,225.828,13756316
2020-03-06,SPY,225.347,228.794,224.23,227.441,227.441,14462472
2020-03-09,SPY,226.609,232.281,226.321,232.248,232.248,6555600
2020-03-10,SPY,232.587,235.628,232.018,235.583,235.583,8625167
2020-03-11,SPY,236.435,237.123,236.221,236.858,236.858,9771413
2020-03-12,SPY,237.533,242.701,236.977,241.898,241.898,11756817
2020-03-13,SPY,241.111,243.447,240.192,243.207,243.207,4720569
2020-03-16,SPY,243.559,245.977,242.528,245.667,245.667,5191000
2020-03-17,SPY,246.365,247.089,243.595,244.825,244.825,11468878
2020-03-18,SPY,244.601,245.448,244.343,245.052,245.052,4152884
2020-03-19,SPY,245.102,245.129,242.735,243.041,243.041,8659608
2020-03-20,SPY,242.065,247.142,241.387,245.975,245.975,10486275
2020-03-23,SPY,246.107,246.627,242.182,242.553,242.553,11246998
2020-03-24,SPY,242.037,246.298,241.173,244.872,244.872,9574846
2020-03-25,SPY,244.97,245.5,243.696,244.344,244.344,8902730
2020-03-26,SPY,243.581,248.921,243.013,247.834,247.834,12533713
2020-03-27,SPY,248.103,250.744,247.289,250.109,250.109,10855618
2020-03-30,SPY,250.622,255.847,250.32,255.666,255.666,8058950
2020-03-31,SPY,255.266,258.681,254.467,257.951,257.951,10113169
2020-04-01,SPY,257.364,257.54,252.839,253.163,253.163,11149507
2020-04-02,SPY,252.071,253.578,250.087,252.992,252.992,15154712
2020-04-03,SPY,252.857,252.934,249.4,249.491,249.491,12358971
2020-04-06,SPY,249.2,250.256,247.849,247.975,247.975,13643671
2020-04-07,SPY,247.206,253.542,246.595,252.546,252.546,8168178
2020-04-08,SPY,252.774,255.572,251.344,254.518,254.518,8427451
2020-04-09,SPY,254.289,254.664,251.544,252.424,252.424,9293860
2020-04-10,SPY,251.881,253.441,248.79,249.404,249.404,9569282
2020-04-13,SPY,249.127,250.554,248.192,249.534,249.534,6975925
2020-04-14,SPY,250.069,251.491,245.91,245.949,245.949,13797801
2020-04-15,SPY,246.246,247.295,243.265,244.007,244.007,12650055
2020-04-16,SPY,243.944,245.642,242.867,244.954,244.954,9082966
2020-04-17,SPY,245.257,249.557,244.733,248.405,248.405,11925132
2020-04-20,SPY,247.829,250.486,247.255,250.259,250.259,10668697
2020-04-21,SPY,250.275,251.097,242.296,243.502,243.502,12159484
2020-04-22,SPY,243.574,244.828,242.753,244.425,244.425,5967079
2020-04-23,SPY,244.195,245.628,244.191,244.667,244.667,9563017
2020-04-24,SPY,244.88,246.368,244.275,245.917,245.917,9825884
2020-04-27,SPY,245.533,252.373,245.256,250.765,250.765,11870926
2020-04-28,SPY,251.021,251.189,243.337,244.664,244.664,8114687
2020-04-29,SPY,244.934,245.77,241.415,242.966,242.966,2500208
2020-04-30,SPY,241.548,244.739,240.554,244.726,244.726,6754901
2020-05-01,SPY,245.308,245.676,239.504,240.156,240.156,9816856
2020-05-04,SPY,238.692,245.131,237.94,244.478,244.478,10191653
2020-05-05,SPY,244.177,246.311,244.175,245.593,245.593,15051244
2020-05-06,SPY,246.096,249.107,245.344,248.132,248.132,11748239
2020-05-07,SPY,247.975,248.625,246.159,246.469,246.469,10244591
2020-05-08,SPY,245.747,249.727,245.637,248.92,248.92,9902826
2020-05-11,SPY,248.375,252.719,247.559,252.164,252.164,13312550
2020-05-12,SPY,252.682,253.104,252.128,252.902,252.902,8229669
2020-05-13,SPY,251.93,253.715,251.907,253.647,253.647,9579149
2020-05-14,SPY,254.22,254.685,254.206,254.504,254.504,6732226
2020-05-15,SPY,254.476,255.401,251.707,251.913,251.913,14256718
2020-05-18,SPY,251.312,252.22,251.018,251.499,251.499,11177497
2020-05-19,SPY,251.206,251.418,251.017,251.071,251.071,7877430
2020-05-20,SPY,250.561,252.444,250.535,252.261,252.261,9656635
2020-05-21,SPY,252.698,256.443,251.904,255.339,255.339,11528952
2020-05-22,SPY,255.713,255.745,251.542,252.148,252.148,9247843
2020-05-25,SPY,251.281,252.56,250.545,251.802,251.802,8396588
2020-05-26,SPY,251.599,257.182,251.434,256.352,256.352,8037179
2020-05-27,SPY,255.909,256.087,253.882,254.107,254.107,11016886
2020-05-28,SPY,254.764,255.219,251.374,251.644,251.644,8925837
2020-05-29,SPY,250.965,252.472,249.369,252.288,252.288,8638727
2020-06-01,SPY,253.097,255.901,252.421,254.89,254.89,5991815
2020-06-02,SPY,254.873,255.444,254.355,254.957,254.957,10232922
2020-06-03,SPY,254.365,260.014,253.434,259.089,259.089,9456330
2020-06-04,SPY,258.738,261.927,258.367,261.8,261.8,9035055
2020-06-05,SPY,261.38,265.8,261.342,264.492,264.492,10596312
2020-06-08,SPY,263.818,266.435,262.303,266.291,266.291,12244007
2020-06-09,SPY,266.341,274.236,266.119,273.868,273.868,12104696
2020-06-10,SPY,273.196,273.677,272.18,273.23,273.23,11658186
2020-06-11,SPY,272.038,272.884,266.742,266.773,266.773,9277989
2020-06-12,SPY,266.571,272.41,266.238,271.993,271.993,8299005
2020-06-15,SPY,271.013,272.146,270.481,270.538,270.538,6868253
2020-06-16,SPY,270.131,271.432,269.444,270.923,270.923,8220530
2020-06-17,SPY,270.431,276.138,269.874,275.249,275.249,10058950
2020-06-18,SPY,274.77,275.064,269.245,270.042,270.042,7641142
2020-06-19,SPY,271.123,271.371,265.541,266.051,266.051,10288171
2020-06-22,SPY,266.081,266.437,260.942,261.021,261.021,7103630
2020-06-23,SPY,261.149,261.196,258.407,258.578,258.578,5017024
2020-06-24,SPY,257.659,259.989,257.11,259.979,259.979,12458218
2020-06-25,SPY,259.639,262.168,258.623,261.653,261.653,8576756
2020-06-26,SPY,261.766,263.128,260.999,262.555,262.555,7488899
2020-06-29,SPY,262.017,262.049,257.606,258.175,258.175,6718459
2020-06-30,SPY,258.644,258.886,250.066,251.148,251.148,11269108
2020-07-01,SPY,250.544,252.54,249.018,251.344,251.344,14124723
2020-07-02,SPY,251.2,251.894,249.729,249.957,249.957,8790778
2020-07-03,SPY,249.664,252.554,249.305,251.371,251.371,9353310
2020-07-06,SPY,251.454,253.822,250.443,253.53,253.53,13214896
2020-07-07,SPY,253.205,254.992,253.204,253.983,253.983,4568663
2020-07-08,SPY,253.846,257.528,253.458,256.343,256.343,15900606
2020-07-09,SPY,256.222,257.169,256.028,257.082,257.082,17332301
2020-07-10,SPY,256.705,259.968,255.876,258.756,258.756,1880987
2020-07-13,SPY,259.007,259.152,254.83,256.61,256.61,9707490
2020-07-14,SPY,256.732,257.739,255.362,256.09,256.09,7843159
2020-07-15,SPY,256.044,256.999,255.259,256.728,256.728,9205685
2020-07-16,SPY,256.507,259.668,255.832,259.302,259.302,8744845
2020-07-17,SPY,259.715,260.755,256.868,258.112,258.112,12435277
2020-07-20,SPY,257.99,260.495,257.184,259.765,259.765,9662290
2020-07-21,SPY,259.605,259.866,258.865,258.97,258.97,7267278
2020-07-22,SPY,259.025,259.695,258.61,258.638,258.638,9483445
2020-07-23,SPY,259.516,261.897,258.88,261.259,261.259,11544353
2020-07-24,SPY,260.559,260.697,254.436,255.118,255.118,6448836
2020-07-27,SPY,255.51,255.78,250.925,251.211,251.211,5061299
2020-07-28,SPY,250.26,250.376,246.622,246.814,246.814,15978228
2020-07-29,SPY,246.922,247.221,239.591,240.029,240.029,8072720
2020-07-30,SPY,240.785,240.978,237.98,238.114,238.114,9587941
2020-07-31,SPY,238.347,240.764,238.179,240.296,240.296,8806614
2020-08-03,SPY,240.378,241.535,239.499,239.506,239.506,11644263
2020-08-04,SPY,239.238,240.862,238.667,240.106,240.106,15318370
2020-08-05,SPY,240.121,243.851,238.935,243.296,243.296,11739802
2020-08-06,SPY,243.173,247.657,242.746,247.235,247.235,5444905
2020-08-07,SPY,246.846,247.612,246.251,247.061,247.061,5847630
2020-08-10,SPY,246.918,252.032,246.77,251.139,251.139,8803106
2020-08-11,SPY,251.239,252.229,250.706,251.449,251.449,9195300
2020-08-12,SPY,251.063,252.347,248.479,248.967,248.967,4834146
2020-08-13,SPY,248.566,249.257,247.102,247.229,247.229,12458023
2020-08-14,SPY,246.556,246.743,241.87,242.907,242.907,6741038
2020-08-17,SPY,243.096,243.251,240.126,240.362,240.362,14479905
2020-08-18,SPY,240.624,240.92,239.303,239.362,239.362,15461898
2020-08-19,SPY,239.473,242.134,239.107,241.713,241.713,9255239
2020-08-20,SPY,242.179,247.399,241.103,246.787,246.787,11316918
2020-08-21,SPY,246.831,247.362,242.409,242.759,242.759,6304158
2020-08-24,SPY,242.949,244.02,241.948,243.937,243.937,11871029
2020-08-25,SPY,244.085,245.005,240.75,240.941,240.941,8505423
2020-08-26,SPY,240.897,242.472,240.838,242.348,242.348,6738294
2020-08-27,SPY,242.091,243.094,241.318,241.998,241.998,9131995
2020-08-28,SPY,243.07,244.292,236.761,236.769,236.769,8602756
2020-08-31,SPY,236.555,239.968,236.546,239.452,239.452,9024522
2020-09-01,SPY,239.133,239.987,236.775,237.751,237.751,12849040
2020-09-02,SPY,237.957,238.307,235.88,236.262,236.262,7644077
2020-09-03,SPY,236.381,236.985,233.052,233.279,233.279,15205069
2020-09-04,SPY,232.623,233.13,231.197,231.484,231.484,6024821
2020-09-07,SPY,232.004,233.253,231.682,232.705,232.705,14846291
2020-09-08,SPY,232.661,232.915,231.802,232.207,232.207,6950468
2020-09-09,SPY,231.691,233.205,231.365,233.154,233.154,9996960
2020-09-10,SPY,233.709,234.627,233.581,234.199,234.199,8529412
2020-09-11,SPY,234.492,239.326,232.474,237.971,237.971,8968814
2020-09-14,SPY,237.369,237.611,236.68,237.024,237.024,12404072
2020-09-15,SPY,237.867,237.999,232.136,232.89,232.89,14499480
2020-09-16,SPY,233.197,236.317,232.021,235.922,235.922,13571574
2020-09-17,SPY,235.917,236.864,234.936,235.016,235.016,8785431
2020-09-18,SPY,235.763,238.671,234.642,238.211,238.211,10552766
2020-09-21,SPY,238.286,240.815,237.743,239.34,239.34,7653766
2020-09-22,SPY,239.326,239.382,238.992,238.994,238.994,7025349
2020-09-23,SPY,238.678,240.071,237.744,240.027,240.027,6561097
2020-09-24,SPY,240.306,245.972,239.133,245.744,245.744,8687280
2020-09-25,SPY,245.978,253.514,245.917,251.978,251.978,10748817
2020-09-28,SPY,251.985,252.995,251.95,252.22,252.22,4264555
2020-09-29,SPY,251.822,252.892,250.799,252.738,252.738,9860939
2020-09-30,SPY,252.803,256.67,252.302,256.056,256.056,14548075
2020-10-01,SPY,256.02,256.44,252.837,253.503,253.503,13365733
2020-10-02,SPY,252.827,254.588,252.336,254.551,254.551,8244448
2020-10-05,SPY,253.801,255.533,253.424,254.504,254.504,5809381
2020-10-06,SPY,254.792,256.878,254.315,255.497,255.497,11379491
2020-10-07,SPY,254.168,254.509,251.38,252.987,252.987,3047715
2020-10-08,SPY,253.091,253.377,248.199,248.239,248.239,13330462
2020-10-09,SPY,248.002,249.856,241.096,242.171,242.171,9359238
2020-10-12,SPY,242.805,243.116,237.817,238.976,238.976,15493901
2020-10-13,SPY,238.74,239.149,237.569,237.695,237.695,4819104
2020-10-14,SPY,238.008,239.276,236.247,236.89,236.89,12754439
2020-10-15,SPY,236.702,243.508,236.206,242.493,242.493,9698473
2020-10-16,SPY,242.548,246.478,241.173,245.764,245.764,9006848
2020-10-19,SPY,246.126,247.911,242.172,242.974,242.974,5890470
2020-10-20,SPY,242.749,245.038,242.009,244.021,244.021,11787244
2020-10-21,SPY,244.507,245.577,241.237,242.863,242.863,12028412
2020-10-22,SPY,242.38,242.431,241.539,242.066,242.066,15355383
2020-10-23,SPY,242.209,243.223,242.142,242.636,242.636,13024151
2020-10-26,SPY,243.084,245.686,242.769,244.477,244.477,8218314
2020-10-27,SPY,244.8,245.878,242.816,243.515,243.515,6988412
2020-10-28,SPY,244.448,247.257,242.938,246.675,246.675,5894526
2020-10-29,SPY,246.299,246.327,243.211,243.349,243.349,14419673
2020-10-30,SPY,242.678,243.87,241.138,243.399,243.399,7665477
2020-11-02,SPY,242.915,251.714,241.899,251.137,251.137,14440690
2020-11-03,SPY,251.469,252.281,250.156,251.843,251.843,11575216
2020-11-04,SPY,252.094,256.601,251.59,256.244,256.244,10989709
2020-11-05,SPY,256.297,257.985,255.782,256.559,256.559,9079395
2020-11-06,SPY,255.983,259.054,255.921,258.386,258.386,11982019
2020-11-09,SPY,258.782,259.707,258.196,258.243,258.243,9953588
2020-11-10,SPY,257.611,258.291,255.295,257.748,257.748,8892360
2020-11-11,SPY,258.346,258.616,254.556,255.381,255.381,12088014
2020-11-12,SPY,256.841,257.045,256.56,256.736,256.736,9568084
2020-11-13,SPY,256.924,257.178,253.689,254.159,254.159,7604996
2020-11-16,SPY,254.455,256.712,254.454,256.23,256.23,11799480
2020-11-17,SPY,255.977,260.31,255.892,259.622,259.622,9808043
2020-11-18,SPY,258.682,261.622,257.871,260.799,260.799,11466730
2020-11-19,SPY,260.485,260.535,259.855,259.938,259.938,8638420
2020-11-20,SPY,259.37,262.977,258.972,261.392,261.392,6372636
2020-11-23,SPY,260.635,260.671,260.202,260.458,260.458,15205222
2020-11-24,SPY,261.356,264.164,260.909,263.433,263.433,14639834
2020-11-25,SPY,263.576,264.547,256.647,257.739,257.739,12651355
2020-11-26,SPY,257.935,258.423,256.014,256.736,256.736,8836568
2020-11-27,SPY,256.577,257.137,250.654,250.707,250.707,9099046
2020-11-30,SPY,250.621,251.516,245.415,246.281,246.281,14146982
2020-12-01,SPY,246.756,250.867,246.312,250.377,250.377,8938510
2020-12-02,SPY,250.361,253.21,250.196,253.114,253.114,8102332
2020-12-03,SPY,253.382,253.513,250.78,250.97,250.97,15616704
2020-12-04,SPY,250.871,251.843,246.163,246.517,246.517,9856967
2020-12-07,SPY,246.348,246.543,237.264,237.932,237.932,15305276
2020-12-08,SPY,237.262,238.213,235.572,236.415,236.415,5804824
2020-12-09,SPY,235.48,243.587,234.314,243.414,243.414,11554555
2020-12-10,SPY,243.286,245.707,243.115,244.718,244.718,16213248
2020-12-11,SPY,244.746,245.888,242.04,243.112,243.112,10089252
2020-12-14,SPY,242.486,245.725,241.759,244.504,244.504,9207987
2020-12-15,SPY,244.487,244.553,239.713,239.997,239.997,6496744
2020-12-16,SPY,240.023,240.489,238.214,239.173,239.173,13247029
2020-12-17,SPY,238.141,239.686,237.87,239.489,239.489,7689616
2020-12-18,SPY,239.051,240.333,238.52,239.272,239.272,9715574
2020-12-21,SPY,239.467,242.616,239.073,241.585,241.585,6296493
2020-12-22,SPY,241.772,242.903,241.455,242.617,242.617,14670684
2020-12-23,SPY,242.057,245.605,241.667,244.602,244.602,13464656
2020-12-24,SPY,244.679,244.717,242.101,242.62,242.62,9905246
2020-12-25,SPY,243.117,246.332,242.546,245.28,245.28,6537553
2020-12-28,SPY,245.661,250.346,244.779,250.154,250.154,14607721
2020-12-29,SPY,250.106,250.746,246.634,247.29,247.29,8902205
2020-12-30,SPY,247.058,247.591,244.259,244.701,244.701,6684385
2020-12-31,SPY,370.587,371.3865,366.38849999999996,367.0515,367.0515,4713646
2021-01-01,SPY,248.919,249.179,246.676,248.148,248.148,8062105
2021-01-04,SPY,248.245,252.572,247.237,252.396,252.396,5636086
2021-01-05,SPY,252.714,254.166,250.796,251.091,251.091,8131537
2021-01-06,SPY,251.157,256.242,250.396,255.547,255.547,12233226
2021-01-07,SPY,255.965,255.986,255.668,255.983,255.983,8873800
2021-01-08,SPY,256.031,256.822,255.994,256.81,256.81,11067080
2021-01-11,SPY,257.213,262.027,257.001,261.711,261.711,7829996
2021-01-12,SPY,262.167,262.505,260.324,260.611,260.611,10195507
2021-01-13,SPY,260.191,260.437,257.476,257.717,257.717,15762702
2021-01-14,SPY,256.785,256.915,255.699,256.366,256.366,8954542
2021-01-15,SPY,257.158,259.018,255.934,257.795,257.795,11153288
2021-01-18,SPY,257.927,257.934,252.617,253.028,253.028,5303418
2021-01-19,SPY,252.161,255.846,250.614,255.004,255.004,14560318
2021-01-20,SPY,254.64,255.965,252.917,253.393,253.393,8568380
2021-01-21,SPY,253.784,257.046,253.602,256.94,256.94,13151601
2021-01-22,SPY,256.796,257.172,249.034,249.695,249.695,9630459
2021-01-25,SPY,249.439,249.833,247.132,247.381,247.381,11834738
2021-01-26,SPY,248.074,248.496,241.92,242.456,242.456,12013037
2021-01-27,SPY,241.948,243.351,239.961,240.094,240.094,8642679
2021-01-28,SPY,239.711,241.823,239.101,240.84,240.84,13275719
2021-01-29,SPY,240.942,242.368,239.849,240.353,240.353,7723045
2021-02-01,SPY,240.541,241.296,239.087,239.654,239.654,12333803
2021-02-02,SPY,239.892,240.332,238.637,239.227,239.227,8829384
2021-02-03,SPY,239.663,240.337,238.905,239.842,239.842,11048674
2021-02-04,SPY,239.938,239.995,236.888,236.988,236.988,8614021
2021-02-05,SPY,237.22,239.491,234.913,239.037,239.037,10149928
2021-02-08,SPY,238.913,241.382,238.157,240.976,240.976,6775919
2021-02-09,SPY,241.006,242.222,240.771,242.123,242.123,10742671
2021-02-10,SPY,242.175,244.104,241.539,243.777,243.777,10132564
2021-02-11,SPY,243.881,245.447,243.81,244.676,244.676,8379539
2021-02-12,SPY,245.054,250.959,244.006,250.757,250.757,9834916
2021-02-15,SPY,251.036,251.949,249.242,250.527,250.527,10402013
2021-02-16,SPY,250.549,250.871,248.531,249.638,249.638,8150929
2021-02-17,SPY,249.234,251.198,246.839,247.422,247.422,9613724
2021-02-18,SPY,247.456,248.458,243.487,244.408,244.408,6983344
2021-02-19,SPY,244.394,244.92,240.464,240.816,240.816,17037199
2021-02-22,SPY,240.909,240.97,237.404,238.291,238.291,13177356
2021-02-23,SPY,239.343,240.735,237.057,238.12,238.12,10819282
2021-02-24,SPY,237.87,240.056,237.699,239.107,239.107,13516339
2021-02-25,SPY,239.309,240.23,238.909,239.285,239.285,4062243
2021-02-26,SPY,239.796,240.364,236.484,237.127,237.127,2326961
2021-03-01,SPY,237.173,240.236,236.82,239.733,239.733,8802127
2021-03-02,SPY,240.854,242.021,240.47,241.9,241.9,5864308
2021-03-03,SPY,241.717,242.488,240.755,241.468,241.468,9290183
2021-03-04,SPY,241.625,242.514,239.539,239.614,239.614,10616970
2021-03-05,SPY,239.232,241.264,238.15,241.227,241.227,12761243
2021-03-08,SPY,241.058,242.45,239.609,241.803,241.803,6585208
2021-03-09,SPY,241.923,242.461,237.14,237.668,237.668,11198892
2021-03-10,SPY,238.07,238.628,236.968,237.504,237.504,10043169
2021-03-11,SPY,237.656,238.656,237.034,238.283,238.283,11042528
2021-03-12,SPY,238.883,239.049,234.97,235.754,235.754,8440684
2021-03-15,SPY,235.709,236.449,235.271,236.322,236.322,14149405
2021-03-16,SPY,236.165,236.588,231.85,232.262,232.262,9689474
2021-03-17,SPY,233.518,236.147,233.055,236.046,236.046,15322547
2021-03-18,SPY,236.232,239.838,234.924,239.638,239.638,7628834
2021-03-19,SPY,239.293,239.631,238.855,238.944,238.944,12228482
2021-03-22,SPY,238.612,240.5,238.275,240.019,240.019,9820995
2021-03-23,SPY,239.566,239.672,232.899,233.207,233.207,9016773
2021-03-24,SPY,233.644,233.7,228.659,230.023,230.023,11896946
2021-03-25,SPY,229.855,230.394,228.193,229.242,229.242,9102480
2021-03-26,SPY,229.301,229.893,226.081,226.341,226.341,2014104
2021-03-29,SPY,226.312,228.846,225.637,228.319,228.319,811396
2021-03-30,SPY,228.653,234.199,228.03,233.887,233.887,13817266
2021-03-31,SPY,233.491,233.81,230.431,230.637,230.637,13690775
2021-04-01,SPY,230.141,230.335,228.1,228.36,228.36,15662023
2021-04-02,SPY,228.463,229.067,227.815,229.036,229.036,9947415
2021-04-05,SPY,229.311,234.025,228.784,233.537,233.537,6122096
2021-04-06,SPY,233.692,234.348,229.525,230.165,230.165,8741248
2021-04-07,SPY,229.793,231.515,228.572,230.884,230.884,10034274
2021-04-08,SPY,231.197,236.087,230.863,236.016,236.016,6978885
2021-04-09,SPY,235.664,236.645,230.79,231.413,231.413,14945724
2021-04-12,SPY,231.172,231.33,227.68,227.912,227.912,16718509
2021-04-13,SPY,227.482,227.913,225.134,226.785,226.785,11434842
2021-04-14,SPY,227.376,227.568,225.333,225.402,225.402,9967409
2021-04-15,SPY,225.687,227.808,224.698,227.64,227.64,6115099
2021-04-16,SPY,227.915,228.834,227.409,228.33,228.33,14639302
2021-04-19,SPY,228.899,229.381,223.518,223.547,223.547,10228920
2021-04-20,SPY,224.804,226.882,224.386,224.962,224.962,9132507
2021-04-21,SPY,224.193,224.445,223.171,223.437,223.437,11443522
2021-04-22,SPY,223.107,226.958,222.594,226.909,226.909,8242865
2021-04-23,SPY,226.63,226.933,224.689,225.236,225.236,10440626
2021-04-26,SPY,224.853,225.182,222.887,223.55,223.55,5672599
2021-04-27,SPY,223.068,226.078,222.271,225.035,225.035,13261262
2021-04-28,SPY,224.9,227.593,223.88,227.134,227.134,9686767
2021-04-29,SPY,226.581,228.713,225.355,228.388,228.388,13476403
2021-04-30,SPY,228.541,229.629,223.753,223.843,223.843,9396591
2021-05-03,SPY,223.866,225.834,223.657,225.322,225.322,9591401
2021-05-04,SPY,225.539,226.695,221.669,222.571,222.571,6363048
2021-05-05,SPY,222.797,223.652,222.32,223.229,223.229,12279271
2021-05-06,SPY,223.498,225.375,218.829,219.475,219.475,7372480
2021-05-07,SPY,219.312,220.925,218.631,220.682,220.682,8540733
2021-05-10,SPY,221.618,222.727,218.262,218.585,218.585,10003142
2021-05-11,SPY,218.687,219.277,215.159,215.273,215.273,10363673
2021-05-12,SPY,214.472,217.627,214.455,217.153,217.153,4881709
2021-05-13,SPY,216.718,218.661,216.02,217.812,217.812,9307582
2021-05-14,SPY,217.053,217.237,215.748,216.24,216.24,12385691
2021-05-17,SPY,216.248,220.484,215.385,220.067,220.067,8864986
2021-05-18,SPY,220.013,220.131,217.666,218.934,218.934,9325805
2021-05-19,SPY,218.729,219.545,218.563,219.047,219.047,10487218
2021-05-20,SPY,219.928,220.078,219.325,219.783,219.783,9622119
2021-05-21,SPY,220.024,220.352,217.183,218.182,218.182,6908453
2021-05-24,SPY,218.499,219.578,218.07,219.448,219.448,9890962
2021-05-25,SPY,219.039,219.875,217.525,218.075,218.075,12982220
2021-05-26,SPY,217.639,217.899,217.014,217.028,217.028,6846472
2021-05-27,SPY,217.044,221.817,215.984,220.634,220.634,8876554
2021-05-28,SPY,220.711,221.005,216.602,217.924,217.924,5855106
2021-05-31,SPY,217.115,217.61,211.215,211.732,211.732,12824146
2021-06-01,SPY,211.656,216.089,211.322,215.893,215.893,9722925
2021-06-02,SPY,215.899,223.022,215.537,222.628,222.628,7449401
2021-06-03,SPY,222.532,222.575,221.318,221.576,221.576,10276797
2021-06-04,SPY,221.216,221.992,216.254,216.513,216.513,6389199
2021-06-07,SPY,216.28,216.88,215.539,215.736,215.736,6899513
2021-06-08,SPY,215.659,215.948,213.935,215.023,215.023,5619599
2021-06-09,SPY,215.062,215.661,213.852,214.561,214.561,6799662
2021-06-10,SPY,214.821,215.304,211.067,211.741,211.741,14072013
2021-06-11,SPY,212.198,213.527,211.692,213.246,213.246,7800645
2021-06-14,SPY,213.12,215.485,212.55,214.62,214.62,11398675
2021-06-15,SPY,214.424,214.694,210.633,210.832,210.832,7491096
2021-06-16,SPY,211.017,212.984,210.3,212.636,212.636,12278601
2021-06-17,SPY,212.895,218.679,212.775,217.966,217.966,6921754
2021-06-18,SPY,217.777,219.058,217.646,218.444,218.444,10117684
2021-06-21,SPY,218.79,219.385,217.511,217.59,217.59,10158554
2021-06-22,SPY,218.016,218.317,215.932,217.247,217.247,16983416
2021-06-23,SPY,217.808,218.932,217.756,218.885,218.885,11891276
2021-06-24,SPY,219.663,220.906,213.983,214.413,214.413,8221288
2021-06-25,SPY,214.042,215.106,213.28,214.864,214.864,12055147
2021-06-28,SPY,214.87,216.064,212.967,213.887,213.887,16414523
2021-06-29,SPY,213.892,219.331,213.568,218.711,218.711,5111092
2021-06-30,SPY,218.668,219.555,218.262,218.282,218.282,7472554
2021-07-01,SPY,217.999,223.943,217.629,222.723,222.723,9289307
2021-07-02,SPY,222.062,222.871,219.626,219.821,219.821,8748735
2021-07-05,SPY,219.862,221.623,219.208,221.404,221.404,9001730
2021-07-06,SPY,221.063,222.311,220.515,222.282,222.282,6087303
2021-07-07,SPY,222.321,223.509,220.001,220.004,220.004,14211868
2021-07-08,SPY,219.655,220.827,219.083,220.501,220.501,5732174
2021-07-09,SPY,220.016,224.082,218.739,223.762,223.762,9399362
2021-07-12,SPY,223.867,224.907,222.884,222.923,222.923,13137492
2021-07-13,SPY,222.99,223.241,218.189,218.47,218.47,9909445
2021-07-14,SPY,218.723,219.197,218.364,218.452,218.452,7061817
2021-07-15,SPY,219.407,220.379,215.801,216.127,216.127,5953973
2021-07-16,SPY,216.246,216.358,215.179,215.268,215.268,9310002
2021-07-19,SPY,215.477,216.55,213.844,215.085,215.085,7728911
2021-07-20,SPY,214.621,215.301,210.549,210.754,210.754,10615693
2021-07-21,SPY,210.212,210.741,206.553,206.734,206.734,5795647
2021-07-22,SPY,207.388,207.991,206.147,207.96,207.96,12439107
2021-07-23,SPY,207.576,207.775,206.345,206.686,206.686,10346649
2021-07-26,SPY,206.254,206.718,199.356,200.447,200.447,10569509
2021-07-27,SPY,200.432,202.504,200.428,202.37,202.37,14323230
2021-07-28,SPY,202.333,203.242,201.252,203.058,203.058,8686614
2021-07-29,SPY,202.692,203.29,200.899,201.352,201.352,7822550
2021-07-30,SPY,201.229,202.814,198.038,198.221,198.221,8356709
2021-08-02,SPY,198.708,200.744,198.669,200.244,200.244,9422420
2021-08-03,SPY,199.922,201.207,199.547,201.111,201.111,9727105
2021-08-04,SPY,200.551,207.032,200.505,206.971,206.971,7507907
2021-08-05,SPY,207.361,208.295,206.803,208.044,208.044,3930744
2021-08-06,SPY,208.248,209.208,208.24,209.04,209.04,8317213
2021-08-09,SPY,208.781,208.972,208.451,208.649,208.649,11079477
2021-08-10,SPY,207.989,211.064,207.832,210.731,210.731,10408775
2021-08-11,SPY,210.417,212.501,209.79,212.345,212.345,13598663
2021-08-12,SPY,212.321,216.329,211.541,215.586,215.586,15866460
2021-08-13,SPY,216.088,216.563,213.84,214.269,214.269,12278001
2021-08-16,SPY,213.824,213.865,212.752,213.179,213.179,14147562
2021-08-17,SPY,213.143,213.26,211.743,211.984,211.984,12300323
2021-08-18,SPY,212.271,215.035,211.298,214.033,214.033,15129698
2021-08-19,SPY,213.013,218.14,212.281,217.944,217.944,15552561
2021-08-20,SPY,218.395,219.023,215.961,216.775,216.775,12853496
2021-08-23,SPY,216.262,217.062,215.529,215.7,215.7,12119140
2021-08-24,SPY,215.844,216.584,215.241,216.542,216.542,9384303
2021-08-25,SPY,216.649,216.786,215.759,215.932,215.932,9875988
2021-08-26,SPY,216.401,218.657,215.359,218.441,218.441,8986488
2021-08-27,SPY,218.682,218.85,211.738,212.645,212.645,11863755
2021-08-30,SPY,211.634,212.176,209.55,210.573,210.573,7838956
2021-08-31,SPY,210.242,210.388,208.113,208.632,208.632,9426681
2021-09-01,SPY,208.689,208.837,202.754,202.929,202.929,2934490
2021-09-02,SPY,202.849,203.534,200.247,200.621,200.621,15169270
2021-09-03,SPY,200.813,201.396,198.195,198.455,198.455,9338576
2021-09-06,SPY,198.769,200.047,197.304,198.002,198.002,11366741
2021-09-07,SPY,198.243,200.797,197.195,200.69,200.69,14373360
2021-09-08,SPY,200.604,201.07,199.413,200.126,200.126,10900880
2021-09-09,SPY,199.387,200.243,197.506,197.691,197.691,14333031
2021-09-10,SPY,197.511,197.749,197.078,197.582,197.582,6274787
2021-09-13,SPY,197.746,200.457,196.961,200.11,200.11,17192130
2021-09-14,SPY,199.674,199.757,197.803,197.806,197.806,13261331
2021-09-15,SPY,198.055,198.245,195.542,195.681,195.681,10627607
2021-09-16,SPY,196.037,197.123,195.357,197.022,197.022,14275238
2021-09-17,SPY,197.072,197.89,195.59,196.524,196.524,6494095
2021-09-20,SPY,195.32,198.135,195.302,198.083,198.083,9134155
2021-09-21,SPY,197.576,198.251,196.933,198.075,198.075,14332751
2021-09-22,SPY,198.823,200.885,198.521,199.776,199.776,4398819
2021-09-23,SPY,199.557,199.609,196.875,197.335,197.335,11681373
2021-09-24,SPY,196.552,198.713,195.793,197.332,197.332,11596528
2021-09-27,SPY,197.819,197.875,196.542,196.858,196.858,15907677
2021-09-28,SPY,196.864,198.482,193.492,194.032,194.032,5251134
2021-09-29,SPY,194.461,194.966,189.672,190.45,190.45,14828893
2021-09-30,SPY,190.555,192.515,189.616,192.048,192.048,8321588
2021-10-01,SPY,192.224,192.565,190.914,191.265,191.265,8658972
2021-10-04,SPY,191.404,191.83,188.414,188.957,188.957,6333987
2021-10-05,SPY,189.221,189.989,188.617,188.764,188.764,6736444
2021-10-06,SPY,189.623,191.56,188.935,191.361,191.361,11210567
2021-10-07,SPY,191.732,191.785,185.691,186.218,186.218,6663004
2021-10-08,SPY,185.629,186.672,182.269,182.927,182.927,12220853
2021-10-11,SPY,183.09,183.721,180.838,180.935,180.935,8011102
2021-10-12,SPY,181.348,184.165,181.327,184.159,184.159,6360899
2021-10-13,SPY,184.602,185.035,184.206,184.808,184.808,8416573
2021-10-14,SPY,184.651,186.763,184.304,186.542,186.542,11010122
2021-10-15,SPY,186.976,187.658,183.653,184.031,184.031,9167940
2021-10-18,SPY,184.372,184.767,181.544,181.598,181.598,10102630
2021-10-19,SPY,182.532,183.248,181.981,182.6,182.6,12088622
2021-10-20,SPY,182.326,183.651,181.075,182.751,182.751,13247264
2021-10-21,SPY,182.565,184.929,181.74,183.982,183.982,9069714
2021-10-22,SPY,183.869,184.472,183.418,183.591,183.591,6867334
2021-10-25,SPY,183.411,184.459,182.813,184.229,184.229,10228283
2021-10-26,SPY,183.901,185.524,183.339,184.602,184.602,11411949
2021-10-27,SPY,183.582,186.533,183.065,186.357,186.357,5617824
2021-10-28,SPY,186.195,188.512,185.818,188.194,188.194,7328175
2021-10-29,SPY,188.333,188.343,184.269,184.595,184.595,7842439
2021-11-01,SPY,184.413,184.981,179.666,179.707,179.707,9376533
2021-11-02,SPY,180.402,182.171,180.227,181.903,181.903,7716898
2021-11-03,SPY,181.908,185.209,181.644,184.538,184.538,12121122
2021-11-04,SPY,185.014,185.724,182.312,182.315,182.315,5184600
2021-11-05,SPY,182.41,182.63,177.602,178.314,178.314,5260844
2021-11-08,SPY,178.609,179.21,178.159,178.549,178.549,8998334
2021-11-09,SPY,178.648,180.75,178.62,180.577,180.577,9473042
2021-11-10,SPY,181.072,185.259,180.441,184.538,184.538,5636068
2021-11-11,SPY,184.559,185.874,184.167,185.709,185.709,8179753
2021-11-12,SPY,185.893,186.166,184.017,184.906,184.906,8796869
2021-11-15,SPY,185.042,185.822,182.94,182.958,182.958,8820106
2021-11-16,SPY,182.853,183.185,182.142,183.007,183.007,10455644
2021-11-17,SPY,183.155,183.834,182.286,182.374,182.374,8015263
2021-11-18,SPY,183.189,183.604,180.081,180.189,180.189,14433509
2021-11-19,SPY,180.092,184.729,179.622,184.698,184.698,11464614
2021-11-22,SPY,184.853,189.277,183.878,188.721,188.721,7578659
2021-11-23,SPY,189.196,191.573,188.611,191.336,191.336,10283534
2021-11-24,SPY,191.772,191.923,188.846,189.257,189.257,10372046
2021-11-25,SPY,189.262,191.65,188.938,191.234,191.234,13644164
2021-11-26,SPY,190.322,193.435,189.262,192.732,192.732,8198853
2021-11-29,SPY,192.931,194.605,192.193,193.783,193.783,12302016
2021-11-30,SPY,192.923,198.117,192.561,196.736,196.736,10125563
2021-12-01,SPY,197.314,198.895,196.782,198.267,198.267,14474700
2021-12-02,SPY,198.334,200.438,198.002,200.061,200.061,13872674
2021-12-03,SPY,200.461,202.588,200.364,201.622,201.622,10590938
2021-12-06,SPY,201.258,203.305,200.616,202.474,202.474,9213152
2021-12-07,SPY,201.845,202.929,198.128,198.211,198.211,11519818
2021-12-08,SPY,198.315,198.815,197.735,198.436,198.436,9458650
2021-12-09,SPY,198.422,198.614,196.853,197.141,197.141,15040921
2021-12-10,SPY,196.947,197.327,193.691,194.161,194.161,10235410
2021-12-13,SPY,194.194,198.539,193.334,198.145,198.145,8783072
2021-12-14,SPY,199.242,203.249,199.019,202.325,202.325,8621155
2021-12-15,SPY,202.662,205.821,202.1,205.678,205.678,6360893
2021-12-16,SPY,206.11,207.337,205.926,206.335,206.335,11669677
2021-12-17,SPY,206.684,211.273,206.387,209.734,209.734,7539966
2021-12-20,SPY,210.354,211.361,209.493,209.791,209.791,13294445
2021-12-21,SPY,209.711,210.99,209.468,210.329,210.329,6121195
2021-12-22,SPY,209.464,210.118,207.446,207.613,207.613,10381724
2021-12-23,SPY,207.535,209.568,206.874,208.632,208.632,13450671
2021-12-24,SPY,208.97,209.818,208.257,208.809,208.809,3543259
2021-12-27,SPY,208.404,209.919,205.205,205.597,205.597,16054797
2021-12-28,SPY,205.525,205.818,204.95,205.497,205.497,8724144
2021-12-29,SPY,205.213,206.14,204.606,205.327,205.327,10423286
2021-12-30,SPY,205.944,211.239,205.529,209.831,209.831,11714348
2021-12-31,SPY,210.145,212.277,209.809,212.122,212.122,12178387
2022-01-03,SPY,212.398,212.6,212.167,212.178,212.178,10821652
2022-01-04,SPY,212.442,213.255,211.539,212.839,212.839,12992154
2022-01-05,SPY,212.824,213.121,212.308,212.98,212.98,11557212
2022-01-06,SPY,213.064,213.316,211.981,212.489,212.489,15282643
2022-01-07,SPY,211.985,212.191,208.572,209.773,209.773,11566983
2022-01-10,SPY,208.856,209.619,208.415,209.42,209.42,15893907
2022-01-11,SPY,209.483,210.175,206.966,207.58,207.58,12703237
2022-01-12,SPY,207.715,208.13,204.072,204.515,204.515,4582750
2022-01-13,SPY,205.01,205.808,204.853,205.8,205.8,17833308
2022-01-14,SPY,206.447,207.346,204.988,206.795,206.795,8276968
2022-01-17,SPY,207.444,207.936,202.308,202.434,202.434,14486632
2022-01-18,SPY,202.03,203.024,201.7,202.162,202.162,10080380
2022-01-19,SPY,202.02,205.499,201.545,204.618,204.618,13183271
2022-01-20,SPY,204.815,207.732,204.598,207.262,207.262,7934563
2022-01-21,SPY,208.312,210.521,207.936,209.856,209.856,11877234
2022-01-24,SPY,210.477,210.954,209.609,209.981,209.981,9240428
2022-01-25,SPY,210.451,210.673,207.438,207.889,207.889,14737009
2022-01-26,SPY,207.728,208.413,204.756,205.229,205.229,11316005
2022-01-27,SPY,204.867,206.351,204.564,206.106,206.106,12807828
2022-01-28,SPY,206.431,207.202,205.053,207.073,207.073,3507769
2022-01-31,SPY,206.617,211.08,205.941,210.323,210.323,9743282
2022-02-01,SPY,210.223,213.445,209.755,213.145,213.145,11231655
2022-02-02,SPY,213.096,213.14,212.787,212.834,212.834,10670845
2022-02-03,SPY,213.512,214.461,209.112,209.707,209.707,12883472
2022-02-04,SPY,209.558,209.631,208.61,208.932,208.932,8902287
2022-02-07,SPY,207.913,209.696,207.149,209.504,209.504,10146361
2022-02-08,SPY,209.716,210.243,208.916,209.024,209.024,13543680
2022-02-09,SPY,208.731,209.172,207.341,207.606,207.606,3163933
2022-02-10,SPY,207.623,209.036,207.373,208.263,208.263,11768052
2022-02-11,SPY,208.227,208.259,207.026,207.034,207.034,8998346
2022-02-14,SPY,206.921,207.733,204.556,205.506,205.506,7263046
2022-02-15,SPY,205.831,207.521,205.448,206.302,206.302,11009633
2022-02-16,SPY,205.669,205.703,205.084,205.335,205.335,13682354
2022-02-17,SPY,205.123,205.989,204.875,205.964,205.964,13117431
2022-02-18,SPY,206.246,207.117,206.199,206.667,206.667,9594661
2022-02-21,SPY,206.413,207.889,203.014,203.886,203.886,12627223
2022-02-22,SPY,203.23,203.27,202.244,202.738,202.738,12604204
2022-02-23,SPY,203.009,206.545,202.408,206.293,206.293,9737886
2022-02-24,SPY,206.756,206.772,203.048,203.462,203.462,7920758
2022-02-25,SPY,203.443,204.666,198.003,198.384,198.384,8094298
2022-02-28,SPY,197.606,198.057,193.557,194.026,194.026,12513560
2022-03-01,SPY,194.3,194.873,193.624,194.119,194.119,9873560
2022-03-02,SPY,193.474,194.582,193.381,194.215,194.215,6861453
2022-03-03,SPY,194.335,194.819,193.146,193.966,193.966,4945411
2022-03-04,SPY,193.622,197.612,193.358,196.838,196.838,12495494
2022-03-07,SPY,196.382,197.171,190.525,190.649,190.649,8359665
2022-03-08,SPY,190.481,191.879,190.351,191.582,191.582,10991163
2022-03-09,SPY,191.512,195.497,191.49,195.23,195.23,13719121
2022-03-10,SPY,194.979,195.119,192.215,192.631,192.631,6073227
2022-03-11,SPY,192.857,193.323,191.428,191.779,191.779,9864588
2022-03-14,SPY,191.608,192.18,190.054,190.079,190.079,9487918
2022-03-15,SPY,190.451,191.048,187.98,188.074,188.074,11139229
2022-03-16,SPY,188.179,188.528,187.162,187.363,187.363,13717480
2022-03-17,SPY,187.101,191.216,186.453,190.624,190.624,6011645
2022-03-18,SPY,190.294,195.813,189.783,194.899,194.899,11709394
2022-03-21,SPY,194.257,194.384,192.852,194.139,194.139,13094571
2022-03-22,SPY,194.252,198.794,193.923,198.654,198.654,9440869
2022-03-23,SPY,198.513,199.779,197.791,198.764,198.764,9587659
2022-03-24,SPY,197.821,203.425,197.743,203.017,203.017,11255348
2022-03-25,SPY,202.8,202.996,202.574,202.816,202.816,11034451
2022-03-28,SPY,202.451,203.352,202.085,203.161,203.161,11747058
2022-03-29,SPY,203.802,204.236,203.065,204.08,204.08,11683842
2022-03-30,SPY,203.385,212.516,203.346,212.043,212.043,7054083
2022-03-31,SPY,211.432,214.746,210.372,214.247,214.247,12970799
2022-04-01,SPY,214.723,214.934,211.371,212.464,212.464,13500349
2022-04-04,SPY,213.04,215.141,212.409,214.976,214.976,10558249
2022-04-05,SPY,214.656,214.886,213.856,214.072,214.072,5517534
2022-04-06,SPY,213.802,214.679,212.203,212.845,212.845,9655763
2022-04-07,SPY,213.107,215.726,212.648,215.206,215.206,10583218
2022-04-08,SPY,214.204,215.716,214.103,215.314,215.314,6566199
2022-04-11,SPY,214.512,216.791,214.152,216.062,216.062,8919586
2022-04-12,SPY,215.941,216.411,215.531,216.126,216.126,5771892
2022-04-13,SPY,216.796,217.808,216.684,217.029,217.029,11821877
2022-04-14,SPY,216.84,218.76,216.733,218.166,218.166,10497866
2022-04-15,SPY,218.21,218.396,213.023,213.181,213.181,5062651
2022-04-18,SPY,213.664,215.587,213.348,214.92,214.92,11054395
2022-04-19,SPY,215.826,216.023,212.061,212.43,212.43,9830473
2022-04-20,SPY,212.185,212.624,207.97,208.811,208.811,11549243
2022-04-21,SPY,208.804,209.181,207.675,208.692,208.692,8825403
2022-04-22,SPY,209.452,209.879,207.369,208.929,208.929,7595562
2022-04-25,SPY,208.293,208.925,206.946,207.224,207.224,7687466
2022-04-26,SPY,207.65,209.482,206.825,209.327,209.327,8385489
2022-04-27,SPY,208.901,209.308,205.531,206.009,206.009,10056475
2022-04-28,SPY,206.052,206.826,204.719,205.032,205.032,10443875
2022-04-29,SPY,204.932,205.088,202.805,203.624,203.624,9427840
2022-05-02,SPY,203.234,204.083,202.494,203.536,203.536,8730041
2022-05-03,SPY,203.136,204.412,203.06,204.245,204.245,8945790
2022-05-04,SPY,204.357,205.73,201.696,201.815,201.815,17523174
2022-05-05,SPY,202.217,204.476,201.692,203.603,203.603,7687825
2022-05-06,SPY,203.55,203.971,203.34,203.783,203.783,8326084
2022-05-09,SPY,203.811,204.006,198.299,199.234,199.234,19881562
2022-05-10,SPY,199.461,199.742,194.268,194.631,194.631,11263040
2022-05-11,SPY,194.252,195.116,193.597,194.627,194.627,5860058
2022-05-12,SPY,194.915,195.597,194.088,194.136,194.136,12528062
2022-05-13,SPY,194.454,194.665,193.684,193.92,193.92,7269883
2022-05-16,SPY,194.93,195.08,193.604,193.88,193.88,12727185
2022-05-17,SPY,193.734,194.831,193.242,194.43,194.43,9367113
2022-05-18,SPY,194.252,197.695,193.654,196.679,196.679,8680612
2022-05-19,SPY,196.981,197.082,193.873,194.099,194.099,14827495
2022-05-20,SPY,194.417,194.483,191.131,191.413,191.413,11699204
2022-05-23,SPY,191.208,192.073,188.09,188.942,188.942,12918968
2022-05-24,SPY,188.789,190.173,188.192,189.622,189.622,11304759
2022-05-25,SPY,189.827,192.686,189.513,192.501,192.501,8666666
2022-05-26,SPY,192.182,192.185,191.441,191.532,191.532,11834063
2022-05-27,SPY,191.374,191.486,185.576,185.891,185.891,13627646
2022-05-30,SPY,185.924,186.126,181.724,182.152,182.152,10404214
2022-05-31,SPY,182.515,183.257,180.262,180.363,180.363,15404928
2022-06-01,SPY,180.145,180.978,178.649,179.183,179.183,12551462
2022-06-02,SPY,178.523,178.998,178.294,178.33,178.33,10635948
2022-06-03,SPY,177.646,178.951,177.555,178.435,178.435,10754460
2022-06-06,SPY,177.986,178.329,177.293,177.791,177.791,10411711
2022-06-07,SPY,177.324,180.41,177.115,180.067,180.067,6246284
2022-06-08,SPY,180.012,180.103,178.388,178.635,178.635,9729783
2022-06-09,SPY,178.211,178.316,176.649,176.819,176.819,10663559
2022-06-10,SPY,176.57,178.514,176.471,177.861,177.861,8751745
2022-06-13,SPY,177.585,177.831,174.26,174.635,174.635,11013031
2022-06-14,SPY,174.482,175.786,174.33,175.476,175.476,10063922
2022-06-15,SPY,175.941,176.255,175.539,175.715,175.715,12321076
2022-06-16,SPY,175.948,176.33,174.537,175.427,175.427,11989337
2022-06-17,SPY,175.432,178.912,174.726,178.825,178.825,10501460
2022-06-20,SPY,178.66,179.839,177.181,177.518,177.518,5898361
2022-06-21,SPY,177.364,181.994,177.163,181.985,181.985,15372168
2022-06-22,SPY,182.104,182.483,181.468,181.516,181.516,9574327
2022-06-23,SPY,181.728,181.823,178.102,178.779,178.779,9757341
2022-06-24,SPY,178.454,179.001,178.338,178.951,178.951,8972437
2022-06-27,SPY,178.965,179.046,176.624,176.678,176.678,8534765
2022-06-28,SPY,175.96,175.976,174.993,175.113,175.113,14632174
2022-06-29,SPY,175.188,176.734,174.941,175.972,175.972,14158133
2022-06-30,SPY,176.241,177.684,175.753,177.172,177.172,11333180
2022-07-01,SPY,177.073,177.152,175.511,175.877,175.877,9677500
2022-07-04,SPY,176.516,178.084,176.154,177.996,177.996,11857354
2022-07-05,SPY,177.682,180.815,176.909,180.508,180.508,10221391
2022-07-06,SPY,180.587,183.768,180.169,183.67,183.67,9429331
2022-07-07,SPY,183.657,184.898,183.442,184.864,184.864,11014318
2022-07-08,SPY,184.827,188.439,184.768,187.938,187.938,8676527
2022-07-11,SPY,187.895,187.951,183.71,183.767,183.767,10756793
2022-07-12,SPY,183.806,184.026,183.073,183.091,183.091,10612663
2022-07-13,SPY,183.401,183.699,180.962,181.219,181.219,11808808
2022-07-14,SPY,181.718,182.03,180.121,181.502,181.502,8142589
2022-07-15,SPY,181.501,181.705,180.182,180.284,180.284,12130409
2022-07-18,SPY,180.578,181.047,179.59,179.948,179.948,7281066
2022-07-19,SPY,179.696,184.476,178.786,184.082,184.082,8282300
2022-07-20,SPY,184.364,184.69,183.464,183.731,183.731,8413225
2022-07-21,SPY,183.451,184.724,182.775,184.669,184.669,6783845
2022-07-22,SPY,185.072,185.208,183.957,184.179,184.179,13046987
2022-07-25,SPY,184.993,185.583,181.942,184.37,184.37,7092843
2022-07-26,SPY,184.325,184.767,183.952,184.407,184.407,7903251
2022-07-27,SPY,183.598,185.775,182.542,185.425,185.425,13766223
2022-07-28,SPY,185.222,188.163,184.113,188.06,188.06,8288252
2022-07-29,SPY,188.524,192.079,187.664,191.84,191.84,9435572
2022-08-01,SPY,192.052,193.054,190.455,192.578,192.578,6963913
2022-08-02,SPY,192.674,194.014,192.132,193.97,193.97,12498854
2022-08-03,SPY,194.362,194.416,191.329,191.334,191.334,12540209
2022-08-04,SPY,191.52,192.793,189.809,191.157,191.157,12216838
2022-08-05,SPY,191.623,193.478,191.366,193.351,193.351,11612589
2022-08-08,SPY,193.706,195.488,193.038,195.396,195.396,10220767
2022-08-09,SPY,195.99,196.085,195.704,195.917,195.917,8426870
2022-08-10,SPY,196.058,198.879,195.714,198.038,198.038,7555092
2022-08-11,SPY,198.396,199.96,198.151,199.233,199.233,13869717
2022-08-12,SPY,199.111,202.649,197.999,202.149,202.149,12294413
2022-08-15,SPY,201.906,204.468,201.487,202.878,202.878,7920087
2022-08-16,SPY,203.571,203.865,200.979,202.04,202.04,10119495
2022-08-17,SPY,202.127,203.123,201.442,202.882,202.882,9099655
2022-08-18,SPY,203.208,203.519,194.728,195.896,195.896,6615368
2022-08-19,SPY,195.945,197.477,195.054,196.823,196.823,10532954
2022-08-22,SPY,196.593,197.1,187.938,188.416,188.416,8753522
2022-08-23,SPY,188.42,188.464,183.701,184.583,184.583,7142390
2022-08-24,SPY,185.113,185.817,185.089,185.61,185.61,5562602
2022-08-25,SPY,185.816,187.276,185.597,186.701,186.701,5308589
2022-08-26,SPY,186.062,186.073,183.348,184.138,184.138,8885722
2022-08-29,SPY,184.059,184.511,182.169,182.595,182.595,9744715
2022-08-30,SPY,183.245,186.602,182.915,185.646,185.646,7374098
2022-08-31,SPY,185.567,185.812,184.291,184.595,184.595,11952218
2022-09-01,SPY,183.93,190.084,183.835,189.655,189.655,9803360
2022-09-02,SPY,190.373,191.673,188.565,189.675,189.675,11730656
2022-09-05,SPY,189.933,190.665,189.744,190.63,190.63,9451268
2022-09-06,SPY,190.603,194.836,190.599,194.39,194.39,7638647
2022-09-07,SPY,194.245,195.413,194.147,194.72,194.72,10342353
2022-09-08,SPY,195.142,195.465,192.198,192.417,192.417,6211976
2022-09-09,SPY,192.208,193.226,192.047,192.188,192.188,11618316
2022-09-12,SPY,192.63,192.948,191.978,192.131,192.131,7188552
2022-09-13,SPY,192.339,192.811,188.872,189.034,189.034,12754698
2022-09-14,SPY,189.126,189.374,187.912,188.479,188.479,8984633
2022-09-15,SPY,188.533,188.658,186.778,186.831,186.831,13187601
2022-09-16,SPY,186.766,189.26,186.588,188.939,188.939,6632130
2022-09-19,SPY,189.334,189.432,188.936,189.042,189.042,7966691
2022-09-20,SPY,188.715,189.155,188.06,188.426,188.426,11142805
2022-09-21,SPY,187.814,189.255,187.52,188.21,188.21,13511491
2022-09-22,SPY,188.441,188.938,188.127,188.738,188.738,14999827
2022-09-23,SPY,188.977,190.607,188.758,190.165,190.165,10124098
2022-09-26,SPY,190.348,191.729,187.905,187.921,187.921,15513237
2022-09-27,SPY,188.074,188.795,185.441,185.611,185.611,9131006
2022-09-28,SPY,185.492,188.941,185.309,188.112,188.112,13296303
2022-09-29,SPY,188.408,188.425,186.922,187.207,187.207,7173457
2022-09-30,SPY,187.19,187.504,183.166,184.075,184.075,11260602
2022-10-03,SPY,183.895,185.391,183.684,185.081,185.081,2974921
2022-10-04,SPY,184.966,186.496,184.837,186.137,186.137,6635227
2022-10-05,SPY,186.889,187.196,182.307,182.772,182.772,11400030
2022-10-06,SPY,182.138,183.745,181.848,183.3,183.3,6062683
2022-10-07,SPY,183.483,185.286,182.44,184.949,184.949,11280849
2022-10-10,SPY,184.328,186.433,184.118,185.805,185.805,12719374
2022-10-11,SPY,185.765,187.791,185.277,187.244,187.244,8496039
2022-10-12,SPY,187.081,187.478,183.589,184.138,184.138,7093141
2022-10-13,SPY,183.37,185.302,182.417,184.895,184.895,8577440
2022-10-14,SPY,185.039,185.397,183.401,184.248,184.248,7102563
2022-10-17,SPY,184.108,184.513,182.454,183.207,183.207,9696359
2022-10-18,SPY,182.438,185.71,182.109,185.155,185.155,10306272
2022-10-19,SPY,185.466,188.697,184.967,188.495,188.495,9081970
2022-10-20,SPY,189.036,193.054,188.009,192.622,192.622,15023078
2022-10-21,SPY,193.196,195.762,192.993,195.711,195.711,7841789
2022-10-24,SPY,195.851,196.445,195.32,195.478,195.478,14174300
2022-10-25,SPY,195.496,196.512,194.653,196.332,196.332,6876282
2022-10-26,SPY,196.854,198.3,196.465,198.173,198.173,10218333
2022-10-27,SPY,198.839,199.422,197.176,198.486,198.486,13549316
2022-10-28,SPY,198.936,199.543,198.675,198.823,198.823,13394071
2022-10-31,SPY,198.449,201.286,198.213,200.824,200.824,8739226
2022-11-01,SPY,200.905,201.116,200.339,200.707,200.707,11665209
2022-11-02,SPY,200.883,200.926,197.881,198.984,198.984,11263537
2022-11-03,SPY,198.264,198.89,197.856,198.022,198.022,8380182
2022-11-04,SPY,198.208,199.924,197.527,199.559,199.559,11847850
2022-11-07,SPY,200.467,201.298,199.233,199.592,199.592,15587477
2022-11-08,SPY,199.847,200.555,199.835,200.434,200.434,11415102
2022-11-09,SPY,201.025,202.69,200.425,202.078,202.078,11699069
2022-11-10,SPY,202.152,202.337,201.06,201.197,201.197,12016465
2022-11-11,SPY,201.167,203.146,200.556,203.057,203.057,5617070
2022-11-14,SPY,203.212,206.122,202.949,204.008,204.008,11380674
2022-11-15,SPY,203.675,203.85,200.933,201.033,201.033,6949721
2022-11-16,SPY,200.646,204.803,200.166,204.569,204.569,8230339
2022-11-17,SPY,205.087,205.961,202.841,203.37,203.37,16485825
2022-11-18,SPY,203.928,205.054,197.522,199.396,199.396,9240215
2022-11-21,SPY,199.001,199.057,196.71,196.936,196.936,7779478
2022-11-22,SPY,197.317,198.498,193.062,194.563,194.563,13457748
2022-11-23,SPY,194.529,194.777,193.649,194.709,194.709,7156969
2022-11-24,SPY,194.842,195.855,193.955,194.095,194.095,8657743
2022-11-25,SPY,194.274,194.505,193.333,193.337,193.337,13747157
2022-11-28,SPY,193.722,195.655,193.453,194.805,194.805,10128303
2022-11-29,SPY,194.837,195.847,194.232,195.626,195.626,5315209
2022-11-30,SPY,196.178,196.889,195.9,196.395,196.395,11631969
2022-12-01,SPY,196.516,197.794,196.426,197.388,197.388,8810602
2022-12-02,SPY,197.635,199.212,197.162,198.878,198.878,14619554
2022-12-05,SPY,198.547,198.762,193.926,193.936,193.936,8181439
2022-12-06,SPY,194.773,195.555,191.272,193.114,193.114,13153678
2022-12-07,SPY,193.295,193.906,188.066,188.151,188.151,15327094
2022-12-08,SPY,188.419,188.677,188.146,188.257,188.257,7447170
2022-12-09,SPY,187.651,189.022,186.688,188.27,188.27,9420361
2022-12-12,SPY,187.96,191.431,187.654,190.672,190.672,11165876
2022-12-13,SPY,191.144,193.743,190.486,193.433,193.433,7427963
2022-12-14,SPY,193.544,194.712,192.769,193.929,193.929,10810885
2022-12-15,SPY,193.187,193.318,191.545,192.793,192.793,9325239
2022-12-16,SPY,193.193,194.12,193.175,193.943,193.943,9264797
2022-12-19,SPY,193.732,194.394,191.951,192.743,192.743,10146815
2022-12-20,SPY,193.287,193.881,192.74,192.765,192.765,10213794
2022-12-21,SPY,192.731,195.139,192.536,195.084,195.084,10491642
2022-12-22,SPY,195.164,195.459,192.727,193.808,193.808,8203521
2022-12-23,SPY,194.265,196.339,194.001,195.716,195.716,8334485
2022-12-26,SPY,195.364,197.698,194.977,197.338,197.338,9644237
2022-12-27,SPY,196.946,196.99,194.072,195.115,195.115,9865727
2022-12-28,SPY,195.038,197.876,194.374,197.434,197.434,8683452
2022-12-29,SPY,197.76,199.761,197.306,199.121,199.121,10971819
2022-12-30,SPY,198.591,199.696,197.917,199.39,199.39,4555715
2023-01-02,SPY,198.725,198.97,197.254,197.6,197.6,7808601
2023-01-03,SPY,197.926,198.125,195.215,195.598,195.598,9160217
2023-01-04,SPY,195.362,196.593,194.061,194.365,194.365,7431654
2023-01-05,SPY,194.213,196.121,193.707,195.66,195.66,14887594
2023-01-06,SPY,194.933,195.638,192.398,193.454,193.454,10056586
2023-01-09,SPY,193.191,194.543,192.321,194.497,194.497,10530309
2023-01-10,SPY,194.494,195.321,191.221,191.644,191.644,8550308
2023-01-11,SPY,192.001,193.358,191.126,191.2,191.2,9952663
2023-01-12,SPY,190.905,191.493,190.683,191.476,191.476,6354240
2023-01-13,SPY,192.111,197.43,191.924,197.203,197.203,9490549
2023-01-16,SPY,196.933,197.169,193.345,193.995,193.995,7188975
2023-01-17,SPY,193.73,197.696,193.063,197.478,197.478,9167789
2023-01-18,SPY,198.085,198.517,197.341,197.858,197.858,2320250
2023-01-19,SPY,197.942,200.128,197.8,198.863,198.863,6615990
2023-01-20,SPY,198.643,199.77,198.138,199.171,199.171,14391779
2023-01-23,SPY,199.109,200.756,198.996,200.262,200.262,12491193
2023-01-24,SPY,200.804,201.151,199.726,199.918,199.918,13957118
2023-01-25,SPY,200.505,204.076,198.454,203.463,203.463,14163164
2023-01-26,SPY,203.131,203.91,200.914,202.378,202.378,12018962
2023-01-27,SPY,202.361,205.691,202.017,205.172,205.172,8641394
2023-01-30,SPY,205.209,205.384,203.254,203.618,203.618,6888247
2023-01-31,SPY,203.216,204.498,202.041,203.497,203.497,13440234
2023-02-01,SPY,203.474,204.72,200.712,200.922,200.922,10193704
2023-02-02,SPY,200.924,202.241,200.844,202.048,202.048,17482068
2023-02-03,SPY,202.508,206.107,202.212,205.608,205.608,8904706
2023-02-06,SPY,206.105,207.335,204.426,205.444,205.444,15918688
2023-02-07,SPY,205.308,205.641,204.921,204.985,204.985,9529625
2023-02-08,SPY,204.897,206.201,202.197,202.287,202.287,14008146
2023-02-09,SPY,202.556,203.401,201.029,201.757,201.757,15090075
2023-02-10,SPY,201.521,201.677,197.616,197.963,197.963,6931150
2023-02-13,SPY,198.196,198.201,195.799,195.831,195.831,8545006
2023-02-14,SPY,195.797,196.913,195.145,196.39,196.39,6901062
2023-02-15,SPY,196.009,200.221,194.517,199.549,199.549,6310167
2023-02-16,SPY,199.167,206.629,198.977,206.417,206.417,12001201
2023-02-17,SPY,207.014,207.035,204.923,204.995,204.995,9410115
2023-02-20,SPY,204.931,208.771,204.826,208.583,208.583,10157099
2023-02-21,SPY,209.267,209.615,208.398,209.221,209.221,11668717
2023-02-22,SPY,209.006,209.089,208.493,208.868,208.868,4427839
2023-02-23,SPY,208.99,210.058,208.815,209.982,209.982,13860298
2023-02-24,SPY,210.987,211.86,209.196,210.165,210.165,8952718
2023-02-27,SPY,209.72,211.234,208.976,210.47,210.47,11597204
2023-02-28,SPY,209.672,209.972,209.143,209.468,209.468,11862139
2023-03-01,SPY,210.007,211.09,205.975,206.01,206.01,14112390
2023-03-02,SPY,205.669,205.908,201.181,202.255,202.255,9685428
2023-03-03,SPY,202.246,204.865,201.921,203.872,203.872,3629088
2023-03-06,SPY,203.634,203.965,202.667,203.223,203.223,10171383
2023-03-07,SPY,203.332,205.327,201.359,201.8,201.8,10602121
2023-03-08,SPY,201.416,202.568,200.586,201.846,201.846,6897217
2023-03-09,SPY,201.774,204.228,201.092,203.807,203.807,10442472
2023-03-10,SPY,203.99,204.531,203.973,204.275,204.275,8916945
2023-03-13,SPY,203.863,204.106,202.43,202.699,202.699,5971738
2023-03-14,SPY,202.415,206.933,201.732,205.73,205.73,12014455
2023-03-15,SPY,205.587,210.113,204.974,209.692,209.692,8308825
2023-03-16,SPY,209.093,211.54,208.847,210.968,210.968,8780862
2023-03-17,SPY,210.789,214.219,209.352,213.474,213.474,8612263
2023-03-20,SPY,213.525,217.165,213.393,216.707,216.707,13706436
2023-03-21,SPY,216.534,220.328,216.03,219.694,219.694,9877252
2023-03-22,SPY,219.575,222.282,219.305,221.347,221.347,10237299
2023-03-23,SPY,221.339,223.793,221.027,222.971,222.971,8678092
2023-03-24,SPY,222.679,224.798,221.747,224.394,224.394,11388600
2023-03-27,SPY,224.705,224.842,221.021,221.487,221.487,14047954
2023-03-28,SPY,222.123,223.538,221.378,223.386,223.386,11943582
2023-03-29,SPY,223.179,223.231,219.604,219.809,219.809,12060601
2023-03-30,SPY,220.022,220.445,217.505,217.751,217.751,11818691
2023-03-31,SPY,217.647,221.233,217.019,221.212,221.212,5859272
2023-04-03,SPY,221.374,224.051,221.274,223.483,223.483,7371644
2023-04-04,SPY,224.182,228.252,223.804,227.536,227.536,9385038
2023-04-05,SPY,227.768,228.282,226.137,226.825,226.825,7822408
2023-04-06,SPY,226.02,226.171,222.469,223.739,223.739,6806389
2023-04-07,SPY,223.942,223.96,222.81,223.122,223.122,4383473
2023-04-10,SPY,223.673,223.817,223.041,223.424,223.424,5960412
2023-04-11,SPY,223.325,224.001,222.733,223.665,223.665,9230423
2023-04-12,SPY,224.11,227.184,223.592,226.757,226.757,9791721
2023-04-13,SPY,226.444,227.44,225.525,225.805,225.805,7620839
2023-04-14,SPY,225.134,226.972,224.95,226.79,226.79,10236776
2023-04-17,SPY,226.854,227.149,223.963,224.144,224.144,8698499
2023-04-18,SPY,223.357,225.714,223.063,225.388,225.388,13271721
2023-04-19,SPY,225.279,226.667,225.049,225.425,225.425,9515123
2023-04-20,SPY,226.005,226.541,223.178,223.434,223.434,12088993
2023-04-21,SPY,222.581,223.487,221.693,222.831,222.831,10609641
2023-04-24,SPY,222.261,223.527,222.163,222.368,222.368,5793787
2023-04-25,SPY,221.909,222.653,221.54,221.676,221.676,9728025
2023-04-26,SPY,221.648,227.494,220.391,226.468,226.468,6293128
2023-04-27,SPY,226.302,226.553,225.885,226.229,226.229,9675637
2023-04-28,SPY,226.862,227.061,224.943,225.597,225.597,7764608
2023-05-01,SPY,226.027,226.786,218.349,220.018,220.018,11145889
2023-05-02,SPY,220.236,220.544,217.442,217.697,217.697,5972937
2023-05-03,SPY,217.761,218.327,216.688,217.039,217.039,10044105
2023-05-04,SPY,217.209,217.647,214.571,215.287,215.287,11717247
2023-05-05,SPY,214.916,219.228,214.782,218.915,218.915,12722787
2023-05-08,SPY,219.29,219.816,218.377,218.51,218.51,7707497
2023-05-09,SPY,218.024,222.171,217.493,221.943,221.943,10053253
2023-05-10,SPY,222.314,223.086,222.019,222.136,222.136,10552441
2023-05-11,SPY,222.662,222.785,220.944,222.263,222.263,14641379
2023-05-12,SPY,222.357,223.205,221.438,222.055,222.055,5556010
2023-05-15,SPY,221.977,222.815,221.463,222.093,222.093,7266692
2023-05-16,SPY,222.271,227.019,222.248,226.751,226.751,18413387
2023-05-17,SPY,225.453,226.7,219.61,220.554,220.554,9180708
2023-05-18,SPY,220.688,220.948,214.971,215.347,215.347,4327019
2023-05-19,SPY,215.299,215.549,213.796,213.976,213.976,8252350
2023-05-22,SPY,213.954,214.532,213.947,214.04,214.04,1693380
2023-05-23,SPY,214.343,216.003,214.034,215.848,215.848,10722762
2023-05-24,SPY,215.816,217.351,214.884,217.104,217.104,12429354
2023-05-25,SPY,216.609,217.232,215.658,216.133,216.133,7265013
2023-05-26,SPY,216.072,219.745,215.448,218.82,218.82,8587828
2023-05-29,SPY,218.85,223.259,217.901,221.571,221.571,12770962
2023-05-30,SPY,221.622,222.621,221.243,222.089,222.089,4749354
2023-05-31,SPY,222.161,225.011,222.136,224.698,224.698,6035286
2023-06-01,SPY,225.165,225.741,224.484,225.463,225.463,9315654
2023-06-02,SPY,224.974,226.116,223.257,223.978,223.978,7742995
2023-06-05,SPY,224.057,226.374,223.621,225.89,225.89,9118399
2023-06-06,SPY,226.473,226.935,225.232,226.219,226.219,6208749
2023-06-07,SPY,225.434,226.34,224.865,226.252,226.252,10642940
2023-06-08,SPY,226.333,230.602,226.146,230.316,230.316,9552301
2023-06-09,SPY,230.046,230.351,223.146,223.669,223.669,11647571
2023-06-12,SPY,223.503,224.559,219.91,219.925,219.925,10601199
2023-06-13,SPY,219.527,220.097,216.102,216.842,216.842,10620070
2023-06-14,SPY,216.768,217.601,215.074,215.926,215.926,5661078
2023-06-15,SPY,216.721,216.77,214.52,215.295,215.295,11477775
2023-06-16,SPY,214.75,215.041,210.698,211.463,211.463,9007401
2023-06-19,SPY,210.968,211.133,208.354,209.004,209.004,9500205
2023-06-20,SPY,208.46,208.872,206.583,206.883,206.883,13144793
2023-06-21,SPY,207.597,214.174,207.219,213.102,213.102,7841693
2023-06-22,SPY,212.904,217.91,211.851,217.787,217.787,14053553
2023-06-23,SPY,217.776,218.065,216.554,216.741,216.741,14333426
2023-06-26,SPY,216.567,217.279,214.968,215.825,215.825,12258353
2023-06-27,SPY,215.418,215.884,212.602,212.897,212.897,7058138
2023-06-28,SPY,212.796,213.176,206.844,208.104,208.104,3441120
2023-06-29,SPY,209.127,209.133,207.728,207.839,207.839,13236505
2023-06-30,SPY,208.417,208.417,203.883,205.391,205.391,10334155
2023-07-03,SPY,205.041,205.368,204.931,205.208,205.208,7764408
2023-07-04,SPY,205.474,206.763,201.317,201.331,201.331,13520687
2023-07-05,SPY,200.996,201.199,198.758,199.524,199.524,7415323
2023-07-06,SPY,198.815,201.332,198.153,199.906,199.906,8727534
2023-07-07,SPY,200.313,201.008,200.012,200.812,200.812,11574671
2023-07-10,SPY,201.278,201.869,200.887,201.846,201.846,6659192
2023-07-11,SPY,202.268,202.295,197.935,198.698,198.698,9671557
2023-07-12,SPY,198.512,200.92,197.822,200.772,200.772,13267412
2023-07-13,SPY,200.705,200.723,198.204,198.879,198.879,10633332
2023-07-14,SPY,199.177,200.452,198.961,200.421,200.421,13742279
2023-07-17,SPY,200.578,200.947,200.39,200.421,200.421,13400807
2023-07-18,SPY,200.263,200.589,197.127,197.163,197.163,10023215
2023-07-19,SPY,196.524,197.083,195.98,196.441,196.441,2989776
2023-07-20,SPY,196.486,199.12,195.57,197.33,197.33,6682683
2023-07-21,SPY,197.756,199.239,197.537,198.812,198.812,12290002
2023-07-24,SPY,198.336,198.561,197.161,198.501,198.501,5349246
2023-07-25,SPY,198.755,203.117,198.22,202.209,202.209,9019922
2023-07-26,SPY,202.344,204.767,202.201,204.695,204.695,11015442
2023-07-27,SPY,205.002,205.576,203.584,204.092,204.092,14408712
2023-07-28,SPY,204.448,206.237,203.401,205.964,205.964,8274941
2023-07-31,SPY,205.678,211.487,204.444,210.826,210.826,8069537
2023-08-01,SPY,210.144,216.178,209.396,215.872,215.872,9842663
2023-08-02,SPY,215.642,216.01,212.725,212.742,212.742,11052739
2023-08-03,SPY,213.12,214.252,210.279,210.416,210.416,9537260
2023-08-04,SPY,210.188,215.407,209.825,214.227,214.227,13147805
2023-08-07,SPY,213.929,214.694,210.488,211.55,211.55,7602569
2023-08-08,SPY,210.78,211.746,207.975,208.246,208.246,10360483
2023-08-09,SPY,208.976,209.616,206.779,207.061,207.061,11335638
2023-08-10,SPY,207.403,208.495,207.371,208.134,208.134,8799302
2023-08-11,SPY,208.455,208.99,207.701,207.905,207.905,12519130
2023-08-14,SPY,208.308,208.402,206.215,206.315,206.315,10446876
2023-08-15,SPY,206.553,206.845,204.596,204.679,204.679,12366537
2023-08-16,SPY,204.579,204.596,201.916,202.962,202.962,10582312
2023-08-17,SPY,202.896,203.048,200.713,200.857,200.857,11129214
2023-08-18,SPY,200.686,207.722,200.654,206.459,206.459,8102825
2023-08-21,SPY,207.547,208.245,206.686,207.224,207.224,8107685
2023-08-22,SPY,207.454,209.519,207.008,209.468,209.468,13673189
2023-08-23,SPY,209.273,209.578,207.415,208.268,208.268,11906531
2023-08-24,SPY,208.462,208.813,206.818,207.831,207.831,6931105
2023-08-25,SPY,207.411,207.634,205.959,206.085,206.085,10542590
2023-08-28,SPY,206.705,207.259,199.312,199.656,199.656,2878672
2023-08-29,SPY,199.392,200.741,196.316,196.407,196.407,8278180
2023-08-30,SPY,196.604,196.844,191.906,192.21,192.21,12883083
2023-08-31,SPY,192.62,192.92,186.938,187.114,187.114,9624563
2023-09-01,SPY,187.258,187.37,184.441,184.473,184.473,10353738
2023-09-04,SPY,184.508,188.099,184.431,187.453,187.453,950856
2023-09-05,SPY,187.457,187.507,187.123,187.377,187.377,8823239
2023-09-06,SPY,187.356,191.162,187.191,190.326,190.326,11014817
2023-09-07,SPY,190.107,191.881,189.968,191.292,191.292,11395870
2023-09-08,SPY,191.12,193.556,190.141,193.121,193.121,12887067
2023-09-11,SPY,193.692,194.183,189.515,191.069,191.069,9369227
2023-09-12,SPY,191.027,192.508,190.337,192.299,192.299,9503033
2023-09-13,SPY,191.996,194.273,191.271,194.012,194.012,6003648
2023-09-14,SPY,193.812,194.948,192.146,192.699,192.699,9386435
2023-09-15,SPY,193.123,194.227,193.063,194.022,194.022,6215275
2023-09-18,SPY,194.284,195.568,193.762,195.37,195.37,4456390
2023-09-19,SPY,195.589,195.806,193.766,194.11,194.11,6744462
2023-09-20,SPY,194.01,194.358,191.438,191.537,191.537,14526055
2023-09-21,SPY,191.757,193.015,188.559,188.859,188.859,9188316
2023-09-22,SPY,188.616,189.629,188.224,189.079,189.079,10659632
2023-09-25,SPY,188.981,190.102,188.843,189.847,189.847,8459511
2023-09-26,SPY,190.215,190.317,188.063,188.074,188.074,4628347
2023-09-27,SPY,188.403,188.48,187.264,188.158,188.158,12808339
2023-09-28,SPY,187.788,189.893,187.134,189.475,189.475,3483406
2023-09-29,SPY,189.151,191.8,188.514,190.91,190.91,8335622
2023-10-02,SPY,190.952,194.868,190.514,194.523,194.523,9836155
2023-10-03,SPY,195.195,198.226,195.051,197.552,197.552,10691469
2023-10-04,SPY,196.796,197.842,194.86,195.218,195.218,7820591
2023-10-05,SPY,195.327,199.751,194.249,199.228,199.228,4486116
2023-10-06,SPY,198.679,199.992,197.106,197.987,197.987,7596720
2023-10-09,SPY,197.736,201.422,197.343,200.511,200.511,7753726
2023-10-10,SPY,200.365,200.78,198.695,200.7,200.7,7680720
2023-10-11,SPY,200.532,200.816,199.002,199.736,199.736,12910176
2023-10-12,SPY,199.523,200.315,194.405,195.475,195.475,6359192
2023-10-13,SPY,195.477,196.618,194.604,195.098,195.098,10902938
2023-10-16,SPY,194.889,195.071,190.995,191.505,191.505,10474891
2023-10-17,SPY,190.945,194.042,190.344,193.766,193.766,12881365
2023-10-18,SPY,194.068,197.76,192.2,197.35,197.35,9600604
2023-10-19,SPY,197.647,198.076,194.164,195.497,195.497,12373393
2023-10-20,SPY,195.827,196.456,195.418,196.232,196.232,9483340
2023-10-23,SPY,195.627,195.793,193.5,194.556,194.556,11303178
2023-10-24,SPY,194.672,195.029,192.871,193.119,193.119,5491177
2023-10-25,SPY,193.38,195.9,193.26,194.947,194.947,2085166
2023-10-26,SPY,194.545,195.815,194.469,194.882,194.882,11132641
2023-10-27,SPY,194.885,199.127,194.352,199.018,199.018,11293549
2023-10-30,SPY,198.972,199.736,197.432,197.895,197.895,11426507
2023-10-31,SPY,198.624,200.954,197.761,200.308,200.308,8425202
2023-11-01,SPY,201.079,201.636,199.821,200.568,200.568,14469167
2023-11-02,SPY,199.9,203.224,199.655,202.518,202.518,8620367
2023-11-03,SPY,203.528,203.681,200.613,201.46,201.46,11262637
2023-11-06,SPY,201.092,201.406,200.129,201.366,201.366,11783909
2023-11-07,SPY,201.761,202.042,201.072,201.113,201.113,15156220
2023-11-08,SPY,201.503,202.116,197.991,199.131,199.131,9048911
2023-11-09,SPY,198.734,201.508,198.006,200.745,200.745,8040421
2023-11-10,SPY,200.943,202.373,200.462,202.343,202.343,5505564
2023-11-13,SPY,202.3,204.1,202.248,203.816,203.816,14657101
2023-11-14,SPY,204.042,208.063,203.968,207.636,207.636,11264233
2023-11-15,SPY,207.732,212.287,206.781,211.306,211.306,11359183
2023-11-16,SPY,211.812,211.864,210.108,210.384,210.384,19350113
2023-11-17,SPY,210.416,212.161,210.305,211.355,211.355,10975134
2023-11-20,SPY,211.284,211.622,209.681,209.806,209.806,6093036
2023-11-21,SPY,210.266,210.421,209.86,209.892,209.892,9412289
2023-11-22,SPY,210.136,210.171,207.598,208.413,208.413,7075653
2023-11-23,SPY,208.719,213.614,208.716,212.532,212.532,8812395
2023-11-24,SPY,212.25,214.404,211.998,213.489,213.489,8792231
2023-11-27,SPY,213.043,213.129,212.598,212.958,212.958,8238927
2023-11-28,SPY,212.716,216.542,212.363,216.058,216.058,5820152
2023-11-29,SPY,215.79,216.277,209.644,210.53,210.53,14777505
2023-11-30,SPY,210.861,210.965,205.066,205.529,205.529,10896544
2023-12-01,SPY,205.93,208.067,205.004,207.528,207.528,9323584
2023-12-04,SPY,207.463,208.475,207.335,207.705,207.705,12272913
2023-12-05,SPY,208.299,208.551,207.859,208.357,208.357,11413202
2023-12-06,SPY,208.927,209.157,203.568,205.093,205.093,10827072
2023-12-07,SPY,205.193,206.029,204.712,205.062,205.062,12054994
2023-12-08,SPY,204.725,210.807,204.626,210.078,210.078,10401804
2023-12-11,SPY,210.74,212.681,210.436,212.194,212.194,12010664
2023-12-12,SPY,212.168,213.56,212.053,212.653,212.653,12259337
2023-12-13,SPY,212.707,213.151,211.248,211.563,211.563,10488156
2023-12-14,SPY,211.419,212.056,209.249,210.59,210.59,9338817
2023-12-15,SPY,210.216,210.675,204.736,205.304,205.304,14591193
2023-12-18,SPY,204.701,206.072,204.552,205.966,205.966,8566295
2023-12-19,SPY,206.227,208.961,206.033,208.093,208.093,11173941
2023-12-20,SPY,207.767,207.885,203.63,204.222,204.222,11241725
2023-12-21,SPY,205.471,206.392,201.74,202.633,202.633,8171326
2023-12-22,SPY,202.193,202.225,199.729,199.864,199.864,7576533
2023-12-25,SPY,199.361,200.351,196.631,197.587,197.587,8938444
2023-12-26,SPY,197.789,198.102,197.619,197.739,197.739,8523349
2023-12-27,SPY,198.344,198.569,192.079,192.879,192.879,5625608
2023-12-28,SPY,192.904,195.443,192.774,194.331,194.331,8045515
2023-12-29,SPY,194.553,196.621,194.522,196.122,196.122,10798669
2024-01-01,SPY,195.399,195.805,194.892,195.557,195.557,13797831
2024-01-02,SPY,195.292,195.771,189.5,189.845,189.845,11663174
2024-01-03,SPY,189.438,190.232,185.932,187.613,187.613,2201397
2024-01-04,SPY,186.902,190.983,186.596,190.434,190.434,11923911
2024-01-05,SPY,190.478,190.669,183.659,184.214,184.214,8325545
2024-01-08,SPY,183.387,184.658,182.605,183.47,183.47,11359240
2024-01-09,SPY,182.985,183.006,180.812,180.914,180.914,9957594
2024-01-10,SPY,180.719,183.252,180.497,182.692,182.692,9421937
2024-01-11,SPY,182.389,182.444,180.349,181.241,181.241,9693293
2024-01-12,SPY,181.385,182.734,181.002,182.145,182.145,9932727
2024-01-15,SPY,182.257,183.642,181.839,183.409,183.409,14033215
2024-01-16,SPY,183.737,187.53,183.711,187.519,187.519,9941019
2024-01-17,SPY,187.801,188.59,186.6,187.087,187.087,13256608
2024-01-18,SPY,187.514,187.961,186.963,187.957,187.957,12819718
2024-01-19,SPY,187.956,188.39,184.093,184.661,184.661,12001137
2024-01-22,SPY,184.773,187.48,183.935,187.342,187.342,4640144
2024-01-23,SPY,187.533,188.29,185.071,185.663,185.663,13349898
2024-01-24,SPY,185.716,185.942,184.35,184.442,184.442,8626296
2024-01-25,SPY,184.295,184.743,184.242,184.416,184.416,12147182
2024-01-26,SPY,184.294,185.659,180.085,181.013,181.013,7082402
2024-01-29,SPY,180.717,181.872,180.637,181.534,181.534,6444778
2024-01-30,SPY,181.687,183.825,181.352,183.677,183.677,15929166
2024-01-31,SPY,183.642,184.666,182.906,184.347,184.347,7129051
2024-02-01,SPY,184.103,184.22,180.618,180.889,180.889,13438320
2024-02-02,SPY,180.649,180.856,180.595,180.643,180.643,10355261
2024-02-05,SPY,180.206,182.312,179.858,182.282,182.282,8739640
2024-02-06,SPY,182.639,183.234,177.786,178.243,178.243,9865513
2024-02-07,SPY,178.271,178.601,174.819,175.982,175.982,6096717
2024-02-08,SPY,175.678,178.391,175.495,177.865,177.865,9958737
2024-02-09,SPY,178.153,178.754,177.287,178.465,178.465,6751779
2024-02-12,SPY,178.265,179.379,177.495,179.373,179.373,8813669
2024-02-13,SPY,178.868,183.617,178.659,183.444,183.444,12775899
2024-02-14,SPY,183.818,185.845,183.652,184.502,184.502,10762572
2024-02-15,SPY,184.303,186.444,183.952,185.988,185.988,5553489
2024-02-16,SPY,185.836,192.334,185.667,192.162,192.162,12554464
2024-02-19,SPY,192.178,192.61,191.381,191.694,191.694,9978701
2024-02-20,SPY,192.132,193.161,189.432,189.891,189.891,8373444
2024-02-21,SPY,189.899,191.401,189.468,190.893,190.893,12240029
2024-02-22,SPY,190.435,192.317,189.217,191.926,191.926,9498379
2024-02-23,SPY,192.135,192.43,190.706,190.741,190.741,6503016
2024-02-26,SPY,190.556,190.703,187.657,188.417,188.417,15543429
2024-02-27,SPY,189.128,194.037,188.365,193.737,193.737,9948138
2024-02-28,SPY,193.737,194.966,193.285,194.523,194.523,9755844
2024-02-29,SPY,193.654,193.88,192.812,192.846,192.846,8784684
2024-03-01,SPY,192.984,195.128,192.476,195.002,195.002,13539897
2024-03-04,SPY,195.761,195.785,194.46,194.772,194.772,8425364
2024-03-05,SPY,195.386,195.638,193.723,194.207,194.207,5365060
2024-03-06,SPY,194.918,195.681,194.825,195.546,195.546,7963967
2024-03-07,SPY,195.148,195.182,192.14,192.563,192.563,13980324
2024-03-08,SPY,192.914,193.776,192.682,193.404,193.404,12496396
2024-03-11,SPY,193.125,198.926,192.431,197.92,197.92,9234953
2024-03-12,SPY,198.009,199.684,196.828,199.056,199.056,14119765
2024-03-13,SPY,198.549,198.804,198.128,198.185,198.185,12243827
2024-03-14,SPY,197.929,198.12,196.627,197.008,197.008,9200232
2024-03-15,SPY,196.741,197.78,195.749,196.065,196.065,9502270
2024-03-18,SPY,196.417,196.95,194.877,195.493,195.493,10987953
2024-03-19,SPY,195.807,196.238,194.497,194.634,194.634,7504339
2024-03-20,SPY,194.742,197.384,194.098,196.811,196.811,10013515
2024-03-21,SPY,196.28,196.47,192.484,192.785,192.785,10925540
2024-03-22,SPY,192.665,195.617,192.161,194.814,194.814,4939101
2024-03-25,SPY,194.523,194.803,193.863,193.953,193.953,9432039
2024-03-26,SPY,194.291,196.116,194.0,194.858,194.858,9090831
2024-03-27,SPY,195.317,195.458,191.317,192.265,192.265,13084204
2024-03-28,SPY,192.671,195.673,192.466,195.38,195.38,4466509
2024-03-29,SPY,195.084,199.233,194.707,198.347,198.347,8855482
2024-04-01,SPY,197.26,201.324,196.835,200.67,200.67,8554736
2024-04-02,SPY,199.961,200.745,196.399,197.081,197.081,12880213
2024-04-03,SPY,197.641,199.553,197.07,199.077,199.077,9869360
2024-04-04,SPY,198.917,200.493,198.27,200.072,200.072,15388284
2024-04-05,SPY,199.771,200.731,195.495,196.28,196.28,11986640
2024-04-08,SPY,196.925,197.367,195.779,196.248,196.248,8769331
2024-04-09,SPY,196.744,197.729,196.573,197.133,197.133,10718976
2024-04-10,SPY,197.143,199.024,197.096,198.478,198.478,8937794
2024-04-11,SPY,198.362,199.288,196.819,198.926,198.926,12578188
2024-04-12,SPY,198.874,199.805,197.647,199.648,199.648,6003407
2024-04-15,SPY,199.739,203.339,199.203,203.236,203.236,7528912
2024-04-16,SPY,203.887,207.062,202.631,206.275,206.275,11367070
2024-04-17,SPY,206.449,206.913,198.457,199.324,199.324,13677269
2024-04-18,SPY,199.613,199.668,198.108,198.592,198.592,3394094
2024-04-19,SPY,199.056,199.626,196.915,198.225,198.225,14123414
2024-04-22,SPY,197.761,198.241,193.915,194.126,194.126,9579595
2024-04-23,SPY,194.419,194.512,193.728,194.37,194.37,4348375
2024-04-24,SPY,194.255,197.501,193.63,197.33,197.33,994816
2024-04-25,SPY,196.337,197.361,193.996,194.798,194.798,5411842
2024-04-26,SPY,193.969,196.231,193.517,195.611,195.611,9940885
2024-04-29,SPY,195.213,195.399,193.085,193.498,193.498,9802306
2024-04-30,SPY,193.704,193.784,190.925,191.969,191.969,11899601
2024-05-01,SPY,192.012,195.471,191.617,195.427,195.427,8351538
2024-05-02,SPY,195.499,196.109,194.056,194.184,194.184,6675878
2024-05-03,SPY,194.942,195.985,194.188,195.289,195.289,8760741
2024-05-06,SPY,194.793,194.931,190.785,190.977,190.977,10100831
2024-05-07,SPY,190.967,195.429,190.669,195.318,195.318,10692318
2024-05-08,SPY,195.437,197.176,195.165,196.761,196.761,7632506
2024-05-09,SPY,196.471,197.315,195.756,196.355,196.355,12704340
2024-05-10,SPY,196.367,198.281,195.783,197.742,197.742,8135810
2024-05-13,SPY,197.109,197.28,193.957,194.449,194.449,7390848
2024-05-14,SPY,194.997,198.315,194.413,197.253,197.253,8372825
2024-05-15,SPY,196.984,197.87,196.487,196.513,196.513,13224521
2024-05-16,SPY,197.311,197.316,195.867,196.057,196.057,9601611
2024-05-17,SPY,196.045,196.26,194.515,194.929,194.929,7916459
2024-05-20,SPY,195.33,195.866,193.275,193.6,193.6,12778323
2024-05-21,SPY,193.58,195.422,192.568,195.246,195.246,16428246
2024-05-22,SPY,195.234,196.522,195.054,195.871,195.871,10629048
2024-05-23,SPY,195.643,197.844,195.54,197.435,197.435,13701527
2024-05-24,SPY,197.482,198.108,197.284,197.439,197.439,13108234
2024-05-27,SPY,197.564,198.846,196.115,198.684,198.684,8183081
2024-05-28,SPY,198.372,199.475,196.939,197.713,197.713,10079903
2024-05-29,SPY,197.664,203.69,197.236,203.101,203.101,6152366
2024-05-30,SPY,202.853,203.196,199.177,199.34,199.34,9385173
2024-05-31,SPY,200.257,202.418,200.129,202.406,202.406,8121429
2024-06-03,SPY,202.369,207.445,202.281,205.782,205.782,8791342
2024-06-04,SPY,206.418,207.187,203.286,203.714,203.714,7750315
2024-06-05,SPY,203.634,209.35,203.366,209.264,209.264,9138710
2024-06-06,SPY,209.373,212.326,208.461,211.806,211.806,11596698
2024-06-07,SPY,211.246,214.956,210.414,214.316,214.316,9641524
2024-06-10,SPY,214.124,214.851,213.4,214.416,214.416,4406880
2024-06-11,SPY,214.506,214.949,213.575,213.885,213.885,7761638
2024-06-12,SPY,214.563,214.794,213.096,213.375,213.375,5441802
2024-06-13,SPY,213.47,215.55,212.19,214.405,214.405,10732181
2024-06-14,SPY,214.998,219.13,214.352,218.068,218.068,11509952
2024-06-17,SPY,218.348,218.807,217.729,218.571,218.571,10769645
2024-06-18,SPY,219.283,219.587,216.05,216.221,216.221,7637787
2024-06-19,SPY,216.196,218.918,216.01,218.399,218.399,10740562
2024-06-20,SPY,219.443,221.688,218.487,220.855,220.855,8589657
2024-06-21,SPY,220.64,223.055,220.123,222.625,222.625,6585324
2024-06-24,SPY,222.284,225.149,221.956,224.654,224.654,12225790
2024-06-25,SPY,224.111,224.325,223.09,223.954,223.954,12454083
2024-06-26,SPY,224.998,225.151,221.359,221.499,221.499,12846686
2024-06-27,SPY,221.862,222.196,219.138,219.232,219.232,8174954
2024-06-28,SPY,219.085,219.163,214.889,214.998,214.998,13538087
2024-07-01,SPY,215.535,217.626,214.959,215.638,215.638,8519253
2024-07-02,SPY,215.935,216.051,214.5,215.45,215.45,11960504
2024-07-03,SPY,216.297,216.714,213.869,214.343,214.343,8467262
2024-07-04,SPY,213.679,213.965,206.887,206.9,206.9,9328054
2024-07-05,SPY,206.79,206.854,203.205,203.852,203.852,2736466
2024-07-08,SPY,203.664,207.657,202.39,206.639,206.639,9094260
2024-07-09,SPY,205.824,206.016,204.94,205.024,205.024,10273270
2024-07-10,SPY,205.459,206.21,204.566,205.939,205.939,8769851
2024-07-11,SPY,205.828,206.473,201.539,202.557,202.557,15268564
2024-07-12,SPY,202.857,206.335,202.64,206.111,206.111,6512602
2024-07-15,SPY,207.083,207.641,204.57,205.781,205.781,8309256
2024-07-16,SPY,205.636,208.036,205.609,206.525,206.525,7285382
2024-07-17,SPY,206.351,212.701,205.761,212.397,212.397,8308669
2024-07-18,SPY,212.448,216.819,212.16,216.325,216.325,13094239
2024-07-19,SPY,216.752,216.982,215.226,215.559,215.559,14434095
2024-07-22,SPY,215.314,215.832,213.622,214.057,214.057,7897622
2024-07-23,SPY,213.787,213.882,211.931,213.249,213.249,7830977
2024-07-24,SPY,213.7,215.415,212.875,214.586,214.586,6528614
2024-07-25,SPY,214.748,214.938,213.93,214.342,214.342,13918856
2024-07-26,SPY,213.466,213.765,212.842,213.355,213.355,13363013
2024-07-29,SPY,212.833,217.502,212.079,217.173,217.173,9682055
2024-07-30,SPY,217.825,218.806,216.77,216.903,216.903,5811702
2024-07-31,SPY,217.077,224.142,215.929,223.0,223.0,6080012
2024-08-01,SPY,222.66,223.579,221.262,223.272,223.272,10511888
2024-08-02,SPY,223.196,228.717,222.084,228.136,228.136,11648014
2024-08-05,SPY,228.142,230.208,227.899,229.146,229.146,3801566
2024-08-06,SPY,229.483,232.005,228.771,231.838,231.838,9036070
2024-08-07,SPY,231.209,231.412,229.179,229.861,229.861,14854888
2024-08-08,SPY,229.474,229.995,227.351,227.547,227.547,9347472
2024-08-09,SPY,227.671,229.431,227.236,228.835,228.835,14468914
2024-08-12,SPY,228.789,231.845,228.739,231.595,231.595,11947138
2024-08-13,SPY,231.86,232.09,231.405,231.737,231.737,6747161
2024-08-14,SPY,231.167,231.985,227.111,228.216,228.216,9121986
2024-08-15,SPY,228.379,229.674,224.181,224.55,224.55,9613917
2024-08-16,SPY,225.04,225.541,220.322,220.765,220.765,7142465
2024-08-19,SPY,220.98,221.009,214.43,216.159,216.159,7090396
2024-08-20,SPY,216.219,216.506,216.176,216.471,216.471,14520306
2024-08-21,SPY,216.43,219.808,215.077,219.442,219.442,7067918
2024-08-22,SPY,219.075,219.51,218.204,219.434,219.434,13235308
2024-08-23,SPY,219.403,219.527,212.406,213.589,213.589,8690547
2024-08-26,SPY,214.127,214.807,212.928,213.128,213.128,9923082
2024-08-27,SPY,213.077,213.907,211.973,212.739,212.739,11685533
2024-08-28,SPY,212.361,218.932,211.271,218.186,218.186,8204324
2024-08-29,SPY,217.971,218.254,214.274,214.431,214.431,11703713
2024-08-30,SPY,214.518,214.58,212.964,213.456,213.456,3860711
2024-09-02,SPY,213.296,219.2,213.274,217.898,217.898,11319122
2024-09-03,SPY,218.11,219.384,216.404,219.106,219.106,2594410
2024-09-04,SPY,219.335,221.061,218.621,220.62,220.62,9319460
2024-09-05,SPY,221.013,221.378,220.928,220.952,220.952,12562729
2024-09-06,SPY,221.581,222.961,221.019,221.857,221.857,11866886
2024-09-09,SPY,222.299,225.855,221.004,223.965,223.965,6104769
2024-09-10,SPY,223.547,224.219,221.575,221.829,221.829,6491007
2024-09-11,SPY,221.428,226.044,220.757,224.207,224.207,7933984
2024-09-12,SPY,224.173,224.571,219.611,220.572,220.572,10558648
2024-09-13,SPY,220.373,222.206,220.221,221.471,221.471,3904200
2024-09-16,SPY,220.967,222.003,220.923,221.975,221.975,9960329
2024-09-17,SPY,221.779,221.823,219.234,220.367,220.367,10934288
2024-09-18,SPY,220.158,220.895,220.006,220.335,220.335,9150888
2024-09-19,SPY,220.039,221.254,218.611,218.723,218.723,11575963
2024-09-20,SPY,218.585,218.84,215.402,215.956,215.956,10671172
2024-09-23,SPY,216.465,216.816,214.213,215.069,215.069,8375037
2024-09-24,SPY,215.155,215.663,212.125,212.266,212.266,4191432
2024-09-25,SPY,213.315,213.762,212.826,213.117,213.117,10400239
2024-09-26,SPY,213.19,213.851,210.135,210.223,210.223,7140774
2024-09-27,SPY,210.101,213.173,209.566,212.054,212.054,8264972
2024-09-30,SPY,212.055,213.051,208.748,209.095,209.095,11437373
2024-10-01,SPY,209.202,209.765,207.239,207.706,207.706,14252000
2024-10-02,SPY,207.886,208.621,206.096,206.181,206.181,9885820
2024-10-03,SPY,207.037,209.71,206.112,209.513,209.513,11662195
2024-10-04,SPY,209.158,211.129,208.637,210.372,210.372,5666562
2024-10-07,SPY,210.733,212.72,209.773,209.865,209.865,10736571
2024-10-08,SPY,209.952,211.813,209.83,211.151,211.151,9820282
2024-10-09,SPY,210.488,210.786,205.866,205.905,205.905,13687683
2024-10-10,SPY,206.223,206.597,204.818,205.825,205.825,8378625
2024-10-11,SPY,206.347,211.806,205.474,210.845,210.845,9275087
2024-10-14,SPY,210.484,211.596,209.995,211.207,211.207,13176443
2024-10-15,SPY,211.204,211.965,210.553,211.407,211.407,9723899
2024-10-16,SPY,210.677,212.841,210.284,212.829,212.829,6673476
2024-10-17,SPY,212.293,215.183,211.895,215.156,215.156,17654900
2024-10-18,SPY,215.607,216.147,209.322,210.087,210.087,6764222
2024-10-21,SPY,209.891,209.928,205.301,205.915,205.915,9805900
2024-10-22,SPY,205.458,206.935,205.329,206.461,206.461,11040064
2024-10-23,SPY,206.556,206.661,204.256,204.724,204.724,10802853
2024-10-24,SPY,204.51,208.147,204.333,207.999,207.999,9430769
2024-10-25,SPY,207.803,208.392,207.235,207.24,207.24,9445719
2024-10-28,SPY,207.547,208.165,202.109,202.511,202.511,9295204
2024-10-29,SPY,202.04,202.299,198.937,199.478,199.478,6652198
2024-10-30,SPY,199.117,199.385,192.627,193.028,193.028,16450658
2024-10-31,SPY,193.088,193.172,191.654,192.511,192.511,9340027
2024-11-01,SPY,192.885,192.933,191.919,192.101,192.101,11790793
2024-11-04,SPY,192.577,193.078,191.138,191.15,191.15,8996041
2024-11-05,SPY,190.895,193.706,190.461,193.665,193.665,8935709
2024-11-06,SPY,194.028,196.862,194.014,196.496,196.496,8633669
2024-11-07,SPY,196.188,196.744,195.944,196.119,196.119,5350463
2024-11-08,SPY,196.836,197.794,191.167,191.184,191.184,9518137
2024-11-11,SPY,190.75,192.837,190.239,192.63,192.63,8778977
2024-11-12,SPY,193.142,194.273,192.758,193.943,193.943,13514574
2024-11-13,SPY,193.688,195.095,193.615,194.689,194.689,6409900
2024-11-14,SPY,195.473,198.511,195.467,197.021,197.021,8268558
2024-11-15,SPY,197.254,197.778,193.807,194.311,194.311,7304679
2024-11-18,SPY,193.916,199.856,193.858,199.077,199.077,14327591
2024-11-19,SPY,198.869,199.343,195.755,196.823,196.823,7391775
2024-11-20,SPY,197.131,199.73,197.038,198.626,198.626,11686900
2024-11-21,SPY,199.044,199.514,194.531,194.67,194.67,12910484
2024-11-22,SPY,194.642,196.137,192.434,192.533,192.533,9561631
2024-11-25,SPY,192.55,196.356,191.79,196.094,196.094,5869567
2024-11-26,SPY,196.391,196.72,194.898,195.506,195.506,5907538
2024-11-27,SPY,195.557,197.601,195.246,197.512,197.512,12579292
2024-11-28,SPY,197.001,198.263,196.329,198.099,198.099,6218218
2024-11-29,SPY,197.777,198.659,197.757,197.875,197.875,11176080
2024-12-02,SPY,197.968,201.397,197.68,201.166,201.166,10343047
2024-12-03,SPY,201.655,202.138,199.883,200.621,200.621,11131397
2024-12-04,SPY,201.27,201.837,195.491,196.405,196.405,11414754
2024-12-05,SPY,196.711,197.357,193.813,194.546,194.546,7198988
2024-12-06,SPY,194.657,196.81,194.159,195.862,195.862,7073415
2024-12-09,SPY,196.155,196.878,195.863,196.819,196.819,12144781
2024-12-10,SPY,196.556,196.924,192.126,193.177,193.177,8111966
2024-12-11,SPY,193.117,193.477,191.391,191.529,191.529,1749555
2024-12-12,SPY,191.214,191.586,190.069,190.221,190.221,11946266
2024-12-13,SPY,189.746,190.15,189.005,189.413,189.413,6891216
2024-12-16,SPY,189.539,190.269,185.772,186.335,186.335,11401408
2024-12-17,SPY,186.404,187.243,184.642,184.959,184.959,14178466
2024-12-18,SPY,185.213,185.322,183.252,183.372,183.372,10050287
2024-12-19,SPY,183.573,185.431,183.062,185.102,185.102,12987297
2024-12-20,SPY,185.191,187.552,184.547,186.932,186.932,10461393
2024-12-23,SPY,187.14,187.304,186.622,186.629,186.629,14762288
2024-12-24,SPY,186.613,186.761,185.155,185.776,185.776,6813679
2024-12-25,SPY,185.93,186.527,185.381,186.112,186.112,9975355
2024-12-26,SPY,185.842,185.91,184.01,184.321,184.321,12019485
2024-12-27,SPY,184.457,184.657,181.565,181.825,181.825,9428765
2024-12-30,SPY,182.068,182.459,179.634,179.808,179.808,13456657
2024-12-31,SPY,179.567,179.618,178.119,178.466,178.466,8703881
2019-01-01,TLT,108.193,108.636,107.492,107.64,107.64,11389174
2019-01-02,TLT,107.433,110.969,107.092,110.431,110.431,4818056
2019-01-03,TLT,110.271,111.346,109.805,110.819,110.819,4769669
2019-01-04,TLT,110.815,111.856,110.705,111.571,111.571,13920369
2019-01-07,TLT,111.382,113.273,110.809,113.192,113.192,8322642
2019-01-08,TLT,113.392,113.735,111.574,111.605,111.605,5537781
2019-01-09,TLT,111.486,111.706,109.521,109.876,109.876,6689078
2019-01-10,TLT,110.02,112.209,109.878,111.559,111.559,11171424
2019-01-11,TLT,111.263,112.173,111.079,111.941,111.941,7532357
2019-01-14,TLT,111.537,112.44,111.476,111.651,111.651,10724877
2019-01-15,TLT,111.6,112.026,111.432,111.681,111.681,7063818
2019-01-16,TLT,111.33,111.831,108.532,108.542,108.542,4767400
2019-01-17,TLT,108.872,109.414,108.174,108.308,108.308,14273140
2019-01-18,TLT,107.977,108.313,107.069,107.347,107.347,11194570
2019-01-21,TLT,107.125,108.942,107.117,108.55,108.55,8998747
2019-01-22,TLT,108.64,109.886,107.681,109.868,109.868,8435915
2019-01-23,TLT,109.74,111.335,109.187,110.646,110.646,14394701
2019-01-24,TLT,110.31,111.195,110.211,111.186,111.186,11774590
2019-01-25,TLT,111.64,111.848,108.95,109.22,109.22,13440439
2019-01-28,TLT,109.001,110.056,108.634,110.011,110.011,8248922
2019-01-29,TLT,109.968,110.919,109.857,110.859,110.859,10152000
2019-01-30,TLT,110.813,112.868,110.626,112.542,112.542,11206597
2019-01-31,TLT,112.702,115.802,112.453,115.455,115.455,8349793
2019-02-01,TLT,115.561,116.199,112.916,113.148,113.148,9713404
2019-02-04,TLT,112.961,113.596,112.457,112.636,112.636,8249169
2019-02-05,TLT,112.562,112.563,110.971,111.651,111.651,11197178
2019-02-06,TLT,111.601,111.991,111.326,111.897,111.897,6035818
2019-02-07,TLT,112.065,112.394,111.552,111.929,111.929,11715910
2019-02-08,TLT,111.668,111.883,111.503,111.63,111.63,10932140
2019-02-11,TLT,112.08,113.626,112.045,113.029,113.029,9390074
2019-02-12,TLT,112.857,113.375,111.417,111.559,111.559,11348551
2019-02-13,TLT,111.557,111.713,109.97,110.188,110.188,8905179
2019-02-14,TLT,109.933,110.11,108.717,108.856,108.856,7989608
2019-02-15,TLT,108.574,108.745,108.122,108.4,108.4,11631178
2019-02-18,TLT,108.211,108.744,106.478,106.828,106.828,11761042
2019-02-19,TLT,106.62,107.431,106.599,106.779,106.779,8478189
2019-02-20,TLT,106.69,106.765,106.199,106.581,106.581,8220843
2019-02-21,TLT,106.372,106.587,105.499,105.593,105.593,9451080
2019-02-22,TLT,105.74,106.747,105.283,106.72,106.72,8343983
2019-02-25,TLT,106.553,106.859,106.528,106.657,106.657,14575357
2019-02-26,TLT,106.466,108.127,106.385,108.04,108.04,10949427
2019-02-27,TLT,107.955,108.172,107.713,107.801,107.801,10043801
2019-02-28,TLT,108.015,108.085,107.705,107.783,107.783,7201825
2019-03-01,TLT,107.83,108.115,106.938,107.072,107.072,12216968
2019-03-04,TLT,107.05,107.225,106.968,107.076,107.076,8165185
2019-03-05,TLT,106.769,108.157,106.384,108.009,108.009,8041758
2019-03-06,TLT,107.762,108.035,107.409,107.491,107.491,12317844
2019-03-07,TLT,107.216,108.277,107.084,108.176,108.176,11161968
2019-03-08,TLT,108.458,108.594,106.632,107.139,107.139,2489657
2019-03-11,TLT,107.253,108.451,107.166,108.134,108.134,9526688
2019-03-12,TLT,107.947,108.225,107.22,107.397,107.397,10376559
2019-03-13,TLT,107.276,108.703,106.994,108.515,108.515,8981212
2019-03-14,TLT,108.335,109.114,108.272,108.608,108.608,10481091
2019-03-15,TLT,108.415,110.677,108.042,110.622,110.622,4570936
2019-03-18,TLT,110.724,110.734,108.721,109.115,109.115,1506938
2019-03-19,TLT,109.052,109.109,106.769,107.213,107.213,7073595
2019-03-20,TLT,107.659,108.025,106.29,106.437,106.437,10846741
2019-03-21,TLT,106.703,107.078,103.955,104.696,104.696,325131
2019-03-22,TLT,104.97,105.321,102.796,102.986,102.986,7469362
2019-03-25,TLT,103.125,103.779,102.467,103.771,103.771,4231717
2019-03-26,TLT,103.683,104.05,103.444,103.779,103.779,9272127
2019-03-27,TLT,103.903,104.503,102.781,103.196,103.196,15873698
2019-03-28,TLT,103.124,103.389,102.633,102.731,102.731,9348472
2019-03-29,TLT,103.066,103.207,101.752,102.011,102.011,9677491
2019-04-01,TLT,102.093,104.509,101.656,104.064,104.064,12517693
2019-04-02,TLT,104.119,104.286,102.827,103.163,103.163,10063920
2019-04-03,TLT,103.189,103.626,101.502,101.552,101.552,9355025
2019-04-04,TLT,101.906,102.995,101.251,102.54,102.54,12779938
2019-04-05,TLT,102.246,102.571,102.191,102.288,102.288,11415661
2019-04-08,TLT,102.664,105.018,102.413,104.835,104.835,10865877
2019-04-09,TLT,104.796,105.042,104.12,104.188,104.188,9583660
2019-04-10,TLT,103.895,106.091,102.984,105.265,105.265,8961806
2019-04-11,TLT,105.106,106.892,104.565,106.654,106.654,12751513
2019-04-12,TLT,106.302,106.759,105.545,106.003,106.003,8990612
2019-04-15,TLT,106.141,106.147,104.9,105.075,105.075,13693759
2019-04-16,TLT,104.857,106.423,104.606,106.028,106.028,6858561
2019-04-17,TLT,106.064,106.814,105.956,106.775,106.775,14301352
2019-04-18,TLT,107.018,107.018,104.94,104.997,104.997,11416120
2019-04-19,TLT,104.856,105.189,103.512,103.598,103.598,7094395
2019-04-22,TLT,103.542,103.639,100.099,100.505,100.505,11526936
2019-04-23,TLT,100.243,101.529,99.933,101.238,101.238,8049091
2019-04-24,TLT,101.16,101.232,100.882,100.934,100.934,10100284
2019-04-25,TLT,101.453,101.618,100.72,100.75,100.75,8540119
2019-04-26,TLT,100.907,100.952,98.529,98.739,98.739,9601264
2019-04-29,TLT,98.686,98.688,97.226,97.459,97.459,12824292
2019-04-30,TLT,97.339,97.403,96.887,96.914,96.914,11555535
2019-05-01,TLT,96.905,97.228,95.891,96.147,96.147,6623904
2019-05-02,TLT,96.172,96.374,96.15,96.295,96.295,6795711
2019-05-03,TLT,96.215,97.393,95.746,96.984,96.984,10812327
2019-05-06,TLT,97.087,99.843,96.885,99.675,99.675,11029561
2019-05-07,TLT,99.485,99.713,99.427,99.664,99.664,7976665
2019-05-08,TLT,99.473,101.36,99.367,101.02,101.02,14773946
2019-05-09,TLT,101.094,101.488,99.855,100.031,100.031,12440485
2019-05-10,TLT,99.797,100.329,97.823,98.053,98.053,8123271
2019-05-13,TLT,98.196,98.235,97.087,97.652,97.652,7833234
2019-05-14,TLT,97.649,97.873,95.324,95.81,95.81,9316560
2019-05-15,TLT,95.46,96.257,94.968,95.839,95.839,9004437
2019-05-16,TLT,95.86,95.984,94.932,94.958,94.958,13768472
2019-05-17,TLT,94.638,94.943,92.615,92.769,92.769,12953569
2019-05-20,TLT,92.897,94.751,92.525,94.734,94.734,10105209
2019-05-21,TLT,94.686,95.547,93.894,94.136,94.136,12033717
2019-05-22,TLT,94.485,94.571,92.114,92.316,92.316,12468926
2019-05-23,TLT,92.514,93.571,92.348,93.329,93.329,10174782
2019-05-24,TLT,93.131,93.245,92.01,92.528,92.528,11207856
2019-05-27,TLT,92.154,93.904,91.909,93.758,93.758,11782563
2019-05-28,TLT,93.617,93.887,92.358,92.949,92.949,11462817
2019-05-29,TLT,92.722,93.307,92.252,92.359,92.359,7663589
2019-05-30,TLT,92.697,93.051,92.576,92.754,92.754,7966871
2019-05-31,TLT,92.752,93.526,92.504,93.429,93.429,9134216
2019-06-03,TLT,93.603,94.417,93.54,94.306,94.306,7880007
2019-06-04,TLT,94.253,94.34,93.664,94.217,94.217,5580698
2019-06-05,TLT,94.183,95.267,94.066,94.828,94.828,12027856
2019-06-06,TLT,94.822,95.781,94.747,95.693,95.693,11039224
2019-06-07,TLT,95.905,96.823,95.596,95.936,95.936,5981900
2019-06-10,TLT,95.996,96.693,95.569,95.784,95.784,9277250
2019-06-11,TLT,95.581,95.634,94.087,94.149,94.149,9447143
2019-06-12,TLT,94.455,94.938,94.274,94.841,94.841,10545833
2019-06-13,TLT,94.785,95.21,94.693,94.901,94.901,6754233
2019-06-14,TLT,94.814,94.947,94.342,94.443,94.443,5938017
2019-06-17,TLT,93.909,96.129,93.888,95.914,95.914,11559173
2019-06-18,TLT,96.036,96.158,94.099,94.297,94.297,5398114
2019-06-19,TLT,94.316,96.543,94.281,96.188,96.188,9302010
2019-06-20,TLT,96.207,96.288,96.16,96.175,96.175,9021768
2019-06-21,TLT,96.097,96.969,95.769,96.554,96.554,9630147
2019-06-24,TLT,96.443,96.631,96.027,96.11,96.11,10758153
2019-06-25,TLT,96.039,96.249,94.055,94.218,94.218,14795712
2019-06-26,TLT,94.306,94.651,93.911,94.073,94.073,5201523
2019-06-27,TLT,94.193,94.593,94.128,94.463,94.463,12629745
2019-06-28,TLT,94.42,95.363,94.228,95.245,95.245,2463526
2019-07-01,TLT,95.426,95.533,94.752,95.031,95.031,14181133
2019-07-02,TLT,95.016,95.035,92.312,92.575,92.575,3871392
2019-07-03,TLT,92.482,92.919,90.822,90.89,90.89,17309184
2019-07-04,TLT,90.926,93.319,90.518,93.168,93.168,8830697
2019-07-05,TLT,92.915,92.979,91.921,91.966,91.966,13871149
2019-07-08,TLT,92.009,93.629,91.933,93.567,93.567,13252468
2019-07-09,TLT,93.278,93.602,92.107,92.536,92.536,8690533
2019-07-10,TLT,92.345,92.855,92.265,92.345,92.345,8920752
2019-07-11,TLT,91.972,93.474,91.356,93.052,93.052,7488523
2019-07-12,TLT,93.02,93.275,92.011,92.153,92.153,12362110
2019-07-15,TLT,92.449,93.984,92.169,93.942,93.942,8729596
2019-07-16,TLT,93.92,94.216,93.873,94.04,94.04,7543049
2019-07-17,TLT,94.161,94.578,94.09,94.573,94.573,11611828
2019-07-18,TLT,95.018,95.185,94.054,94.282,94.282,7308471
2019-07-19,TLT,94.358,95.277,93.622,95.043,95.043,9013053
2019-07-22,TLT,94.897,97.054,94.806,96.873,96.873,10321318
2019-07-23,TLT,96.751,96.786,96.598,96.733,96.733,8072712
2019-07-24,TLT,96.733,99.007,96.599,98.774,98.774,8525354
2019-07-25,TLT,98.649,99.022,97.894,98.064,98.064,14604950
2019-07-26,TLT,97.955,99.242,97.653,98.98,98.98,9387294
2019-07-29,TLT,99.175,99.585,98.677,99.576,99.576,8921119
2019-07-30,TLT,99.78,100.03,97.982,98.319,98.319,9474625
2019-07-31,TLT,97.996,98.838,97.923,98.585,98.585,11363365
2019-08-01,TLT,98.423,98.807,98.024,98.606,98.606,6898409
2019-08-02,TLT,98.514,98.59,97.504,97.614,97.614,11281646
2019-08-05,TLT,97.731,98.2,97.609,98.047,98.047,10767461
2019-08-06,TLT,98.271,98.688,98.223,98.232,98.232,4634034
2019-08-07,TLT,98.762,98.912,97.777,98.159,98.159,15382767
2019-08-08,TLT,98.067,98.162,97.601,98.09,98.09,14382441
2019-08-09,TLT,98.009,98.273,97.781,97.997,97.997,7598311
2019-08-12,TLT,98.112,98.24,97.52,97.578,97.578,6632720
2019-08-13,TLT,97.445,97.845,97.175,97.754,97.754,10684154
2019-08-14,TLT,97.727,97.939,96.776,97.014,97.014,5722410
2019-08-15,TLT,96.934,100.186,96.927,100.17,100.17,14092849
2019-08-16,TLT,99.645,99.762,98.473,98.503,98.503,8594639
2019-08-19,TLT,98.527,98.778,97.532,97.827,97.827,14865421
2019-08-20,TLT,97.791,97.862,96.874,97.247,97.247,7526790
2019-08-21,TLT,97.494,99.81,97.325,99.67,99.67,9663394
2019-08-22,TLT,99.671,99.899,98.078,98.116,98.116,13801638
2019-08-23,TLT,97.87,99.122,97.648,98.632,98.632,9030282
2019-08-26,TLT,98.581,99.395,98.483,98.939,98.939,10816275
2019-08-27,TLT,98.525,99.473,97.968,99.348,99.348,13277976
2019-08-28,TLT,99.108,101.245,98.998,100.846,100.846,8331858
2019-08-29,TLT,100.974,102.448,100.664,102.341,102.341,6214783
2019-08-30,TLT,102.291,102.802,101.587,101.802,101.802,5623868
2019-09-02,TLT,101.99,102.475,101.963,102.052,102.052,11750298
2019-09-03,TLT,101.651,101.737,99.735,99.808,99.808,11166335
2019-09-04,TLT,99.759,100.579,99.511,99.939,99.939,13184990
2019-09-05,TLT,99.844,99.966,98.522,99.004,99.004,9177866
2019-09-06,TLT,99.194,99.303,98.183,98.796,98.796,5707788
2019-09-09,TLT,98.929,98.975,96.782,96.83,96.83,2941743
2019-09-10,TLT,96.954,97.439,96.201,97.314,97.314,18603888
2019-09-11,TLT,97.614,98.111,95.17,95.365,95.365,11580769
2019-09-12,TLT,95.295,95.699,94.937,95.547,95.547,10410375
2019-09-13,TLT,95.802,96.02,93.963,94.163,94.163,10835919
2019-09-16,TLT,93.967,94.355,93.159,93.22,93.22,5705983
2019-09-17,TLT,93.018,94.562,92.373,94.533,94.533,7615384
2019-09-18,TLT,94.675,95.616,94.595,95.214,95.214,15229990
2019-09-19,TLT,94.928,96.683,94.683,96.549,96.549,11975042
2019-09-20,TLT,96.659,98.654,96.399,98.385,98.385,7709207
2019-09-23,TLT,98.405,98.722,97.156,97.49,97.49,6319554
2019-09-24,TLT,97.699,99.423,97.406,99.272,99.272,8452918
2019-09-25,TLT,99.26,99.378,97.412,97.554,97.554,9053708
2019-09-26,TLT,97.565,98.917,97.016,98.444,98.444,16147438
2019-09-27,TLT,98.544,98.583,97.544,97.875,97.875,9435198
2019-09-30,TLT,97.745,98.098,96.301,96.801,96.801,6431345
2019-10-01,TLT,96.664,97.654,96.464,97.53,97.53,9824193
2019-10-02,TLT,97.622,99.309,97.603,98.655,98.655,10793015
2019-10-03,TLT,98.649,100.036,98.096,99.757,99.757,6158360
2019-10-04,TLT,99.676,100.066,99.09,100.027,100.027,11206497
2019-10-07,TLT,100.011,101.16,100.0,100.198,100.198,13626748
2019-10-08,TLT,100.518,101.124,100.513,100.847,100.847,10416014
2019-10-09,TLT,100.757,101.582,100.582,101.228,101.228,7608805
2019-10-10,TLT,101.132,102.369,101.046,101.901,101.901,8413389
2019-10-11,TLT,101.553,102.238,101.1,102.164,102.164,5023492
2019-10-14,TLT,102.155,103.633,101.698,103.215,103.215,9598494
2019-10-15,TLT,103.351,103.431,100.709,101.232,101.232,10932340
2019-10-16,TLT,101.402,101.419,100.757,101.086,101.086,7310102
2019-10-17,TLT,101.108,101.201,98.968,99.434,99.434,15819100
2019-10-18,TLT,99.624,100.104,99.041,99.777,99.777,12376838
2019-10-21,TLT,99.923,101.949,99.704,101.776,101.776,4621668
2019-10-22,TLT,102.002,102.102,100.684,101.211,101.211,4683212
2019-10-23,TLT,101.411,101.66,101.268,101.379,101.379,7047929
2019-10-24,TLT,101.697,102.772,101.219,102.316,102.316,14719556
2019-10-25,TLT,102.282,102.511,99.437,99.822,99.822,12672765
2019-10-28,TLT,99.557,99.573,98.794,99.211,99.211,14871137
2019-10-29,TLT,99.343,99.847,99.073,99.659,99.659,10030628
2019-10-30,TLT,99.814,100.24,96.17,96.266,96.266,9371532
2019-10-31,TLT,96.568,96.631,94.898,95.156,95.156,6257472
2019-11-01,TLT,95.4,96.525,95.366,96.434,96.434,11049052
2019-11-04,TLT,96.809,97.87,96.778,97.614,97.614,9411495
2019-11-05,TLT,97.735,98.163,97.632,98.066,98.066,9295983
2019-11-06,TLT,98.111,99.211,97.576,99.122,99.122,14854153
2019-11-07,TLT,98.848,99.473,98.676,99.391,99.391,9620963
2019-11-08,TLT,99.453,100.097,99.243,100.069,100.069,13992944
2019-11-11,TLT,99.958,100.124,99.641,99.703,99.703,5235776
2019-11-12,TLT,99.745,100.023,99.647,99.855,99.855,18064337
2019-11-13,TLT,99.865,100.097,98.836,99.112,99.112,8880189
2019-11-14,TLT,99.206,100.77,99.024,100.639,100.639,12121552
2019-11-15,TLT,100.62,103.437,100.194,102.507,102.507,12598819
2019-11-18,TLT,102.699,104.421,102.347,104.232,104.232,8507930
2019-11-19,TLT,103.664,104.094,103.44,103.736,103.736,12457090
2019-11-20,TLT,103.775,104.15,102.554,102.568,102.568,12613010
2019-11-21,TLT,102.815,104.303,102.74,104.166,104.166,7860566
2019-11-22,TLT,104.555,105.037,104.325,104.861,104.861,7896099
2019-11-25,TLT,105.015,105.304,104.904,105.289,105.289,10135920
2019-11-26,TLT,105.644,105.832,104.503,104.505,104.505,9653518
2019-11-27,TLT,104.54,105.18,104.377,105.053,105.053,14179390
2019-11-28,TLT,105.054,105.084,103.604,103.707,103.707,12108005
2019-11-29,TLT,103.817,104.645,103.675,104.513,104.513,9788729
2019-12-02,TLT,104.512,106.407,103.831,106.27,106.27,11818234
2019-12-03,TLT,106.104,108.713,106.015,108.384,108.384,3860041
2019-12-04,TLT,108.273,109.702,107.651,109.324,109.324,8154067
2019-12-05,TLT,109.08,109.1,107.164,107.539,107.539,10863463
2019-12-06,TLT,107.653,107.907,107.587,107.808,107.808,13346097
2019-12-09,TLT,107.81,111.1,107.16,110.626,110.626,10599308
2019-12-10,TLT,110.546,110.798,109.01,109.493,109.493,14374717
2019-12-11,TLT,109.369,109.68,109.203,109.429,109.429,12603820
2019-12-12,TLT,109.54,111.641,109.303,111.315,111.315,8535012
2019-12-13,TLT,111.489,112.258,111.291,112.157,112.157,9579908
2019-12-16,TLT,111.904,115.781,111.903,115.56,115.56,11225265
2019-12-17,TLT,115.263,116.018,114.331,114.563,114.563,8654093
2019-12-18,TLT,114.782,114.886,112.847,113.225,113.225,14593871
2019-12-19,TLT,112.913,115.275,112.61,114.915,114.915,6673822
2019-12-20,TLT,115.041,115.57,113.267,113.292,113.292,10948319
2019-12-23,TLT,113.659,114.257,112.197,113.039,113.039,12206340
2019-12-24,TLT,113.405,114.007,112.841,112.965,112.965,9059659
2019-12-25,TLT,113.132,114.71,112.586,114.393,114.393,8383602
2019-12-26,TLT,114.555,115.505,114.069,115.254,115.254,9771756
2019-12-27,TLT,115.773,116.015,115.261,115.902,115.902,12435996
2019-12-30,TLT,115.361,115.785,115.332,115.359,115.359,8500456
2019-12-31,TLT,115.252,117.52,115.197,117.068,117.068,6793236
2020-01-01,TLT,117.267,123.603,117.076,122.878,122.878,13451754
2020-01-02,TLT,122.795,124.723,122.628,123.917,123.917,11197889
2020-01-03,TLT,124.225,124.341,123.789,124.082,124.082,13023572
2020-01-06,TLT,124.072,124.241,122.007,122.18,122.18,12277995
2020-01-07,TLT,122.212,122.287,121.229,121.264,121.264,16539668
2020-01-08,TLT,121.197,121.367,120.811,120.969,120.969,13344916
2020-01-09,TLT,120.843,121.391,120.088,120.211,120.211,7827761
2020-01-10,TLT,120.079,120.506,119.926,120.203,120.203,11410804
2020-01-13,TLT,120.268,122.85,119.742,122.811,122.811,8327534
2020-01-14,TLT,122.621,125.528,122.052,124.679,124.679,8637622
2020-01-15,TLT,124.916,125.03,123.327,124.457,124.457,5762499
2020-01-16,TLT,124.62,124.756,122.137,122.681,122.681,9141660
2020-01-17,TLT,122.951,124.795,122.457,124.682,124.682,11635103
2020-01-20,TLT,124.4,124.83,124.149,124.624,124.624,9801935
2020-01-21,TLT,124.201,124.572,122.081,122.085,122.085,6701895
2020-01-22,TLT,122.084,123.822,121.785,123.149,123.149,5430942
2020-01-23,TLT,123.863,124.744,123.375,124.69,124.69,16335538
2020-01-24,TLT,125.005,125.118,120.914,121.128,121.128,10975482
2020-01-27,TLT,120.993,121.492,119.473,119.95,119.95,7527792
2020-01-28,TLT,120.052,120.075,119.505,119.807,119.807,11385350
2020-01-29,TLT,119.981,120.99,119.632,120.883,120.883,16567558
2020-01-30,TLT,120.552,120.719,120.039,120.152,120.152,11861387
2020-01-31,TLT,120.481,121.261,118.706,118.974,118.974,1638796
2020-02-03,TLT,118.934,120.278,118.73,120.032,120.032,17956875
2020-02-04,TLT,120.01,120.454,119.346,119.374,119.374,4452261
2020-02-05,TLT,119.38,120.192,119.236,120.169,120.169,9381964
2020-02-06,TLT,120.444,120.736,118.453,118.592,118.592,6599787
2020-02-07,TLT,118.413,118.551,116.609,116.698,116.698,7779994
2020-02-10,TLT,116.299,118.182,116.071,117.775,117.775,10853229
2020-02-11,TLT,117.851,118.336,117.656,118.148,118.148,3786929
2020-02-12,TLT,117.665,119.883,117.265,119.478,119.478,9729263
2020-02-13,TLT,119.406,119.524,118.176,118.732,118.732,13442027
2020-02-14,TLT,119.014,119.155,117.579,117.62,117.62,7470279
2020-02-17,TLT,117.756,120.21,117.467,119.571,119.571,5829145
2020-02-18,TLT,119.82,119.935,116.935,117.421,117.421,9582085
2020-02-19,TLT,117.567,119.293,117.47,119.213,119.213,8984976
2020-02-20,TLT,119.787,121.577,119.505,121.132,121.132,8214317
2020-02-21,TLT,120.99,122.591,120.323,122.405,122.405,6434962
2020-02-24,TLT,122.502,122.599,121.315,121.414,121.414,11557554
2020-02-25,TLT,121.308,121.39,119.652,120.246,120.246,11785791
2020-02-26,TLT,120.476,120.894,119.76,119.958,119.958,6803060
2020-02-27,TLT,119.943,119.992,117.461,118.123,118.123,7218239
2020-02-28,TLT,118.53,118.824,116.552,116.783,116.783,10409476
2020-03-02,TLT,116.659,118.307,116.397,117.705,117.705,7105085
2020-03-03,TLT,118.036,119.216,117.792,118.641,118.641,10535986
2020-03-04,TLT,118.782,119.595,116.929,117.171,117.171,14404140
2020-03-05,TLT,117.164,118.419,117.145,118.141,118.141,9820532
2020-03-06,TLT,118.269,119.042,118.078,118.802,118.802,6359151
2020-03-09,TLT,118.864,121.315,118.863,120.989,120.989,11176310
2020-03-10,TLT,121.076,122.082,120.869,121.834,121.834,9467036
2020-03-11,TLT,121.784,123.616,121.702,123.407,123.407,9549529
2020-03-12,TLT,123.234,124.177,122.8,124.132,124.132,11425969
2020-03-13,TLT,124.049,126.16,123.866,125.616,125.616,12073112
2020-03-16,TLT,125.193,125.829,123.642,123.707,123.707,10106506
2020-03-17,TLT,123.915,124.21,122.943,123.542,123.542,9817959
2020-03-18,TLT,123.237,123.622,122.87,123.5,123.5,16190624
2020-03-19,TLT,123.446,123.941,123.09,123.155,123.155,13601662
2020-03-20,TLT,123.314,123.923,123.255,123.828,123.828,12500638
2020-03-23,TLT,124.036,124.937,123.752,124.791,124.791,10393618
2020-03-24,TLT,124.348,125.444,124.225,125.395,125.395,6982770
2020-03-25,TLT,125.372,125.741,124.708,125.145,125.145,13382159
2020-03-26,TLT,125.261,125.326,123.952,124.061,124.061,10432882
2020-03-27,TLT,124.074,126.143,123.689,125.722,125.722,8268493
2020-03-30,TLT,126.06,126.655,126.013,126.266,126.266,9270579
2020-03-31,TLT,126.059,126.265,124.558,124.748,124.748,7101452
2020-04-01,TLT,124.237,125.009,124.087,124.475,124.475,13171987
2020-04-02,TLT,124.676,125.286,121.46,121.913,121.913,12049111
2020-04-03,TLT,121.782,122.677,121.519,121.981,121.981,10544897
2020-04-06,TLT,121.552,122.28,121.39,121.706,121.706,9871643
2020-04-07,TLT,121.668,122.105,120.653,120.886,120.886,7957993
2020-04-08,TLT,121.183,123.451,121.165,123.222,123.222,3609782
2020-04-09,TLT,122.911,123.393,121.263,121.54,121.54,5761219
2020-04-10,TLT,122.108,122.673,121.722,122.59,122.59,7772064
2020-04-13,TLT,122.385,125.958,121.603,125.866,125.866,7321101
2020-04-14,TLT,125.887,127.823,125.302,127.519,127.519,10868082
2020-04-15,TLT,127.209,128.014,126.451,127.488,127.488,12434481
2020-04-16,TLT,127.498,127.931,125.533,125.78,125.78,9614682
2020-04-17,TLT,125.747,126.048,123.05,123.757,123.757,14226751
2020-04-20,TLT,123.388,123.889,123.014,123.163,123.163,7651307
2020-04-21,TLT,123.859,124.007,122.149,122.168,122.168,9593389
2020-04-22,TLT,122.047,123.014,120.587,121.133,121.133,9847038
2020-04-23,TLT,121.013,121.465,120.673,120.675,120.675,13276559
2020-04-24,TLT,120.909,121.077,119.858,120.542,120.542,10317661
2020-04-27,TLT,120.98,121.396,120.414,121.262,121.262,10400707
2020-04-28,TLT,121.535,121.738,119.391,119.489,119.489,5035471
2020-04-29,TLT,119.202,119.596,118.121,118.53,118.53,7300280
2020-04-30,TLT,118.581,118.918,117.978,118.318,118.318,13287857
2020-05-01,TLT,117.873,118.218,117.571,118.056,118.056,3773973
2020-05-04,TLT,118.269,120.883,117.815,120.702,120.702,14028978
2020-05-05,TLT,120.307,121.284,119.718,121.054,121.054,11498993
2020-05-06,TLT,120.86,120.924,118.678,118.748,118.748,7757436
2020-05-07,TLT,118.747,119.84,118.639,119.361,119.361,7503853
2020-05-08,TLT,119.467,120.207,118.912,120.16,120.16,15687866
2020-05-11,TLT,120.097,121.008,119.643,119.995,119.995,14234217
2020-05-12,TLT,120.36,120.926,118.257,118.276,118.276,9641678
2020-05-13,TLT,118.447,120.93,118.282,120.813,120.813,10403775
2020-05-14,TLT,120.969,121.831,118.978,119.287,119.287,8061456
2020-05-15,TLT,118.994,120.902,118.767,120.252,120.252,10404352
2020-05-18,TLT,120.661,121.111,120.298,120.556,120.556,7978289
2020-05-19,TLT,120.363,121.523,119.851,121.444,121.444,9764371
2020-05-20,TLT,121.866,124.631,121.166,123.973,123.973,15430988
2020-05-21,TLT,124.475,124.903,124.432,124.827,124.827,9713158
2020-05-22,TLT,124.955,125.219,123.909,124.009,124.009,6855934
2020-05-25,TLT,124.265,125.809,124.042,125.682,125.682,5900884
2020-05-26,TLT,124.907,125.098,124.749,124.75,124.75,10381353
2020-05-27,TLT,124.701,125.042,124.495,125.011,125.011,7717315
2020-05-28,TLT,125.286,125.534,123.066,123.102,123.102,10739809
2020-05-29,TLT,123.329,123.597,121.45,121.6,121.6,5141491
2020-06-01,TLT,121.304,122.277,121.156,121.691,121.691,12070750
2020-06-02,TLT,121.619,122.572,121.55,122.245,122.245,6819505
2020-06-03,TLT,121.625,121.639,119.722,119.789,119.789,10138892
2020-06-04,TLT,119.888,120.599,119.773,120.521,120.521,8985090
2020-06-05,TLT,120.067,120.659,119.199,119.357,119.357,15155167
2020-06-08,TLT,119.627,121.576,119.353,121.219,121.219,10514468
2020-06-09,TLT,121.506,121.943,120.083,120.724,120.724,15836416
2020-06-10,TLT,120.609,120.685,118.56,119.122,119.122,11682227
2020-06-11,TLT,119.247,119.346,119.197,119.246,119.246,14276218
2020-06-12,TLT,119.194,119.509,117.741,117.957,117.957,9373605
2020-06-15,TLT,118.014,119.793,117.757,119.782,119.782,11036509
2020-06-16,TLT,119.508,120.292,119.254,119.798,119.798,13655931
2020-06-17,TLT,119.948,119.984,119.268,119.596,119.596,12714880
2020-06-18,TLT,119.203,120.598,118.834,120.464,120.464,11592980
2020-06-19,TLT,120.023,120.138,118.947,119.035,119.035,9016196
2020-06-22,TLT,119.006,119.328,116.977,117.223,117.223,9523671
2020-06-23,TLT,117.173,117.934,116.968,117.813,117.813,13412986
2020-06-24,TLT,117.878,118.068,116.072,116.284,116.284,14037734
2020-06-25,TLT,116.133,116.206,113.958,114.774,114.774,8221412
2020-06-26,TLT,115.206,116.047,115.073,115.947,115.947,7768723
2020-06-29,TLT,115.984,117.361,115.578,116.694,116.694,7287599
2020-06-30,TLT,116.749,117.082,114.908,114.966,114.966,12489102
2020-07-01,TLT,115.012,115.385,113.846,114.13,114.13,7211575
2020-07-02,TLT,114.359,114.755,112.691,112.913,112.913,12452810
2020-07-03,TLT,113.044,115.588,112.017,115.361,115.361,11637071
2020-07-06,TLT,115.463,116.885,115.112,116.637,116.637,8364724
2020-07-07,TLT,116.809,116.987,115.696,116.064,116.064,14691578
2020-07-08,TLT,115.641,117.311,115.438,116.884,116.884,5613223
2020-07-09,TLT,116.467,117.155,114.852,115.012,115.012,14978598
2020-07-10,TLT,114.995,115.207,113.304,114.102,114.102,10956658
2020-07-13,TLT,114.057,114.441,113.499,114.261,114.261,3779601
2020-07-14,TLT,114.393,115.268,113.985,114.897,114.897,14775639
2020-07-15,TLT,114.902,114.935,114.565,114.777,114.777,12916638
2020-07-16,TLT,114.911,115.644,114.464,115.134,115.134,8715365
2020-07-17,TLT,114.847,115.338,114.63,115.257,115.257,7105838
2020-07-20,TLT,115.255,115.651,115.036,115.046,115.046,5292800
2020-07-21,TLT,114.737,114.764,114.241,114.652,114.652,17246338
2020-07-22,TLT,114.741,114.914,113.396,114.082,114.082,7229854
2020-07-23,TLT,113.653,114.823,113.599,114.415,114.415,6209234
2020-07-24,TLT,114.494,115.222,114.298,114.995,114.995,10803757
2020-07-27,TLT,114.657,115.607,114.453,115.283,115.283,5086320
2020-07-28,TLT,115.195,115.649,113.38,113.679,113.679,7055355
2020-07-29,TLT,113.882,114.252,111.815,112.339,112.339,12984908
2020-07-30,TLT,112.39,113.014,112.37,112.892,112.892,11392632
2020-07-31,TLT,112.521,115.678,112.43,114.918,114.918,8840890
2020-08-03,TLT,114.764,115.359,114.734,115.143,115.143,10054920
2020-08-04,TLT,114.798,115.113,114.518,114.591,114.591,8672588
2020-08-05,TLT,114.202,115.177,113.976,114.914,114.914,9814007
2020-08-06,TLT,114.941,115.458,112.345,113.372,113.372,7714566
2020-08-07,TLT,113.499,115.477,113.103,115.181,115.181,8259282
2020-08-10,TLT,115.283,115.629,115.169,115.454,115.454,8167966
2020-08-11,TLT,115.593,115.953,114.035,114.545,114.545,7822417
2020-08-12,TLT,114.542,114.697,114.168,114.331,114.331,13131733
2020-08-13,TLT,114.268,114.739,113.472,113.624,113.624,12310352
2020-08-14,TLT,113.38,115.768,113.238,115.442,115.442,7202910
2020-08-17,TLT,115.34,115.745,114.911,115.177,115.177,6416819
2020-08-18,TLT,114.872,115.685,114.687,115.406,115.406,9528170
2020-08-19,TLT,115.211,116.559,114.935,116.218,116.218,16465863
2020-08-20,TLT,116.239,116.389,114.826,115.205,115.205,6916884
2020-08-21,TLT,115.177,115.536,114.786,115.487,115.487,9516327
2020-08-24,TLT,116.195,116.679,115.821,115.883,115.883,10266161
2020-08-25,TLT,115.571,115.782,113.706,113.757,113.757,9674073
2020-08-26,TLT,113.728,114.416,113.492,114.117,114.117,8625370
2020-08-27,TLT,113.792,114.146,113.564,114.069,114.069,13465240
2020-08-28,TLT,113.98,114.293,113.82,114.261,114.261,11363376
2020-08-31,TLT,114.182,114.483,114.077,114.325,114.325,12537416
2020-09-01,TLT,114.518,114.864,113.988,114.696,114.696,11768140
2020-09-02,TLT,114.592,116.891,114.516,116.566,116.566,12681845
2020-09-03,TLT,116.521,116.585,114.682,114.942,114.942,14753217
2020-09-04,TLT,114.843,115.198,114.192,114.486,114.486,13993132
2020-09-07,TLT,114.165,115.794,113.978,115.42,115.42,16974412
2020-09-08,TLT,115.27,116.143,115.126,116.103,116.103,13652024
2020-09-09,TLT,116.014,116.874,115.455,116.76,116.76,7991660
2020-09-10,TLT,116.777,120.865,116.741,120.698,120.698,12541936
2020-09-11,TLT,120.833,121.634,120.406,121.606,121.606,12131306
2020-09-14,TLT,121.549,123.897,121.536,123.284,123.284,15760885
2020-09-15,TLT,123.221,123.614,121.993,122.846,122.846,7098524
2020-09-16,TLT,122.423,122.811,120.845,121.406,121.406,11673853
2020-09-17,TLT,121.537,121.568,120.533,120.965,120.965,7956789
2020-09-18,TLT,120.796,122.634,120.663,122.018,122.018,11537635
2020-09-21,TLT,122.201,122.761,122.071,122.631,122.631,9355760
2020-09-22,TLT,122.954,123.448,122.619,123.242,123.242,11438406
2020-09-23,TLT,123.195,123.518,122.541,122.941,122.941,5768985
2020-09-24,TLT,122.689,123.11,122.333,122.406,122.406,12379679
2020-09-25,TLT,122.402,122.769,122.032,122.158,122.158,10618179
2020-09-28,TLT,122.243,123.967,121.676,123.24,123.24,10456579
2020-09-29,TLT,123.162,124.819,123.094,124.506,124.506,15850685
2020-09-30,TLT,124.365,124.41,123.005,123.027,123.027,8852550
2020-10-01,TLT,123.166,124.762,122.653,124.174,124.174,11026796
2020-10-02,TLT,124.297,124.504,123.09,123.224,123.224,10300812
2020-10-05,TLT,123.138,124.249,123.073,123.935,123.935,10594117
2020-10-06,TLT,123.525,124.233,123.387,123.665,123.665,16665412
2020-10-07,TLT,123.778,126.539,123.598,126.027,126.027,10191421
2020-10-08,TLT,125.834,125.934,125.289,125.412,125.412,8298161
2020-10-09,TLT,125.466,125.881,124.896,125.698,125.698,15612708
2020-10-12,TLT,125.736,126.967,125.681,126.632,126.632,9076934
2020-10-13,TLT,126.154,126.418,124.897,125.327,125.327,5184466
2020-10-14,TLT,125.347,125.54,125.0,125.233,125.233,7777469
2020-10-15,TLT,125.362,125.624,124.443,124.849,124.849,6260238
2020-10-16,TLT,125.008,125.698,123.871,124.098,124.098,4600104
2020-10-19,TLT,124.127,124.252,123.384,123.46,123.46,8910955
2020-10-20,TLT,122.972,125.29,122.897,125.135,125.135,9789352
2020-10-21,TLT,125.455,125.887,124.052,124.255,124.255,13541584
2020-10-22,TLT,124.357,125.135,124.062,125.119,125.119,11888205
2020-10-23,TLT,124.818,126.079,124.771,125.608,125.608,11751503
2020-10-26,TLT,125.41,125.601,123.211,123.536,123.536,7320370
2020-10-27,TLT,123.593,124.371,123.384,124.324,124.324,12654800
2020-10-28,TLT,124.493,124.787,121.923,122.248,122.248,14173699
2020-10-29,TLT,122.129,123.482,121.757,123.189,123.189,11183713
2020-10-30,TLT,123.392,123.567,122.208,122.457,122.457,11267553
2020-11-02,TLT,122.018,123.327,121.969,122.485,122.485,6205923
2020-11-03,TLT,122.23,122.59,120.355,120.613,120.613,13163307
2020-11-04,TLT,120.115,121.307,119.793,120.805,120.805,15342492
2020-11-05,TLT,120.589,122.633,120.517,122.172,122.172,10968857
2020-11-06,TLT,122.541,122.865,120.901,121.01,121.01,8216928
2020-11-09,TLT,121.508,121.766,119.668,120.147,120.147,9514015
2020-11-10,TLT,120.204,121.083,120.032,120.82,120.82,8738738
2020-11-11,TLT,120.666,122.26,120.214,121.533,121.533,8918651
2020-11-12,TLT,121.479,121.686,117.898,118.049,118.049,11943949
2020-11-13,TLT,118.161,121.709,118.147,120.955,120.955,10838392
2020-11-16,TLT,120.576,122.055,120.312,121.74,121.74,13011810
2020-11-17,TLT,121.6,123.07,121.57,122.778,122.778,11112708
2020-11-18,TLT,123.13,123.499,122.558,122.582,122.582,7407736
2020-11-19,TLT,122.326,122.772,119.603,119.898,119.898,8497924
2020-11-20,TLT,119.719,120.977,119.515,120.889,120.889,8311477
2020-11-23,TLT,120.892,121.119,119.811,120.087,120.087,9440590
2020-11-24,TLT,120.155,121.401,119.33,120.889,120.889,15384141
2020-11-25,TLT,120.738,120.947,120.547,120.587,120.587,15864699
2020-11-26,TLT,120.606,121.281,120.182,120.947,120.947,12509804
2020-11-27,TLT,121.095,121.539,119.489,119.843,119.843,10356291
2020-11-30,TLT,120.313,121.529,119.899,121.108,121.108,5915043
2020-12-01,TLT,121.078,121.084,119.262,119.409,119.409,10660025
2020-12-02,TLT,119.399,123.256,118.91,122.686,122.686,7629978
2020-12-03,TLT,123.061,126.716,122.745,126.041,126.041,14891566
2020-12-04,TLT,125.903,128.982,125.746,128.552,128.552,5181683
2020-12-07,TLT,128.211,131.036,127.96,130.551,130.551,11153453
2020-12-08,TLT,130.616,131.418,130.069,130.435,130.435,7377282
2020-12-09,TLT,130.716,132.727,130.608,132.291,132.291,9971454
2020-12-10,TLT,132.386,132.751,131.205,132.155,132.155,11998205
2020-12-11,TLT,132.129,132.313,129.06,129.731,129.731,13065906
2020-12-14,TLT,129.355,132.78,129.038,132.109,132.109,9817929
2020-12-15,TLT,132.094,134.035,131.992,133.928,133.928,12283650
2020-12-16,TLT,134.258,134.326,132.986,133.895,133.895,8012590
2020-12-17,TLT,133.564,133.768,131.246,131.957,131.957,10736615
2020-12-18,TLT,131.893,131.987,130.543,131.049,131.049,13006622
2020-12-21,TLT,130.948,131.105,127.927,128.233,128.233,10996298
2020-12-22,TLT,128.054,129.821,127.794,129.712,129.712,8411969
2020-12-23,TLT,129.776,129.824,126.94,127.256,127.256,9162873
2020-12-24,TLT,127.369,128.771,127.07,127.711,127.711,13046968
2020-12-25,TLT,127.822,128.171,125.875,126.441,126.441,6724466
2020-12-28,TLT,126.194,126.604,124.22,124.311,124.311,7167055
2020-12-29,TLT,123.901,124.821,123.86,124.683,124.683,11804766
2020-12-30,TLT,124.748,125.044,123.912,124.2,124.2,8682569
2020-12-31,TLT,124.074,125.64,123.455,125.472,125.472,5640825
2021-01-01,TLT,125.933,126.453,123.574,123.593,123.593,14052456
2021-01-04,TLT,124.059,124.471,122.088,122.491,122.491,6701199
2021-01-05,TLT,122.979,123.105,118.941,119.046,119.046,9401710
2021-01-06,TLT,118.823,119.178,115.777,115.981,115.981,8141438
2021-01-07,TLT,116.113,118.705,115.891,118.526,118.526,9106950
2021-01-08,TLT,118.733,121.854,118.652,121.543,121.543,7346142
2021-01-11,TLT,121.727,121.864,121.613,121.694,121.694,12142838
2021-01-12,TLT,121.607,121.67,120.432,120.512,120.512,10332471
2021-01-13,TLT,120.82,121.003,119.963,120.096,120.096,12950961
2021-01-14,TLT,120.096,121.674,119.784,121.377,121.377,8172495
2021-01-15,TLT,121.409,121.782,120.399,120.646,120.646,16399065
2021-01-18,TLT,120.275,121.029,120.201,121.006,121.006,4286054
2021-01-19,TLT,121.162,121.205,120.827,121.003,121.003,5244595
2021-01-20,TLT,120.94,121.517,119.909,120.195,120.195,15259255
2021-01-21,TLT,120.307,120.314,119.367,119.454,119.454,11422125
2021-01-22,TLT,119.51,119.918,118.839,119.89,119.89,11024158
2021-01-25,TLT,119.934,120.108,118.486,118.508,118.508,11293826
2021-01-26,TLT,118.497,119.203,118.091,119.168,119.168,11713622
2021-01-27,TLT,119.355,119.649,118.184,118.51,118.51,10899303
2021-01-28,TLT,118.463,118.841,118.295,118.707,118.707,7102287
2021-01-29,TLT,118.361,120.724,118.261,120.71,120.71,12454573
2021-02-01,TLT,120.847,121.515,120.263,120.482,120.482,11982035
2021-02-02,TLT,120.287,122.123,119.825,121.835,121.835,14285293
2021-02-03,TLT,121.512,121.729,119.047,119.258,119.258,15292723
2021-02-04,TLT,119.014,119.275,118.105,118.602,118.602,10991428
2021-02-05,TLT,118.669,118.779,118.283,118.657,118.657,6317353
2021-02-08,TLT,118.634,121.92,118.529,121.443,121.443,15317569
2021-02-09,TLT,120.925,121.115,118.137,118.635,118.635,6945550
2021-02-10,TLT,118.544,118.611,118.453,118.513,118.513,11013893
2021-02-11,TLT,118.79,120.654,117.981,120.618,120.618,9229798
2021-02-12,TLT,120.509,120.531,119.406,119.503,119.503,8708124
2021-02-15,TLT,119.463,119.78,119.121,119.213,119.213,12292900
2021-02-16,TLT,119.462,119.911,118.779,119.704,119.704,10733379
2021-02-17,TLT,119.894,120.135,119.35,119.985,119.985,11539724
2021-02-18,TLT,120.23,122.747,119.639,122.276,122.276,7552941
2021-02-19,TLT,121.598,122.955,121.308,122.951,122.951,9477775
2021-02-22,TLT,123.378,125.096,123.077,124.942,124.942,7691395
2021-02-23,TLT,125.101,125.397,123.819,124.419,124.419,9402785
2021-02-24,TLT,125.032,125.33,123.114,123.334,123.334,9643713
2021-02-25,TLT,123.141,123.542,122.822,123.017,123.017,15532913
2021-02-26,TLT,122.583,122.981,120.6,121.333,121.333,9221834
2021-03-01,TLT,121.335,122.515,120.954,122.054,122.054,3623205
2021-03-02,TLT,121.987,122.125,121.373,121.506,121.506,14185275
2021-03-03,TLT,121.665,121.843,120.054,120.546,120.546,11347778
2021-03-04,TLT,120.805,121.325,120.61,121.285,121.285,9606969
2021-03-05,TLT,121.264,121.402,119.482,119.647,119.647,8688354
2021-03-08,TLT,119.589,120.977,119.179,120.774,120.774,7159223
2021-03-09,TLT,120.9,121.384,119.893,120.098,120.098,15814144
2021-03-10,TLT,120.036,122.008,120.022,121.796,121.796,10155535
2021-03-11,TLT,121.713,122.039,121.175,121.238,121.238,4786747
2021-03-12,TLT,121.49,122.867,120.712,122.177,122.177,10983220
2021-03-15,TLT,122.485,122.521,122.375,122.456,122.456,13618515
2021-03-16,TLT,122.722,123.976,122.711,123.57,123.57,10469304
2021-03-17,TLT,123.528,124.057,123.325,123.749,123.749,7295220
2021-03-18,TLT,123.219,123.769,120.727,121.319,121.319,7026777
2021-03-19,TLT,121.283,123.484,121.215,122.812,122.812,7248043
2021-03-22,TLT,122.626,123.07,122.291,122.699,122.699,14564974
2021-03-23,TLT,122.667,124.373,121.998,123.882,123.882,9785008
2021-03-24,TLT,123.716,125.385,123.461,124.929,124.929,4963827
2021-03-25,TLT,124.923,125.132,123.468,123.791,123.791,11152402
2021-03-26,TLT,123.533,123.655,122.136,122.455,122.455,10423110
2021-03-29,TLT,122.141,123.637,121.629,123.437,123.437,8653314
2021-03-30,TLT,123.739,124.012,122.435,123.005,123.005,6938780
2021-03-31,TLT,122.766,124.687,122.562,124.411,124.411,6808315
2021-04-01,TLT,124.411,124.684,123.679,124.161,124.161,13259901
2021-04-02,TLT,124.398,126.261,124.017,125.711,125.711,10742539
2021-04-05,TLT,125.941,126.446,125.149,126.367,126.367,11435931
2021-04-06,TLT,126.568,126.94,126.244,126.821,126.821,10734276
2021-04-07,TLT,126.898,127.079,125.784,126.269,126.269,10983066
2021-04-08,TLT,126.452,126.885,126.253,126.638,126.638,8594816
2021-04-09,TLT,126.986,128.988,126.828,128.48,128.48,9382512
2021-04-12,TLT,128.589,129.032,127.374,128.413,128.413,13494735
2021-04-13,TLT,127.941,129.426,127.826,129.251,129.251,14243771
2021-04-14,TLT,129.114,129.346,128.804,129.339,129.339,6333724
2021-04-15,TLT,129.519,129.786,129.462,129.549,129.549,9375224
2021-04-16,TLT,129.387,132.78,129.33,132.273,132.273,12517856
2021-04-19,TLT,132.702,134.555,132.557,134.212,134.212,15646239
2021-04-20,TLT,134.195,134.454,133.768,134.357,134.357,15345879
2021-04-21,TLT,134.38,135.197,134.373,134.72,134.72,7612727
2021-04-22,TLT,135.023,135.164,133.587,133.607,133.607,13825138
2021-04-23,TLT,133.559,133.787,133.101,133.347,133.347,10175909
2021-04-26,TLT,133.394,133.936,133.116,133.861,133.861,13133250
2021-04-27,TLT,134.101,135.295,134.067,135.251,135.251,12364836
2021-04-28,TLT,134.853,136.577,134.41,136.49,136.49,6208108
2021-04-29,TLT,136.412,136.723,134.551,134.703,134.703,11649922
2021-04-30,TLT,134.926,136.326,134.341,136.308,136.308,13017090
2021-05-03,TLT,136.326,136.51,135.986,136.181,136.181,9939534
2021-05-04,TLT,136.58,136.985,134.543,134.595,134.595,9261051
2021-05-05,TLT,134.17,137.836,133.97,136.788,136.788,5285008
2021-05-06,TLT,136.325,139.347,135.808,139.229,139.229,12050853
2021-05-07,TLT,139.443,139.773,138.694,139.688,139.688,10626245
2021-05-10,TLT,139.93,141.139,139.632,140.899,140.899,7233448
2021-05-11,TLT,140.845,142.396,140.723,142.221,142.221,9022480
2021-05-12,TLT,142.335,144.645,141.935,144.642,144.642,10463510
2021-05-13,TLT,144.857,145.931,144.389,145.929,145.929,8324093
2021-05-14,TLT,145.692,146.091,143.166,143.641,143.641,10008031
2021-05-17,TLT,143.438,147.36,142.465,147.166,147.166,4750202
2021-05-18,TLT,147.222,149.817,146.951,149.08,149.08,14048265
2021-05-19,TLT,149.349,150.134,147.425,148.19,148.19,10047728
2021-05-20,TLT,147.844,148.196,146.308,146.389,146.389,6701939
2021-05-21,TLT,146.331,147.579,145.637,147.297,147.297,2620873
2021-05-24,TLT,147.225,147.992,146.501,146.825,146.825,13087405
2021-05-25,TLT,146.948,147.777,146.939,147.426,147.426,11674275
2021-05-26,TLT,147.424,149.386,147.068,148.766,148.766,10632057
2021-05-27,TLT,148.604,150.455,147.484,147.777,147.777,12590944
2021-05-28,TLT,148.146,148.677,145.348,145.83,145.83,12582695
2021-05-31,TLT,145.673,146.981,145.46,146.525,146.525,10583314
2021-06-01,TLT,146.44,146.67,145.572,145.609,145.609,9237357
2021-06-02,TLT,145.146,146.254,144.602,145.883,145.883,8748575
2021-06-03,TLT,145.675,146.11,143.265,143.569,143.569,11262826
2021-06-04,TLT,143.717,144.192,142.907,143.153,143.153,14191094
2021-06-07,TLT,143.245,144.93,143.151,144.405,144.405,9691290
2021-06-08,TLT,144.578,146.034,144.489,145.478,145.478,14429432
2021-06-09,TLT,145.638,146.064,144.09,144.126,144.126,11119457
2021-06-10,TLT,144.728,144.753,141.802,142.138,142.138,11142073
2021-06-11,TLT,141.925,142.226,141.814,142.183,142.183,17215328
2021-06-14,TLT,141.723,143.168,141.661,143.162,143.162,14958035
2021-06-15,TLT,142.861,144.364,142.817,143.878,143.878,15035828
2021-06-16,TLT,143.676,143.965,142.34,143.015,143.015,7607159
2021-06-17,TLT,142.736,143.812,142.304,143.545,143.545,16576548
2021-06-18,TLT,143.572,146.791,143.447,146.175,146.175,9753350
2021-06-21,TLT,146.541,146.776,146.206,146.554,146.554,9317526
2021-06-22,TLT,147.005,147.482,143.373,143.728,143.728,3522255
2021-06-23,TLT,143.873,144.347,143.021,144.098,144.098,10978872
2021-06-24,TLT,144.715,147.987,144.276,147.695,147.695,6749938
2021-06-25,TLT,147.589,148.162,145.399,145.449,145.449,11224761
2021-06-28,TLT,144.974,145.649,144.817,145.52,145.52,6515305
2021-06-29,TLT,145.826,146.638,145.008,145.143,145.143,15393100
2021-06-30,TLT,144.61,145.757,144.175,145.329,145.329,11654722
2021-07-01,TLT,145.11,145.873,144.768,145.687,145.687,16839615
2021-07-02,TLT,145.838,147.759,145.599,147.712,147.712,6930928
2021-07-05,TLT,147.682,148.366,147.368,147.882,147.882,14647538
2021-07-06,TLT,147.825,150.318,147.236,150.185,150.185,4591863
2021-07-07,TLT,149.83,150.186,149.826,149.992,149.992,10624226
2021-07-08,TLT,149.989,150.019,149.148,149.382,149.382,8105131
2021-07-09,TLT,149.682,149.719,148.159,148.206,148.206,8656130
2021-07-12,TLT,148.212,148.253,144.738,145.028,145.028,8450511
2021-07-13,TLT,144.788,146.104,144.638,145.528,145.528,7255851
2021-07-14,TLT,145.165,149.735,144.772,149.178,149.178,6220935
2021-07-15,TLT,148.937,150.5,148.369,150.02,150.02,8672720
2021-07-16,TLT,150.138,151.755,149.61,151.281,151.281,10348085
2021-07-19,TLT,151.385,151.521,150.548,150.552,150.552,13491083
2021-07-20,TLT,150.311,150.413,150.109,150.13,150.13,10886051
2021-07-21,TLT,149.467,152.461,149.156,151.934,151.934,13499621
2021-07-22,TLT,152.062,156.533,151.502,155.661,155.661,5565469
2021-07-23,TLT,155.381,158.804,154.605,158.486,158.486,8701092
2021-07-26,TLT,158.704,160.216,158.341,160.045,160.045,12133015
2021-07-27,TLT,159.803,160.825,159.521,160.133,160.133,11029572
2021-07-28,TLT,159.816,160.642,159.356,160.557,160.557,7416475
2021-07-29,TLT,160.606,161.166,158.393,159.132,159.132,12802207
2021-07-30,TLT,159.882,160.286,155.984,156.41,156.41,8406180
2021-08-02,TLT,156.645,156.704,154.151,154.33,154.33,7667909
2021-08-03,TLT,154.372,155.294,154.212,154.441,154.441,11460843
2021-08-04,TLT,154.552,154.884,153.861,153.921,153.921,10018508
2021-08-05,TLT,153.382,153.449,150.781,151.25,151.25,8431263
2021-08-06,TLT,150.91,151.394,150.345,151.202,151.202,8329394
2021-08-09,TLT,150.442,151.519,149.537,150.644,150.644,6790610
2021-08-10,TLT,151.165,151.539,147.834,148.558,148.558,8812755
2021-08-11,TLT,149.012,150.297,147.538,147.918,147.918,13300028
2021-08-12,TLT,148.034,148.502,147.06,147.368,147.368,10733651
2021-08-13,TLT,147.408,147.623,146.101,146.301,146.301,12875782
2021-08-16,TLT,145.847,147.968,145.47,147.956,147.956,11548206
2021-08-17,TLT,147.891,148.43,144.544,144.634,144.634,8163261
2021-08-18,TLT,145.152,145.77,140.577,141.246,141.246,5052576
2021-08-19,TLT,141.283,141.433,140.828,141.27,141.27,7219437
2021-08-20,TLT,141.11,141.98,140.661,141.451,141.451,7986293
2021-08-23,TLT,140.953,142.379,140.779,142.157,142.157,7754251
2021-08-24,TLT,142.549,142.725,141.217,141.258,141.258,12943060
2021-08-25,TLT,141.238,141.504,139.601,139.729,139.729,12911765
2021-08-26,TLT,139.238,140.052,138.609,139.734,139.734,16635639
2021-08-27,TLT,139.476,139.586,138.4,139.014,139.014,7708836
2021-08-30,TLT,138.658,141.661,138.348,141.643,141.643,14792345
2021-08-31,TLT,141.606,141.692,140.965,141.111,141.111,14773802
2021-09-01,TLT,141.17,141.246,140.487,141.039,141.039,9303209
2021-09-02,TLT,140.897,145.342,140.631,145.31,145.31,11420666
2021-09-03,TLT,145.536,145.987,144.19,144.99,144.99,13722200
2021-09-06,TLT,145.013,146.299,144.574,145.979,145.979,9823226
2021-09-07,TLT,146.289,147.309,145.728,147.135,147.135,9590825
2021-09-08,TLT,147.029,149.37,146.943,148.451,148.451,8117988
2021-09-09,TLT,149.355,149.959,148.894,148.986,148.986,2919884
2021-09-10,TLT,148.818,149.54,148.646,149.352,149.352,10211415
2021-09-13,TLT,149.082,149.595,148.703,149.551,149.551,7870392
2021-09-14,TLT,149.244,149.38,148.281,148.54,148.54,6773954
2021-09-15,TLT,148.478,149.621,148.233,149.141,149.141,11266575
2021-09-16,TLT,148.628,152.977,148.275,152.835,152.835,5646063
2021-09-17,TLT,152.925,155.201,152.79,155.092,155.092,12418240
2021-09-20,TLT,154.501,156.059,153.803,155.678,155.678,11450798
2021-09-21,TLT,155.729,158.16,154.999,157.305,157.305,8799420
2021-09-22,TLT,156.88,157.543,155.038,155.693,155.693,9810069
2021-09-23,TLT,155.574,155.638,155.066,155.227,155.227,6429337
2021-09-24,TLT,155.415,157.046,154.8,157.023,157.023,12251016
2021-09-27,TLT,157.746,159.893,157.401,159.871,159.871,10562093
2021-09-28,TLT,159.526,159.596,158.412,158.419,158.419,10785550
2021-09-29,TLT,158.371,158.774,157.272,157.522,157.522,11505671
2021-09-30,TLT,157.294,162.175,156.754,161.721,161.721,8072754
2021-10-01,TLT,161.439,162.029,161.33,161.928,161.928,5442825
2021-10-04,TLT,161.697,165.554,161.472,165.532,165.532,12871955
2021-10-05,TLT,165.804,166.597,165.738,165.964,165.964,12066155
2021-10-06,TLT,165.802,166.508,165.196,166.477,166.477,8393924
2021-10-07,TLT,167.225,168.175,165.436,165.889,165.889,11227331
2021-10-08,TLT,166.027,168.09,165.459,167.797,167.797,13773920
2021-10-11,TLT,167.458,170.863,167.116,170.575,170.575,13416102
2021-10-12,TLT,170.45,170.597,168.251,168.491,168.491,8306323
2021-10-13,TLT,168.221,169.17,167.624,167.802,167.802,5533717
2021-10-14,TLT,168.07,169.967,167.54,169.676,169.676,6048355
2021-10-15,TLT,169.12,170.17,168.74,169.434,169.434,9064822
2021-10-18,TLT,168.98,169.307,168.005,168.455,168.455,14386951
2021-10-19,TLT,168.256,171.106,167.598,170.53,170.53,7814664
2021-10-20,TLT,170.763,173.788,170.492,172.826,172.826,8211016
2021-10-21,TLT,173.252,173.632,171.334,171.917,171.917,8149267
2021-10-22,TLT,172.392,172.804,172.105,172.378,172.378,8404808
2021-10-25,TLT,172.561,172.907,169.64,169.918,169.918,9966319
2021-10-26,TLT,169.89,169.892,168.043,168.124,168.124,6159849
2021-10-27,TLT,168.391,168.507,168.288,168.396,168.396,13253080
2021-10-28,TLT,168.01,168.606,167.433,168.481,168.481,9565537
2021-10-29,TLT,167.859,168.159,165.862,166.559,166.559,17437404
2021-11-01,TLT,166.704,167.515,164.883,165.155,165.155,6479287
2021-11-02,TLT,164.823,165.366,162.938,163.078,163.078,14769599
2021-11-03,TLT,163.057,164.33,163.005,163.992,163.992,14174036
2021-11-04,TLT,164.031,164.289,160.056,160.186,160.186,8764948
2021-11-05,TLT,160.265,161.025,157.979,158.273,158.273,8814818
2021-11-08,TLT,158.57,158.965,154.709,154.794,154.794,7236107
2021-11-09,TLT,155.052,155.904,153.871,155.594,155.594,7270536
2021-11-10,TLT,155.655,155.919,151.747,152.284,152.284,9998182
2021-11-11,TLT,152.149,152.529,152.018,152.361,152.361,10062088
2021-11-12,TLT,152.394,155.449,152.155,155.409,155.409,5192934
2021-11-15,TLT,155.223,159.275,153.891,158.581,158.581,16880516
2021-11-16,TLT,158.519,159.625,154.704,155.201,155.201,9221449
2021-11-17,TLT,156.014,156.047,155.41,155.778,155.778,10196837
2021-11-18,TLT,155.835,156.068,153.709,153.96,153.96,8121288
2021-11-19,TLT,154.099,154.349,151.139,151.791,151.791,9198971
2021-11-22,TLT,151.577,151.9,151.051,151.604,151.604,8926366
2021-11-23,TLT,151.913,154.757,151.71,153.874,153.874,9991209
2021-11-24,TLT,154.108,155.897,154.067,155.005,155.005,9956230
2021-11-25,TLT,155.243,155.373,153.382,153.701,153.701,12414599
2021-11-26,TLT,153.767,155.59,153.727,155.026,155.026,10681660
2021-11-29,TLT,155.347,155.536,150.489,150.927,150.927,12112849
2021-11-30,TLT,151.311,151.601,149.423,149.589,149.589,9970568
2021-12-01,TLT,149.673,150.116,147.768,148.136,148.136,10693758
2021-12-02,TLT,148.102,148.31,147.174,148.294,148.294,9276083
2021-12-03,TLT,148.56,149.704,147.405,147.953,147.953,13009335
2021-12-06,TLT,147.685,147.86,147.524,147.721,147.721,10967867
2021-12-07,TLT,147.508,147.548,146.953,147.43,147.43,9525775
2021-12-08,TLT,147.414,148.09,146.583,147.489,147.489,9436270
2021-12-09,TLT,146.975,149.141,146.902,148.467,148.467,9672282
2021-12-10,TLT,148.712,149.017,148.439,148.752,148.752,10091332
2021-12-13,TLT,148.465,148.571,147.395,148.264,148.264,9830917
2021-12-14,TLT,148.124,149.264,147.741,149.0,149.0,8323475
2021-12-15,TLT,148.936,150.54,148.69,150.503,150.503,12294702
2021-12-16,TLT,150.515,151.106,148.195,149.522,149.522,12484228
2021-12-17,TLT,149.419,150.543,149.087,149.434,149.434,15351571
2021-12-20,TLT,149.414,151.891,148.47,151.552,151.552,8189111
2021-12-21,TLT,151.534,152.028,149.243,149.578,149.578,11999316
2021-12-22,TLT,149.445,153.66,148.984,152.873,152.873,4272588
2021-12-23,TLT,152.636,152.75,150.35,150.455,150.455,12487129
2021-12-24,TLT,150.78,151.491,149.505,149.852,149.852,5630254
2021-12-27,TLT,149.221,149.576,148.072,148.172,148.172,7047007
2021-12-28,TLT,148.111,152.199,147.738,152.133,152.133,10996676
2021-12-29,TLT,151.99,152.15,150.866,151.236,151.236,8135503
2021-12-30,TLT,151.363,152.19,150.08,150.349,150.349,7724939
2021-12-31,TLT,149.912,150.043,149.693,149.701,149.701,8545552
2022-01-03,TLT,149.551,150.586,149.024,149.892,149.892,12188878
2022-01-04,TLT,149.861,150.592,149.287,149.321,149.321,7201329
2022-01-05,TLT,149.641,149.728,149.024,149.102,149.102,9837535
2022-01-06,TLT,149.202,149.7,142.134,142.938,142.938,8864031
2022-01-07,TLT,142.6,143.057,142.527,143.054,143.054,12459672
2022-01-10,TLT,142.915,143.163,142.873,143.103,143.103,12543765
2022-01-11,TLT,143.357,144.996,142.799,144.916,144.916,4494155
2022-01-12,TLT,144.568,147.629,144.424,147.23,147.23,13135328
2022-01-13,TLT,147.206,147.603,146.78,146.917,146.917,8167732
2022-01-14,TLT,146.914,148.422,146.064,148.382,148.382,10708877
2022-01-17,TLT,148.268,148.464,146.356,146.452,146.452,7183274
2022-01-18,TLT,147.242,148.357,146.784,147.826,147.826,11113404
2022-01-19,TLT,147.704,147.783,146.781,146.833,146.833,17654047
2022-01-20,TLT,146.965,147.449,143.965,144.779,144.779,10381497
2022-01-21,TLT,144.557,144.977,144.184,144.475,144.475,8620457
2022-01-24,TLT,144.627,147.294,144.342,146.942,146.942,9303516
2022-01-25,TLT,147.198,147.522,147.05,147.281,147.281,5592910
2022-01-26,TLT,147.107,150.413,146.643,149.969,149.969,14346890
2022-01-27,TLT,149.952,150.247,148.614,148.646,148.646,10938649
2022-01-28,TLT,148.38,151.178,147.906,150.546,150.546,6853306
2022-01-31,TLT,150.202,150.264,148.974,149.392,149.392,6951045
2022-02-01,TLT,149.702,150.1,148.989,149.815,149.815,10045847
2022-02-02,TLT,149.649,150.578,148.874,150.225,150.225,12795986
2022-02-03,TLT,149.5,151.482,148.582,151.441,151.441,6547030
2022-02-04,TLT,151.976,152.076,151.373,151.917,151.917,13340228
2022-02-07,TLT,151.673,152.153,149.778,150.595,150.595,9725099
2022-02-08,TLT,150.52,152.493,150.235,152.213,152.213,7209270
2022-02-09,TLT,152.713,155.698,152.395,155.429,155.429,8596929
2022-02-10,TLT,155.385,155.78,154.137,154.364,154.364,15245662
2022-02-11,TLT,154.314,154.84,150.923,151.021,151.021,5835360
2022-02-14,TLT,150.65,152.189,150.477,151.948,151.948,7804321
2022-02-15,TLT,151.451,151.512,150.69,151.365,151.365,12857751
2022-02-16,TLT,151.314,151.339,150.575,151.146,151.146,10649371
2022-02-17,TLT,151.256,152.759,151.255,152.178,152.178,7626278
2022-02-18,TLT,152.271,152.879,150.821,151.366,151.366,12894380
2022-02-21,TLT,151.22,151.967,150.886,150.897,150.897,13036887
2022-02-22,TLT,150.904,151.197,150.378,150.736,150.736,10994172
2022-02-23,TLT,150.182,153.541,149.214,153.437,153.437,8162810
2022-02-24,TLT,153.578,153.791,153.074,153.512,153.512,8625086
2022-02-25,TLT,153.562,153.713,150.938,151.272,151.272,10854028
2022-02-28,TLT,151.869,152.656,148.622,149.136,149.136,6064213
2022-03-01,TLT,149.138,150.06,148.371,149.404,149.404,13983355
2022-03-02,TLT,149.123,149.353,146.775,147.412,147.412,15100627
2022-03-03,TLT,147.397,147.78,144.275,144.693,144.693,9292135
2022-03-04,TLT,144.598,146.075,144.494,145.819,145.819,11068313
2022-03-07,TLT,145.946,147.792,145.416,147.04,147.04,13557406
2022-03-08,TLT,147.048,147.187,146.329,146.411,146.411,15866683
2022-03-09,TLT,146.042,147.159,145.934,146.947,146.947,14670944
2022-03-10,TLT,146.466,147.883,145.489,147.297,147.297,4793387
2022-03-11,TLT,147.375,148.731,146.621,148.385,148.385,9053339
2022-03-14,TLT,148.796,150.058,148.723,149.485,149.485,11502065
2022-03-15,TLT,149.509,149.521,144.826,144.901,144.901,8517348
2022-03-16,TLT,145.137,145.27,144.056,144.502,144.502,15348300
2022-03-17,TLT,144.795,145.612,144.754,145.422,145.422,14888126
2022-03-18,TLT,145.499,145.508,144.392,144.726,144.726,7552210
2022-03-21,TLT,144.49,145.277,144.448,144.807,144.807,9512800
2022-03-22,TLT,144.864,146.422,144.262,146.136,146.136,7751338
2022-03-23,TLT,146.489,146.619,145.341,146.297,146.297,9414615
2022-03-24,TLT,146.452,149.098,146.082,148.987,148.987,9323703
2022-03-25,TLT,149.21,151.039,148.55,151.035,151.035,12862774
2022-03-28,TLT,150.895,150.991,150.427,150.84,150.84,7334606
2022-03-29,TLT,150.779,151.468,150.257,150.501,150.501,2149751
2022-03-30,TLT,150.465,150.765,144.921,145.459,145.459,5186371
2022-03-31,TLT,145.444,145.445,144.075,144.908,144.908,6915095
2022-04-01,TLT,145.247,146.359,142.252,142.593,142.593,8032925
2022-04-04,TLT,141.923,143.156,141.47,142.99,142.99,10561523
2022-04-05,TLT,142.999,143.41,142.716,143.271,143.271,6760618
2022-04-06,TLT,143.248,145.717,142.118,144.491,144.491,6366698
2022-04-07,TLT,144.094,147.037,144.009,146.951,146.951,7211658
2022-04-08,TLT,147.149,147.179,145.957,146.924,146.924,6653038
2022-04-11,TLT,146.711,151.466,146.543,151.019,151.019,8336519
2022-04-12,TLT,150.911,152.155,150.585,151.46,151.46,8208138
2022-04-13,TLT,152.02,152.549,148.596,149.117,149.117,12067170
2022-04-14,TLT,149.418,149.609,147.89,148.133,148.133,7031412
2022-04-15,TLT,148.303,148.514,147.226,147.491,147.491,8927210
2022-04-18,TLT,147.603,148.646,146.938,148.562,148.562,8364932
2022-04-19,TLT,148.513,149.147,146.487,146.901,146.901,12426655
2022-04-20,TLT,147.489,148.083,146.032,146.396,146.396,9537162
2022-04-21,TLT,146.631,146.753,146.065,146.132,146.132,13152090
2022-04-22,TLT,145.913,146.445,145.141,145.367,145.367,6542889
2022-04-25,TLT,144.96,147.359,144.801,146.808,146.808,9851900
2022-04-26,TLT,146.974,148.185,146.827,147.961,147.961,8272327
2022-04-27,TLT,147.944,150.216,147.928,150.066,150.066,6321862
2022-04-28,TLT,149.637,150.015,149.012,149.49,149.49,9797467
2022-04-29,TLT,149.618,151.898,148.616,151.682,151.682,15198783
2022-05-02,TLT,151.601,152.6,149.132,149.239,149.239,7441274
2022-05-03,TLT,149.397,149.709,145.916,146.792,146.792,9617635
2022-05-04,TLT,146.921,146.966,144.257,144.688,144.688,6063305
2022-05-05,TLT,144.512,144.865,143.744,144.722,144.722,5622317
2022-05-06,TLT,144.905,146.892,144.189,146.844,146.844,7638243
2022-05-09,TLT,146.698,147.406,145.619,145.806,145.806,8650051
2022-05-10,TLT,145.679,145.763,144.896,144.992,144.992,8783251
2022-05-11,TLT,144.838,145.431,144.523,144.635,144.635,9321925
2022-05-12,TLT,144.963,145.777,144.39,145.652,145.652,5055002
2022-05-13,TLT,145.57,145.638,144.553,144.838,144.838,8122161
2022-05-16,TLT,145.235,145.703,143.77,143.932,143.932,11505275
2022-05-17,TLT,144.445,144.801,141.623,141.645,141.645,5925265
2022-05-18,TLT,141.436,142.052,140.347,140.695,140.695,8934563
2022-05-19,TLT,139.873,143.12,139.468,142.715,142.715,10878531
2022-05-20,TLT,143.013,143.197,142.781,142.889,142.889,7653199
2022-05-23,TLT,142.791,143.266,140.857,141.644,141.644,11024573
2022-05-24,TLT,141.399,144.402,141.078,143.779,143.779,5436621
2022-05-25,TLT,143.61,143.727,142.749,142.791,142.791,12665349
2022-05-26,TLT,142.673,145.585,142.341,145.264,145.264,11097402
2022-05-27,TLT,145.641,148.282,145.18,147.75,147.75,10166996
2022-05-30,TLT,147.797,148.17,147.766,147.868,147.868,13374454
2022-05-31,TLT,148.248,148.649,144.193,145.252,145.252,9011953
2022-06-01,TLT,145.395,149.421,145.182,149.317,149.317,8146432
2022-06-02,TLT,149.224,150.34,149.223,150.031,150.031,14117633
2022-06-03,TLT,149.914,149.918,148.88,149.469,149.469,15522297
2022-06-06,TLT,149.636,151.66,149.078,151.213,151.213,7919687
2022-06-07,TLT,151.461,152.566,151.063,152.512,152.512,9658770
2022-06-08,TLT,152.816,155.006,152.447,154.95,154.95,13135128
2022-06-09,TLT,154.869,154.964,153.116,153.743,153.743,9765565
2022-06-10,TLT,153.797,155.135,153.6,154.351,154.351,11783766
2022-06-13,TLT,154.532,154.713,152.052,152.19,152.19,12341211
2022-06-14,TLT,152.073,153.505,151.293,153.431,153.431,8313086
2022-06-15,TLT,153.083,153.819,152.792,153.409,153.409,11257824
2022-06-16,TLT,153.161,154.226,152.141,153.946,153.946,9981422
2022-06-17,TLT,153.872,153.965,153.486,153.696,153.696,6349394
2022-06-20,TLT,153.899,154.376,152.986,153.253,153.253,7031042
2022-06-21,TLT,153.639,153.774,151.275,151.684,151.684,8042749
2022-06-22,TLT,151.273,153.263,151.088,153.149,153.149,12785560
2022-06-23,TLT,152.966,156.077,152.168,155.932,155.932,12884074
2022-06-24,TLT,155.82,156.036,154.788,154.913,154.913,12249739
2022-06-27,TLT,155.16,156.142,155.062,155.966,155.966,11320332
2022-06-28,TLT,155.801,157.572,155.631,156.797,156.797,11238479
2022-06-29,TLT,156.662,157.781,156.391,156.832,156.832,10832681
2022-06-30,TLT,156.389,156.799,153.314,154.005,154.005,11222791
2022-07-01,TLT,154.154,154.866,151.449,151.637,151.637,11426088
2022-07-04,TLT,151.588,152.288,150.232,150.242,150.242,5786734
2022-07-05,TLT,150.046,150.685,145.949,146.454,146.454,7629259
2022-07-06,TLT,146.377,149.112,145.393,148.968,148.968,6913235
2022-07-07,TLT,149.304,149.665,148.894,149.646,149.646,13321435
2022-07-08,TLT,149.345,149.7,149.253,149.611,149.611,14962300
2022-07-11,TLT,149.359,150.095,145.56,145.749,145.749,3492856
2022-07-12,TLT,146.114,146.619,142.502,142.612,142.612,14694444
2022-07-13,TLT,142.634,143.555,142.618,142.626,142.626,10260164
2022-07-14,TLT,142.817,146.619,141.89,146.058,146.058,13038159
2022-07-15,TLT,146.175,146.651,144.531,144.857,144.857,11519401
2022-07-18,TLT,144.846,146.484,144.345,146.385,146.385,14321185
2022-07-19,TLT,146.283,146.653,145.508,145.563,145.563,10629227
2022-07-20,TLT,145.805,145.836,145.031,145.678,145.678,5909637
2022-07-21,TLT,146.016,148.77,145.934,147.836,147.836,9682975
2022-07-22,TLT,148.156,148.313,147.001,147.242,147.242,11546968
2022-07-25,TLT,146.893,147.093,145.793,146.046,146.046,9352117
2022-07-26,TLT,146.428,149.065,146.387,148.572,148.572,11973195
2022-07-27,TLT,148.466,149.196,148.01,148.672,148.672,9802908
2022-07-28,TLT,148.448,151.034,147.793,150.651,150.651,8213472
2022-07-29,TLT,150.6,150.718,148.948,149.436,149.436,6742065
2022-08-01,TLT,149.685,152.229,148.973,152.0,152.0,8824554
2022-08-02,TLT,152.164,152.551,152.056,152.519,152.519,10613715
2022-08-03,TLT,152.441,153.844,152.425,153.337,153.337,4121825
2022-08-04,TLT,153.593,153.969,153.269,153.599,153.599,7659771
2022-08-05,TLT,153.642,154.144,152.425,152.689,152.689,4009924
2022-08-08,TLT,152.514,152.752,152.455,152.706,152.706,8148775
2022-08-09,TLT,152.489,153.554,151.836,151.916,151.916,13591944
2022-08-10,TLT,152.041,153.842,151.374,153.695,153.695,6441651
2022-08-11,TLT,153.67,153.714,153.282,153.341,153.341,12109479
2022-08-12,TLT,152.919,153.183,150.432,150.631,150.631,18546475
2022-08-15,TLT,150.886,151.039,147.537,147.644,147.644,14360614
2022-08-16,TLT,147.503,148.297,144.477,144.635,144.635,10400540
2022-08-17,TLT,145.096,145.835,144.542,145.73,145.73,12575303
2022-08-18,TLT,145.321,145.433,143.383,143.749,143.749,5890952
2022-08-19,TLT,143.697,144.975,143.552,144.286,144.286,5279756
2022-08-22,TLT,144.084,144.573,143.753,144.541,144.541,10086094
2022-08-23,TLT,144.259,145.343,143.9,144.447,144.447,11195832
2022-08-24,TLT,144.307,145.379,144.049,145.228,145.228,13283213
2022-08-25,TLT,145.742,145.848,145.437,145.522,145.522,8293714
2022-08-26,TLT,145.564,145.606,140.637,140.885,140.885,10580186
2022-08-29,TLT,140.662,140.835,140.222,140.356,140.356,10477335
2022-08-30,TLT,139.843,141.129,139.4,141.092,141.092,9605818
2022-08-31,TLT,140.607,144.254,140.061,143.915,143.915,9782575
2022-09-01,TLT,143.761,146.881,143.354,146.876,146.876,7435886
2022-09-02,TLT,146.69,146.716,144.121,144.512,144.512,10839122
2022-09-05,TLT,144.447,144.837,143.396,143.925,143.925,10585150
2022-09-06,TLT,143.271,143.386,141.125,141.263,141.263,8679965
2022-09-07,TLT,141.238,143.995,141.171,143.882,143.882,11997323
2022-09-08,TLT,144.178,145.733,144.023,145.66,145.66,13083495
2022-09-09,TLT,146.133,147.355,146.121,146.293,146.293,12032129
2022-09-12,TLT,145.738,146.665,145.5,146.603,146.603,6872670
2022-09-13,TLT,146.368,149.196,146.286,149.071,149.071,10298937
2022-09-14,TLT,148.817,151.465,148.666,151.274,151.274,7265705
2022-09-15,TLT,151.318,153.857,150.398,153.41,153.41,10289664
2022-09-16,TLT,153.036,154.59,152.794,154.273,154.273,7277390
2022-09-19,TLT,154.792,155.11,153.475,153.647,153.647,13831490
2022-09-20,TLT,153.661,155.352,153.302,155.088,155.088,12349994
2022-09-21,TLT,155.05,156.887,154.826,156.634,156.634,13458968
2022-09-22,TLT,157.133,157.597,156.133,156.296,156.296,13155166
2022-09-23,TLT,156.291,157.112,155.181,155.659,155.659,9188201
2022-09-26,TLT,155.783,158.029,155.688,157.81,157.81,8723171
2022-09-27,TLT,157.573,161.436,157.496,161.014,161.014,15225171
2022-09-28,TLT,160.572,160.667,159.527,159.593,159.593,9504641
2022-09-29,TLT,159.398,160.144,158.306,159.109,159.109,5936258
2022-09-30,TLT,159.805,160.165,159.459,159.801,159.801,13022400
2022-10-03,TLT,160.004,161.01,159.849,160.758,160.758,10431327
2022-10-04,TLT,160.846,161.754,159.181,159.774,159.774,14517832
2022-10-05,TLT,159.462,163.495,159.114,163.447,163.447,10728909
2022-10-06,TLT,163.745,164.329,163.459,164.298,164.298,9939996
2022-10-07,TLT,163.852,165.376,163.621,165.37,165.37,14578362
2022-10-10,TLT,164.852,169.701,164.596,168.919,168.919,5384601
2022-10-11,TLT,168.73,168.732,168.001,168.033,168.033,8243913
2022-10-12,TLT,168.69,169.018,167.246,167.876,167.876,7337911
2022-10-13,TLT,168.513,168.81,164.278,165.391,165.391,3414761
2022-10-14,TLT,165.242,165.647,164.844,165.071,165.071,12619529
2022-10-17,TLT,164.848,165.112,161.14,162.168,162.168,8327745
2022-10-18,TLT,161.636,163.854,161.222,163.651,163.651,12716104
2022-10-19,TLT,163.676,164.592,162.911,164.499,164.499,11167259
2022-10-20,TLT,164.552,164.831,163.893,163.974,163.974,11821427
2022-10-21,TLT,164.233,164.966,163.159,163.797,163.797,8633802
2022-10-24,TLT,164.096,165.403,164.084,165.322,165.322,7707256
2022-10-25,TLT,165.257,165.486,162.322,163.105,163.105,10269283
2022-10-26,TLT,163.286,164.93,163.063,163.526,163.526,12757505
2022-10-27,TLT,163.297,165.002,162.138,164.925,164.925,9848854
2022-10-28,TLT,165.102,165.398,161.417,161.456,161.456,7894191
2022-10-31,TLT,161.292,163.483,160.466,162.809,162.809,6402946
2022-11-01,TLT,162.959,163.597,159.336,159.592,159.592,10612489
2022-11-02,TLT,159.713,159.88,159.141,159.387,159.387,8337797
2022-11-03,TLT,159.409,159.787,157.042,157.197,157.197,9784778
2022-11-04,TLT,157.447,160.102,156.989,159.941,159.941,9283664
2022-11-07,TLT,159.439,159.75,157.715,157.756,157.756,8666707
2022-11-08,TLT,157.42,157.719,153.464,154.682,154.682,10881411
2022-11-09,TLT,154.599,154.959,154.359,154.95,154.95,11663512
2022-11-10,TLT,154.503,154.576,153.738,154.202,154.202,15895837
2022-11-11,TLT,154.077,154.184,151.116,151.462,151.462,12273903
2022-11-14,TLT,151.349,152.594,151.031,152.441,152.441,14781047
2022-11-15,TLT,152.84,153.035,148.67,148.86,148.86,7544199
2022-11-16,TLT,148.902,149.391,146.59,147.039,147.039,5197166
2022-11-17,TLT,147.342,147.367,145.983,146.046,146.046,9956709
2022-11-18,TLT,146.134,147.839,145.986,147.478,147.478,12574082
2022-11-21,TLT,147.32,149.872,146.597,149.807,149.807,12103485
2022-11-22,TLT,149.847,152.166,149.553,151.822,151.822,13634145
2022-11-23,TLT,152.044,152.859,151.432,151.563,151.563,2390364
2022-11-24,TLT,151.925,152.736,147.202,147.231,147.231,13758931
2022-11-25,TLT,147.192,148.349,147.032,147.942,147.942,11006388
2022-11-28,TLT,147.454,151.282,147.273,150.595,150.595,5367960
2022-11-29,TLT,150.077,153.441,149.811,152.861,152.861,12170587
2022-11-30,TLT,152.761,153.778,152.65,153.732,153.732,10508448
2022-12-01,TLT,153.013,153.196,151.361,151.572,151.572,11143688
2022-12-02,TLT,152.117,152.236,149.654,150.639,150.639,12997327
2022-12-05,TLT,150.819,154.337,150.406,154.195,154.195,11290826
2022-12-06,TLT,153.999,154.597,151.175,151.616,151.616,5581525
2022-12-07,TLT,151.279,151.782,148.647,149.561,149.561,9570921
2022-12-08,TLT,149.868,151.418,149.674,151.281,151.281,5147064
2022-12-09,TLT,150.944,151.01,150.506,150.52,150.52,11947186
2022-12-12,TLT,150.213,150.721,148.02,148.419,148.419,14193911
2022-12-13,TLT,148.192,151.543,147.316,151.185,151.185,6275644
2022-12-14,TLT,151.219,152.234,151.112,152.043,152.043,7985609
2022-12-15,TLT,152.232,152.425,151.107,151.368,151.368,7352892
2022-12-16,TLT,151.729,151.857,149.228,149.32,149.32,8638284
2022-12-19,TLT,149.632,153.112,149.466,153.053,153.053,11237269
2022-12-20,TLT,153.054,153.438,152.992,153.028,153.028,8670793
2022-12-21,TLT,153.34,156.071,153.283,155.635,155.635,11957591
2022-12-22,TLT,155.427,157.993,154.93,157.333,157.333,13196139
2022-12-23,TLT,156.761,156.906,156.232,156.373,156.373,13305278
2022-12-26,TLT,156.163,156.191,155.414,155.433,155.433,6645457
2022-12-27,TLT,155.183,158.764,155.114,158.175,158.175,14157787
2022-12-28,TLT,157.975,161.666,157.105,160.996,160.996,14398217
2022-12-29,TLT,160.687,160.775,157.349,157.43,157.43,14658040
2022-12-30,TLT,157.285,158.853,157.042,158.493,158.493,9526556
2023-01-02,TLT,158.689,159.381,157.376,158.283,158.283,7744473
2023-01-03,TLT,158.826,159.286,155.679,156.352,156.352,7047276
2023-01-04,TLT,155.812,157.161,155.594,156.864,156.864,6694660
2023-01-05,TLT,156.46,157.0,154.313,154.364,154.364,10035071
2023-01-06,TLT,154.119,154.132,153.266,153.522,153.522,12543556
2023-01-09,TLT,153.757,153.893,151.917,152.077,152.077,13919675
2023-01-10,TLT,152.015,152.111,150.929,151.187,151.187,8543329
2023-01-11,TLT,150.968,152.28,150.554,151.077,151.077,9883935
2023-01-12,TLT,151.293,151.809,148.992,149.266,149.266,9687437
2023-01-13,TLT,149.551,152.187,148.937,152.13,152.13,8094159
2023-01-16,TLT,152.124,153.22,151.619,153.053,153.053,12207249
2023-01-17,TLT,152.803,157.244,152.691,156.404,156.404,11088545
2023-01-18,TLT,156.489,156.514,155.232,156.124,156.124,10425470
2023-01-19,TLT,156.051,156.577,154.433,155.119,155.119,11074916
2023-01-20,TLT,155.044,158.559,154.771,158.447,158.447,11846354
2023-01-23,TLT,158.285,158.294,156.836,157.372,157.372,11816311
2023-01-24,TLT,157.663,158.015,156.689,157.056,157.056,7484530
2023-01-25,TLT,157.134,158.946,156.75,158.439,158.439,12688986
2023-01-26,TLT,158.767,158.986,156.106,156.123,156.123,10766098
2023-01-27,TLT,156.54,157.888,156.523,157.482,157.482,8696151
2023-01-30,TLT,157.626,158.775,157.255,158.608,158.608,10702689
2023-01-31,TLT,158.447,162.427,157.503,161.063,161.063,11033432
2023-02-01,TLT,161.398,163.409,161.27,162.813,162.813,13245351
2023-02-02,TLT,162.965,165.656,162.909,165.394,165.394,6861533
2023-02-03,TLT,166.255,166.705,164.997,165.196,165.196,13974953
2023-02-06,TLT,165.299,165.672,163.3,163.516,163.516,10069499
2023-02-07,TLT,163.744,167.976,163.137,167.73,167.73,8481540
2023-02-08,TLT,167.828,168.168,163.885,164.707,164.707,8389726
2023-02-09,TLT,164.674,165.703,161.562,161.932,161.932,6995897
2023-02-10,TLT,161.848,163.832,161.314,163.055,163.055,4777255
2023-02-13,TLT,163.15,166.388,162.881,166.287,166.287,12032200
2023-02-14,TLT,166.46,167.31,165.973,166.686,166.686,15942659
2023-02-15,TLT,167.071,169.748,167.025,168.719,168.719,5147154
2023-02-16,TLT,168.823,168.953,164.655,164.747,164.747,7148716
2023-02-17,TLT,164.595,164.873,163.324,163.784,163.784,12254750
2023-02-20,TLT,163.676,163.957,159.703,160.162,160.162,9863089
2023-02-21,TLT,159.738,161.843,158.988,161.69,161.69,12503258
2023-02-22,TLT,162.227,162.405,158.641,158.736,158.736,9694838
2023-02-23,TLT,158.564,159.067,156.29,156.34,156.34,8258118
2023-02-24,TLT,156.643,157.354,155.487,157.328,157.328,9322474
2023-02-27,TLT,157.415,159.452,156.654,159.365,159.365,2853732
2023-02-28,TLT,159.462,159.699,158.894,159.082,159.082,6569547
2023-03-01,TLT,159.045,160.67,158.519,160.195,160.195,12844838
2023-03-02,TLT,159.942,161.325,159.552,161.252,161.252,13575700
2023-03-03,TLT,160.94,161.556,160.224,160.857,160.857,14218498
2023-03-06,TLT,161.413,161.465,158.539,158.778,158.778,11322608
2023-03-07,TLT,158.814,161.13,158.594,159.878,159.878,3231793
2023-03-08,TLT,160.238,161.875,159.659,161.079,161.079,8094980
2023-03-09,TLT,161.525,164.29,161.231,162.837,162.837,13973967
2023-03-10,TLT,162.704,163.5,162.483,163.469,163.469,14869163
2023-03-13,TLT,163.608,164.065,161.119,161.214,161.214,14087943
2023-03-14,TLT,161.228,162.664,160.791,162.576,162.576,9291243
2023-03-15,TLT,162.199,162.818,161.786,162.594,162.594,6080272
2023-03-16,TLT,162.533,162.663,161.659,161.675,161.675,9878105
2023-03-17,TLT,161.865,162.133,160.305,161.125,161.125,10044421
2023-03-20,TLT,160.964,161.519,159.705,159.816,159.816,14696694
2023-03-21,TLT,159.713,162.127,159.703,161.551,161.551,10683374
2023-03-22,TLT,161.495,161.522,158.709,158.845,158.845,10050044
2023-03-23,TLT,159.516,159.963,156.635,156.983,156.983,10220485
2023-03-24,TLT,156.407,156.934,155.849,156.385,156.385,11199576
2023-03-27,TLT,156.542,160.202,156.535,159.463,159.463,11879320
2023-03-28,TLT,159.382,161.783,158.942,161.514,161.514,7826388
2023-03-29,TLT,161.307,161.583,158.167,158.385,158.385,6827139
2023-03-30,TLT,158.297,162.03,157.381,160.995,160.995,14111676
2023-03-31,TLT,161.21,163.98,160.888,163.644,163.644,5076876
2023-04-03,TLT,163.881,164.941,160.868,161.375,161.375,14913242
2023-04-04,TLT,161.435,161.717,156.096,156.586,156.586,4267964
2023-04-05,TLT,156.928,157.142,156.147,156.47,156.47,8246377
2023-04-06,TLT,156.867,158.985,156.546,158.612,158.612,12915562
2023-04-07,TLT,158.871,162.795,158.783,161.69,161.69,10001026
2023-04-10,TLT,161.514,162.196,159.947,160.03,160.03,6050570
2023-04-11,TLT,160.188,163.543,159.953,163.451,163.451,11279284
2023-04-12,TLT,163.614,164.052,158.986,159.159,159.159,10201013
2023-04-13,TLT,158.9,159.674,158.101,158.478,158.478,9351855
2023-04-14,TLT,157.981,158.155,157.622,157.707,157.707,8128233
2023-04-17,TLT,157.069,160.239,156.544,159.923,159.923,9896182
2023-04-18,TLT,159.946,162.658,159.22,162.455,162.455,8254235
2023-04-19,TLT,162.552,164.964,162.383,164.347,164.347,17303598
2023-04-20,TLT,163.959,164.187,161.056,161.726,161.726,9279949
2023-04-21,TLT,162.064,163.544,161.975,163.429,163.429,8878729
2023-04-24,TLT,163.479,164.812,163.22,164.452,164.452,8375092
2023-04-25,TLT,164.896,165.088,160.76,161.207,161.207,15330853
2023-04-26,TLT,161.327,161.94,156.813,157.278,157.278,5082799
2023-04-27,TLT,156.942,160.036,156.932,159.269,159.269,11078297
2023-04-28,TLT,159.415,159.516,158.45,158.946,158.946,9282130
2023-05-01,TLT,159.159,159.194,155.655,156.533,156.533,5729800
2023-05-02,TLT,156.362,156.622,156.092,156.163,156.163,7542771
2023-05-03,TLT,155.712,157.087,155.122,156.867,156.867,10950862
2023-05-04,TLT,156.898,157.081,156.725,156.731,156.731,7406820
2023-05-05,TLT,156.417,157.069,153.344,153.858,153.858,10778692
2023-05-08,TLT,154.203,157.768,153.346,157.4,157.4,15187460
2023-05-09,TLT,157.271,159.371,157.227,159.328,159.328,10511802
2023-05-10,TLT,159.878,160.337,158.223,158.708,158.708,5639463
2023-05-11,TLT,158.034,158.536,157.845,158.168,158.168,7459611
2023-05-12,TLT,158.21,158.879,158.028,158.872,158.872,9143783
2023-05-15,TLT,159.326,159.344,155.848,156.753,156.753,8943295
2023-05-16,TLT,156.474,158.0,155.71,157.381,157.381,10456042
2023-05-17,TLT,157.331,157.41,154.42,154.908,154.908,10937329
2023-05-18,TLT,154.783,154.811,154.141,154.796,154.796,15191584
2023-05-19,TLT,154.585,154.842,152.414,152.66,152.66,9988841
2023-05-22,TLT,152.735,153.279,150.204,150.645,150.645,6543417
2023-05-23,TLT,150.255,153.674,150.114,153.669,153.669,13461418
2023-05-24,TLT,153.635,154.436,152.652,153.798,153.798,13789074
2023-05-25,TLT,153.957,155.162,153.248,154.201,154.201,10697329
2023-05-26,TLT,154.135,154.727,150.311,150.543,150.543,9260817
2023-05-29,TLT,150.242,150.772,149.168,149.487,149.487,11867639
2023-05-30,TLT,149.795,150.54,149.75,150.336,150.336,9366761
2023-05-31,TLT,150.556,150.925,150.481,150.706,150.706,3832873
2023-06-01,TLT,150.392,150.52,146.351,146.879,146.879,11690423
2023-06-02,TLT,146.499,147.605,146.174,147.264,147.264,12676754
2023-06-05,TLT,146.983,148.692,146.237,147.932,147.932,14323262
2023-06-06,TLT,148.093,150.403,147.889,150.248,150.248,7807725
2023-06-07,TLT,150.33,150.656,149.01,149.09,149.09,10678496
2023-06-08,TLT,149.325,149.455,145.135,145.151,145.151,10743399
2023-06-09,TLT,145.056,145.231,143.336,143.443,143.443,10256148
2023-06-12,TLT,143.178,143.271,141.076,141.585,141.585,10344568
2023-06-13,TLT,141.845,143.034,141.429,142.861,142.861,10111408
2023-06-14,TLT,142.703,142.929,137.985,138.296,138.296,10635248
2023-06-15,TLT,138.348,138.462,137.547,137.572,137.572,12222043
2023-06-16,TLT,137.145,139.998,136.961,139.964,139.964,13660863
2023-06-19,TLT,139.804,140.726,139.099,139.994,139.994,7731003
2023-06-20,TLT,140.276,141.586,140.23,141.526,141.526,9483096
2023-06-21,TLT,141.323,141.341,138.014,138.782,138.782,8732176
2023-06-22,TLT,139.008,139.051,135.458,136.157,136.157,8302983
2023-06-23,TLT,135.522,138.634,135.513,138.544,138.544,5151906
2023-06-26,TLT,138.389,138.911,138.365,138.73,138.73,10072667
2023-06-27,TLT,138.682,139.006,138.562,138.919,138.919,11437961
2023-06-28,TLT,139.404,139.615,136.69,137.085,137.085,9534701
2023-06-29,TLT,136.765,137.329,136.18,137.269,137.269,9973126
2023-06-30,TLT,137.453,137.779,134.851,135.411,135.411,11255311
2023-07-03,TLT,135.698,137.416,135.156,137.371,137.371,14233359
2023-07-04,TLT,137.173,142.209,136.769,141.961,141.961,8740706
2023-07-05,TLT,141.855,142.897,141.642,142.806,142.806,6485164
2023-07-06,TLT,142.846,143.707,140.845,141.74,141.74,9728680
2023-07-07,TLT,141.32,141.57,137.21,137.513,137.513,15650684
2023-07-10,TLT,137.388,137.437,134.64,134.778,134.778,6517298
2023-07-11,TLT,135.122,137.743,134.691,137.334,137.334,11950407
2023-07-12,TLT,137.478,137.797,135.253,135.666,135.666,13473740
2023-07-13,TLT,135.623,136.192,134.541,135.081,135.081,2903397
2023-07-14,TLT,135.111,136.592,134.822,136.165,136.165,11230668
2023-07-17,TLT,136.323,138.65,136.199,138.626,138.626,11810232
2023-07-18,TLT,138.84,139.785,137.512,138.312,138.312,9197994
2023-07-19,TLT,138.158,138.232,137.345,137.66,137.66,8060684
2023-07-20,TLT,138.082,138.251,137.592,137.796,137.796,8228013
2023-07-21,TLT,138.158,138.389,136.607,136.779,136.779,9014295
2023-07-24,TLT,136.964,137.268,135.605,135.858,135.858,9093712
2023-07-25,TLT,135.629,136.601,135.352,136.549,136.549,8527669
2023-07-26,TLT,136.27,137.069,135.924,136.87,136.87,8966574
2023-07-27,TLT,136.781,141.216,136.562,140.434,140.434,13572375
2023-07-28,TLT,140.451,141.733,140.36,141.194,141.194,6356714
2023-07-31,TLT,140.694,143.281,140.162,143.176,143.176,4752825
2023-08-01,TLT,143.318,143.632,141.264,141.365,141.365,13620355
2023-08-02,TLT,141.729,142.759,141.72,142.277,142.277,9423947
2023-08-03,TLT,142.441,142.77,140.632,141.066,141.066,8835303
2023-08-04,TLT,140.875,142.307,140.088,141.755,141.755,9666349
2023-08-07,TLT,141.53,143.007,141.464,142.95,142.95,10627830
2023-08-08,TLT,143.035,143.304,142.573,143.053,143.053,8427846
2023-08-09,TLT,143.01,147.497,142.997,147.265,147.265,11517793
2023-08-10,TLT,147.395,150.325,147.358,149.829,149.829,7113212
2023-08-11,TLT,150.01,152.263,149.334,151.98,151.98,9094521
2023-08-14,TLT,152.312,153.404,151.33,153.4,153.4,3355911
2023-08-15,TLT,153.053,156.812,152.478,156.701,156.701,13516711
2023-08-16,TLT,156.77,157.14,154.006,154.042,154.042,9471737
2023-08-17,TLT,153.93,156.658,153.834,156.616,156.616,12010312
2023-08-18,TLT,156.585,157.002,154.204,154.783,154.783,11429724
2023-08-21,TLT,155.051,155.824,153.342,153.758,153.758,11649441
2023-08-22,TLT,154.058,154.821,153.567,154.818,154.818,9976673
2023-08-23,TLT,155.251,157.594,154.44,157.146,157.146,11164682
2023-08-24,TLT,157.28,157.776,154.716,155.005,155.005,7116147
2023-08-25,TLT,154.971,155.092,153.764,154.074,154.074,6486464
2023-08-28,TLT,153.997,154.527,153.909,154.275,154.275,9696682
2023-08-29,TLT,153.739,154.512,153.684,153.95,153.95,7960671
2023-08-30,TLT,154.362,156.173,153.505,155.555,155.555,14276393
2023-08-31,TLT,155.455,162.571,155.244,162.124,162.124,11125433
2023-09-01,TLT,162.288,163.907,161.684,162.963,162.963,7850556
2023-09-04,TLT,163.184,163.906,161.367,161.552,161.552,9185379
2023-09-05,TLT,161.149,161.436,159.07,159.078,159.078,10399020
2023-09-06,TLT,158.784,158.92,157.826,158.479,158.479,9795991
2023-09-07,TLT,158.969,159.685,156.584,156.721,156.721,10815238
2023-09-08,TLT,156.812,157.914,156.766,157.623,157.623,10205964
2023-09-11,TLT,157.44,158.643,156.788,158.5,158.5,5828030
2023-09-12,TLT,158.46,158.946,157.051,157.642,157.642,3547286
2023-09-13,TLT,157.984,161.701,157.415,161.462,161.462,8879173
2023-09-14,TLT,161.764,162.383,158.197,160.064,160.064,11681478
2023-09-15,TLT,159.595,160.481,159.384,159.855,159.855,8912893
2023-09-18,TLT,160.378,161.311,160.276,161.107,161.107,13709692
2023-09-19,TLT,161.418,163.264,161.401,162.861,162.861,9859340
2023-09-20,TLT,162.812,165.798,162.514,165.399,165.399,14071588
2023-09-21,TLT,165.004,167.391,164.875,166.273,166.273,13455710
2023-09-22,TLT,166.623,168.514,166.284,168.404,168.404,13153861
2023-09-25,TLT,168.565,168.843,166.953,167.087,167.087,6389465
2023-09-26,TLT,166.6,169.178,165.851,168.959,168.959,10051422
2023-09-27,TLT,168.881,170.869,168.486,170.826,170.826,13668320
2023-09-28,TLT,171.894,174.764,171.614,173.977,173.977,10817034
2023-09-29,TLT,173.983,173.983,170.298,170.551,170.551,11663080
2023-10-02,TLT,170.297,170.32,168.14,168.726,168.726,5836338
2023-10-03,TLT,168.385,171.342,167.869,170.422,170.422,15756370
2023-10-04,TLT,171.026,171.947,165.051,165.106,165.106,7625877
2023-10-05,TLT,165.386,166.245,164.895,166.105,166.105,4016725
2023-10-06,TLT,166.573,168.903,166.486,168.253,168.253,8946623
2023-10-09,TLT,168.336,168.458,166.153,167.114,167.114,2657548
2023-10-10,TLT,167.534,167.62,165.728,166.275,166.275,6744625
2023-10-11,TLT,165.993,166.408,163.859,164.167,164.167,17675535
2023-10-12,TLT,164.22,164.68,162.023,163.163,163.163,8859878
2023-10-13,TLT,163.257,164.151,161.2,162.223,162.223,5716638
2023-10-16,TLT,162.671,162.978,160.612,160.919,160.919,10075894
2023-10-17,TLT,161.022,161.5,159.188,159.521,159.521,7306589
2023-10-18,TLT,159.322,159.378,158.126,159.024,159.024,12593558
2023-10-19,TLT,159.044,159.42,158.385,158.505,158.505,7331366
2023-10-20,TLT,157.973,162.364,157.597,162.131,162.131,10812201
2023-10-23,TLT,161.378,161.605,161.249,161.386,161.386,6558823
2023-10-24,TLT,161.654,162.098,161.308,162.075,162.075,17797084
2023-10-25,TLT,161.953,162.21,160.829,160.977,160.977,11510871
2023-10-26,TLT,160.893,161.405,159.705,159.863,159.863,9563483
2023-10-27,TLT,160.128,160.17,156.293,156.646,156.646,9121125
2023-10-30,TLT,157.084,157.587,153.615,153.74,153.74,8339200
2023-10-31,TLT,153.904,153.963,151.371,151.548,151.548,7717260
2023-11-01,TLT,152.133,152.411,151.448,151.902,151.902,7634810
2023-11-02,TLT,152.055,153.953,151.299,153.896,153.896,15034987
2023-11-03,TLT,153.989,154.937,150.511,150.651,150.651,8342158
2023-11-06,TLT,150.724,150.787,149.442,149.681,149.681,3611743
2023-11-07,TLT,149.296,149.475,146.942,147.265,147.265,6502097
2023-11-08,TLT,147.546,147.959,146.574,146.817,146.817,12783174
2023-11-09,TLT,146.099,149.079,145.41,148.744,148.744,9243028
2023-11-10,TLT,148.569,148.752,147.525,147.967,147.967,9597755
2023-11-13,TLT,147.974,148.414,146.713,147.902,147.902,13509443
2023-11-14,TLT,147.668,151.02,146.294,150.526,150.526,7668500
2023-11-15,TLT,150.39,151.797,149.597,151.375,151.375,11897253
2023-11-16,TLT,151.932,152.168,149.031,150.02,150.02,7996351
2023-11-17,TLT,150.351,150.573,150.322,150.325,150.325,11727630
2023-11-20,TLT,150.119,150.484,148.634,148.859,148.859,8826594
2023-11-21,TLT,148.719,149.696,148.685,149.631,149.631,9275352
2023-11-22,TLT,149.249,150.62,148.934,150.579,150.579,12460401
2023-11-23,TLT,150.791,151.033,148.027,148.147,148.147,12244074
2023-11-24,TLT,148.073,148.744,147.765,148.478,148.478,9503716
2023-11-27,TLT,147.894,148.894,147.653,148.288,148.288,8585129
2023-11-28,TLT,148.317,149.28,148.228,149.279,149.279,14797443
2023-11-29,TLT,149.41,151.182,149.032,150.795,150.795,11767992
2023-11-30,TLT,151.085,151.785,150.865,151.681,151.681,8826575
2023-12-01,TLT,151.659,152.219,151.018,151.149,151.149,8040747
2023-12-04,TLT,151.037,153.066,150.778,152.871,152.871,13074693
2023-12-05,TLT,153.478,153.916,151.207,151.297,151.297,10346200
2023-12-06,TLT,151.299,151.583,148.439,148.938,148.938,9509341
2023-12-07,TLT,149.152,149.495,142.958,143.353,143.353,10344926
2023-12-08,TLT,143.199,143.535,142.71,143.251,143.251,11013391
2023-12-11,TLT,143.449,143.825,141.734,141.864,141.864,9829933
2023-12-12,TLT,141.451,142.913,141.279,142.561,142.561,13611061
2023-12-13,TLT,142.429,142.579,138.885,139.246,139.246,13778015
2023-12-14,TLT,138.909,139.274,137.629,138.186,138.186,11595664
2023-12-15,TLT,138.019,139.016,137.222,138.986,138.986,14124157
2023-12-18,TLT,139.334,139.563,137.038,137.297,137.297,10025490
2023-12-19,TLT,137.129,138.135,136.517,137.99,137.99,12070993
2023-12-20,TLT,138.188,138.971,136.109,137.088,137.088,13013369
2023-12-21,TLT,137.504,137.657,136.61,137.052,137.052,13057115
2023-12-22,TLT,137.044,138.273,136.692,138.052,138.052,12747997
2023-12-25,TLT,138.326,139.668,137.921,139.657,139.657,11893568
2023-12-26,TLT,139.806,139.84,139.403,139.83,139.83,15871384
2023-12-27,TLT,139.863,139.932,138.46,138.489,138.489,8380913
2023-12-28,TLT,138.697,139.053,137.412,137.747,137.747,9534338
2023-12-29,TLT,138.254,138.961,138.165,138.822,138.822,9356469
2024-01-01,TLT,138.645,138.765,136.396,137.149,137.149,8895799
2024-01-02,TLT,136.885,137.257,136.829,136.873,136.873,4033684
2024-01-03,TLT,136.595,137.01,135.396,136.258,136.258,14124594
2024-01-04,TLT,136.529,136.57,135.949,136.107,136.107,6921879
2024-01-05,TLT,136.414,136.508,133.884,134.486,134.486,10509445
2024-01-08,TLT,134.341,134.881,130.905,131.547,131.547,5734416
2024-01-09,TLT,130.985,133.117,130.872,132.388,132.388,11862147
2024-01-10,TLT,132.209,134.457,131.997,133.946,133.946,7643812
2024-01-11,TLT,134.093,134.447,130.508,131.113,131.113,6592114
2024-01-12,TLT,131.095,131.795,131.022,131.711,131.711,10583030
2024-01-15,TLT,131.759,133.687,130.933,133.451,133.451,7897796
2024-01-16,TLT,133.312,134.799,132.788,134.426,134.426,8277523
2024-01-17,TLT,134.699,135.23,133.367,133.773,133.773,10515369
2024-01-18,TLT,133.865,134.61,131.913,132.284,132.284,12399968
2024-01-19,TLT,132.439,132.527,132.11,132.429,132.429,7544799
2024-01-22,TLT,132.472,132.974,132.352,132.841,132.841,7026423
2024-01-23,TLT,132.98,133.033,132.761,133.011,133.011,10070451
2024-01-24,TLT,133.133,133.824,132.455,132.74,132.74,11617758
2024-01-25,TLT,132.494,133.334,130.6,131.044,131.044,14388266
2024-01-26,TLT,131.141,131.876,130.961,131.727,131.727,6786011
2024-01-29,TLT,131.935,132.779,131.788,132.49,132.49,9046099
2024-01-30,TLT,132.796,133.766,132.687,132.827,132.827,13527358
2024-01-31,TLT,132.937,133.165,132.779,133.021,133.021,15919284
2024-02-01,TLT,132.764,136.498,132.723,135.746,135.746,7020727
2024-02-02,TLT,135.526,135.792,134.549,134.75,134.75,7783564
2024-02-05,TLT,134.633,137.18,134.094,136.855,136.855,11143300
2024-02-06,TLT,136.907,137.4,135.422,135.673,135.673,8266771
2024-02-07,TLT,135.639,137.513,135.222,137.508,137.508,7722305
2024-02-08,TLT,137.199,139.626,137.067,139.576,139.576,10733412
2024-02-09,TLT,139.26,139.977,138.853,139.104,139.104,14648260
2024-02-12,TLT,138.52,142.227,138.474,141.922,141.922,6071553
2024-02-13,TLT,141.037,143.13,140.66,142.741,142.741,14495002
2024-02-14,TLT,142.704,142.73,141.237,141.265,141.265,8275692
2024-02-15,TLT,141.92,142.077,140.165,140.65,140.65,11037376
2024-02-16,TLT,141.155,142.65,140.808,142.593,142.593,14772552
2024-02-19,TLT,142.314,145.148,141.616,144.2,144.2,10975971
2024-02-20,TLT,144.243,144.429,142.278,142.399,142.399,9107527
2024-02-21,TLT,141.981,142.864,141.818,142.179,142.179,12154527
2024-02-22,TLT,141.806,142.602,141.615,142.545,142.545,9480501
2024-02-23,TLT,142.203,142.926,141.624,141.697,141.697,11564053
2024-02-26,TLT,141.633,146.318,141.332,145.782,145.782,9385957
2024-02-27,TLT,145.729,146.291,145.505,146.21,146.21,12583459
2024-02-28,TLT,146.284,146.457,146.096,146.121,146.121,5817305
2024-02-29,TLT,146.314,148.305,146.043,148.243,148.243,6959435
2024-03-01,TLT,148.143,148.686,147.021,147.613,147.613,5773215
2024-03-04,TLT,147.624,149.598,147.533,149.428,149.428,9830712
2024-03-05,TLT,149.101,149.647,146.208,146.486,146.486,5411385
2024-03-06,TLT,146.092,146.386,145.09,145.709,145.709,7924505
2024-03-07,TLT,145.272,147.938,144.662,147.574,147.574,6677474
2024-03-08,TLT,147.765,150.407,147.508,150.4,150.4,14439029
2024-03-11,TLT,150.298,150.316,148.895,149.03,149.03,7027959
2024-03-12,TLT,148.472,148.555,146.833,147.466,147.466,6140363
2024-03-13,TLT,147.447,148.919,147.356,148.492,148.492,10745016
2024-03-14,TLT,148.122,148.654,146.921,147.405,147.405,15060463
2024-03-15,TLT,147.895,148.056,146.793,146.95,146.95,9651799
2024-03-18,TLT,146.78,149.158,145.263,148.522,148.522,9883842
2024-03-19,TLT,148.725,148.73,147.189,147.575,147.575,13872272
2024-03-20,TLT,147.896,148.184,143.75,144.153,144.153,12634688
2024-03-21,TLT,143.878,144.119,141.81,141.938,141.938,11276245
2024-03-22,TLT,141.96,142.324,141.539,141.973,141.973,8252978
2024-03-25,TLT,142.13,142.287,138.59,138.851,138.851,11367874
2024-03-26,TLT,138.884,139.687,138.09,138.375,138.375,5917648
2024-03-27,TLT,138.475,138.579,135.581,136.1,136.1,8128973
2024-03-28,TLT,135.738,139.198,135.222,138.823,138.823,14294388
2024-03-29,TLT,138.976,142.791,138.952,142.495,142.495,13905978
2024-04-01,TLT,142.356,142.487,140.649,140.715,140.715,11312454
2024-04-02,TLT,140.813,141.246,140.464,141.167,141.167,4211939
2024-04-03,TLT,141.427,141.659,139.44,139.567,139.567,6375335
2024-04-04,TLT,139.754,140.074,138.521,139.068,139.068,7961583
2024-04-05,TLT,139.165,142.705,138.644,142.129,142.129,9484903
2024-04-08,TLT,142.311,142.417,141.046,141.353,141.353,6248767
2024-04-09,TLT,141.548,141.626,140.17,140.887,140.887,9261059
2024-04-10,TLT,141.308,141.474,138.762,139.32,139.32,15301886
2024-04-11,TLT,139.31,141.817,139.241,141.267,141.267,11202508
2024-04-12,TLT,141.314,141.625,135.846,135.86,135.86,10656480
2024-04-15,TLT,136.113,136.683,134.955,135.157,135.157,6947334
2024-04-16,TLT,135.025,135.422,134.253,135.1,135.1,5083046
2024-04-17,TLT,134.739,135.313,134.007,134.05,134.05,6315411
2024-04-18,TLT,134.182,136.247,133.963,135.463,135.463,4961833
2024-04-19,TLT,135.407,137.823,135.006,137.449,137.449,10225106
2024-04-22,TLT,137.117,137.182,135.134,135.157,135.157,11151657
2024-04-23,TLT,135.292,138.809,134.24,138.613,138.613,7104130
2024-04-24,TLT,139.01,139.194,135.899,136.283,136.283,10443758
2024-04-25,TLT,135.839,138.999,135.592,138.425,138.425,14406981
2024-04-26,TLT,138.708,139.201,138.299,138.691,138.691,15873092
2024-04-29,TLT,137.988,138.1,137.227,137.873,137.873,12311231
2024-04-30,TLT,137.763,138.289,136.885,137.215,137.215,9475478
2024-05-01,TLT,137.72,137.847,136.954,137.177,137.177,12214313
2024-05-02,TLT,137.087,137.729,136.732,137.539,137.539,14055430
2024-05-03,TLT,137.563,137.64,135.48,136.046,136.046,3978316
2024-05-06,TLT,136.253,136.317,135.534,135.682,135.682,14446207
2024-05-07,TLT,135.216,135.373,133.881,134.45,134.45,8366240
2024-05-08,TLT,134.469,134.671,132.497,132.521,132.521,8395111
2024-05-09,TLT,132.538,132.674,131.043,131.244,131.244,8935216
2024-05-10,TLT,131.733,131.805,129.345,129.462,129.462,10960252
2024-05-13,TLT,129.142,129.233,128.586,128.827,128.827,6666237
2024-05-14,TLT,128.729,130.458,128.673,129.514,129.514,9145558
2024-05-15,TLT,129.274,129.97,128.814,129.718,129.718,11575832
2024-05-16,TLT,129.45,132.905,129.258,132.845,132.845,10655714
2024-05-17,TLT,133.145,133.37,129.089,129.384,129.384,11142444
2024-05-20,TLT,129.391,130.634,129.007,130.132,130.132,9028094
2024-05-21,TLT,129.987,130.282,129.727,130.158,130.158,12081130
2024-05-22,TLT,130.024,131.886,129.974,131.455,131.455,13169248
2024-05-23,TLT,131.307,132.904,130.696,132.607,132.607,12989318
2024-05-24,TLT,132.482,133.04,132.008,132.362,132.362,11282831
2024-05-27,TLT,132.027,133.023,131.477,132.654,132.654,12816678
2024-05-28,TLT,132.585,132.797,130.919,131.491,131.491,12613182
2024-05-29,TLT,131.397,132.73,131.347,132.48,132.48,18029524
2024-05-30,TLT,132.279,132.648,129.392,129.543,129.543,13654201
2024-05-31,TLT,129.583,131.129,129.282,130.773,130.773,9733768
2024-06-03,TLT,130.836,131.208,130.303,130.753,130.753,7264962
2024-06-04,TLT,130.608,130.891,129.568,130.008,130.008,9216579
2024-06-05,TLT,129.97,130.301,129.157,129.662,129.662,9004645
2024-06-06,TLT,130.222,130.313,129.389,129.431,129.431,11534268
2024-06-07,TLT,129.98,131.56,129.85,131.479,131.479,7899231
2024-06-10,TLT,131.202,136.964,130.637,136.698,136.698,13576532
2024-06-11,TLT,136.448,138.802,136.387,138.732,138.732,5831311
2024-06-12,TLT,138.438,138.657,137.772,137.811,137.811,5102425
2024-06-13,TLT,138.103,139.055,137.613,138.875,138.875,9594652
2024-06-14,TLT,138.764,140.271,137.926,140.019,140.019,7472323
2024-06-17,TLT,140.086,140.584,138.301,138.491,138.491,6225298
2024-06-18,TLT,139.044,139.21,136.144,136.429,136.429,8088790
2024-06-19,TLT,136.426,137.16,136.078,136.343,136.343,7715543
2024-06-20,TLT,136.535,137.98,136.531,137.688,137.688,10030403
2024-06-21,TLT,137.832,138.591,134.971,135.068,135.068,8138588
2024-06-24,TLT,134.909,135.198,133.575,133.922,133.922,8382597
2024-06-25,TLT,134.205,135.175,134.018,134.862,134.862,9985403
2024-06-26,TLT,134.633,135.058,134.561,134.947,134.947,13042725
2024-06-27,TLT,135.309,138.007,134.982,137.278,137.278,14412236
2024-06-28,TLT,137.116,137.486,134.783,134.99,134.99,10443303
2024-07-01,TLT,134.861,139.498,134.122,138.872,138.872,10676629
2024-07-02,TLT,138.569,138.75,136.074,136.35,136.35,9450439
2024-07-03,TLT,136.098,136.259,132.917,133.087,133.087,11443746
2024-07-04,TLT,132.973,133.046,132.851,133.01,133.01,11170658
2024-07-05,TLT,132.363,132.855,130.82,131.228,131.228,13977543
2024-07-08,TLT,131.167,131.45,130.942,131.184,131.184,4333886
2024-07-09,TLT,131.05,131.722,130.775,131.084,131.084,9296507
2024-07-10,TLT,131.292,131.531,129.789,130.794,130.794,11017570
2024-07-11,TLT,130.904,130.948,129.103,129.495,129.495,9921148
2024-07-12,TLT,129.311,130.224,128.69,130.185,130.185,7182481
2024-07-15,TLT,130.066,130.075,129.564,129.707,129.707,6101900
2024-07-16,TLT,129.646,131.534,129.5,131.453,131.453,12418967
2024-07-17,TLT,131.844,132.117,131.029,131.186,131.186,7729222
2024-07-18,TLT,130.97,131.042,128.932,129.692,129.692,4735299
2024-07-19,TLT,129.506,129.966,127.001,127.108,127.108,12569719
2024-07-22,TLT,126.822,127.13,126.336,126.862,126.862,11376949
2024-07-23,TLT,126.486,126.877,124.915,124.961,124.961,9652378
2024-07-24,TLT,125.038,125.061,122.315,122.969,122.969,7256345
2024-07-25,TLT,123.018,124.185,122.866,123.765,123.765,9659676
2024-07-26,TLT,124.083,124.724,120.703,121.168,121.168,13646763
2024-07-29,TLT,121.421,123.382,121.327,123.255,123.255,5155902
2024-07-30,TLT,123.846,124.384,122.982,123.507,123.507,5308067
2024-07-31,TLT,123.489,123.503,122.581,123.458,123.458,8116704
2024-08-01,TLT,123.394,123.46,121.492,121.95,121.95,9920069
2024-08-02,TLT,121.633,123.876,121.544,123.09,123.09,8511124
2024-08-05,TLT,123.261,123.423,122.718,123.101,123.101,11928450
2024-08-06,TLT,123.13,123.165,121.728,122.107,122.107,13266502
2024-08-07,TLT,122.266,122.66,122.101,122.416,122.416,10836306
2024-08-08,TLT,122.137,122.203,119.755,119.984,119.984,11681297
2024-08-09,TLT,120.069,120.13,117.212,117.668,117.668,10816299
2024-08-12,TLT,117.716,118.09,115.977,116.111,116.111,10028524
2024-08-13,TLT,116.144,116.73,115.792,116.614,116.614,6119324
2024-08-14,TLT,116.455,117.044,116.288,116.625,116.625,6916025
2024-08-15,TLT,116.902,118.198,116.724,118.117,118.117,5947245
2024-08-16,TLT,118.601,118.91,116.751,116.835,116.835,9554486
2024-08-19,TLT,116.576,117.721,116.479,117.659,117.659,10696834
2024-08-20,TLT,117.828,118.13,117.473,117.513,117.513,5652213
2024-08-21,TLT,116.837,117.267,116.171,116.206,116.206,10217785
2024-08-22,TLT,116.361,116.962,116.298,116.759,116.759,7374351
2024-08-23,TLT,116.322,116.919,115.949,116.681,116.681,6792402
2024-08-26,TLT,116.559,116.644,115.044,115.819,115.819,8123952
2024-08-27,TLT,115.515,116.088,115.452,115.892,115.892,6638571
2024-08-28,TLT,115.842,116.039,115.724,115.727,115.727,11819977
2024-08-29,TLT,115.921,116.451,115.44,115.528,115.528,9495987
2024-08-30,TLT,115.099,115.586,114.745,114.972,114.972,12445642
2024-09-02,TLT,114.89,115.057,112.941,113.2,113.2,8669511
2024-09-03,TLT,113.084,113.905,112.935,113.317,113.317,8782942
2024-09-04,TLT,113.675,113.909,112.103,112.245,112.245,15620148
2024-09-05,TLT,112.342,112.79,110.593,110.893,110.893,5130819
2024-09-06,TLT,110.632,111.057,110.581,110.587,110.587,13853444
2024-09-09,TLT,110.483,111.831,110.161,111.58,111.58,14963572
2024-09-10,TLT,111.927,111.98,111.725,111.843,111.843,12297452
2024-09-11,TLT,112.003,112.079,111.067,111.146,111.146,9008589
2024-09-12,TLT,110.942,111.366,110.083,110.401,110.401,14280706
2024-09-13,TLT,110.342,111.552,110.067,111.261,111.261,9034716
2024-09-16,TLT,111.209,111.479,108.085,108.12,108.12,7882643
2024-09-17,TLT,108.004,109.233,107.851,109.174,109.174,8835195
2024-09-18,TLT,108.8,109.448,106.759,106.76,106.76,8289419
2024-09-19,TLT,106.615,106.914,104.861,104.975,104.975,7160131
2024-09-20,TLT,105.267,105.575,104.191,104.343,104.343,13330024
2024-09-23,TLT,104.263,107.473,104.169,107.109,107.109,7679655
2024-09-24,TLT,107.087,109.51,107.058,109.301,109.301,9911059
2024-09-25,TLT,109.332,110.259,109.005,110.246,110.246,5668684
2024-09-26,TLT,110.735,111.033,110.509,110.733,110.733,10092432
2024-09-27,TLT,110.735,110.855,107.494,108.299,108.299,6532222
2024-09-30,TLT,108.536,108.794,108.269,108.517,108.517,6458543
2024-10-01,TLT,108.387,108.484,107.453,107.818,107.818,9672136
2024-10-02,TLT,107.762,108.63,106.721,106.78,106.78,13170917
2024-10-03,TLT,106.783,107.169,106.535,106.992,106.992,11321241
2024-10-04,TLT,106.827,106.857,106.291,106.403,106.403,11527361
2024-10-07,TLT,106.36,107.747,105.882,107.532,107.532,9610248
2024-10-08,TLT,107.723,108.158,104.749,105.076,105.076,8993079
2024-10-09,TLT,104.908,105.416,104.738,105.185,105.185,12373422
2024-10-10,TLT,105.185,105.399,103.546,104.094,104.094,8310469
2024-10-11,TLT,104.242,104.387,103.146,103.597,103.597,12503302
2024-10-14,TLT,103.426,104.368,103.259,103.99,103.99,13707841
2024-10-15,TLT,104.217,104.224,102.549,102.618,102.618,7475840
2024-10-16,TLT,102.633,103.072,102.418,102.833,102.833,7916664
2024-10-17,TLT,102.799,102.891,102.432,102.585,102.585,8362913
2024-10-18,TLT,102.173,102.227,101.339,101.788,101.788,5599112
2024-10-21,TLT,101.712,102.003,101.08,101.228,101.228,8591792
2024-10-22,TLT,101.303,101.347,100.808,101.053,101.053,13904349
2024-10-23,TLT,101.406,101.662,99.978,100.139,100.139,6863273
2024-10-24,TLT,100.253,100.405,100.056,100.16,100.16,13975588
2024-10-25,TLT,100.386,100.518,99.762,99.839,99.839,8699667
2024-10-28,TLT,99.598,99.921,98.913,99.122,99.122,16342107
2024-10-29,TLT,99.097,101.281,98.506,101.044,101.044,7954561
2024-10-30,TLT,101.291,101.657,101.179,101.562,101.562,9568054
2024-10-31,TLT,101.382,101.747,101.086,101.11,101.11,7269451
2024-11-01,TLT,101.305,101.373,101.142,101.3,101.3,7936898
2024-11-04,TLT,101.448,101.732,99.76,100.072,100.072,14014538
2024-11-05,TLT,100.127,100.505,99.558,99.561,99.561,11423610
2024-11-06,TLT,99.496,99.816,99.049,99.192,99.192,13086453
2024-11-07,TLT,98.997,99.017,97.703,97.732,97.732,6053232
2024-11-08,TLT,98.079,98.828,97.597,98.2,98.2,11964485
2024-11-11,TLT,98.324,98.522,97.412,97.618,97.618,7085670
2024-11-12,TLT,97.685,97.83,97.184,97.215,97.215,5988044
2024-11-13,TLT,97.135,97.211,96.352,96.566,96.566,10716298
2024-11-14,TLT,96.574,100.247,96.56,100.07,100.07,10685615
2024-11-15,TLT,100.103,100.151,99.276,99.29,99.29,10160037
2024-11-18,TLT,99.369,99.503,96.491,96.868,96.868,12152675
2024-11-19,TLT,97.01,97.114,94.782,95.038,95.038,12620699
2024-11-20,TLT,94.889,96.398,94.883,95.92,95.92,14409188
2024-11-21,TLT,95.639,97.49,95.297,97.483,97.483,6428971
2024-11-22,TLT,97.5,97.763,96.612,96.701,96.701,14506049
2024-11-25,TLT,96.363,98.226,96.257,98.209,98.209,15646934
2024-11-26,TLT,98.146,99.424,97.643,99.1,99.1,8901310
2024-11-27,TLT,98.999,99.171,98.214,98.887,98.887,4994525
2024-11-28,TLT,98.985,99.002,97.977,98.591,98.591,5849503
2024-11-29,TLT,98.982,99.169,98.727,98.818,98.818,8614446
2024-12-02,TLT,98.434,100.023,98.262,99.877,99.877,16042425
2024-12-03,TLT,100.331,100.81,100.226,100.367,100.367,10051240
2024-12-04,TLT,100.32,100.401,99.285,99.568,99.568,8148448
2024-12-05,TLT,99.637,99.681,99.274,99.373,99.373,7943793
2024-12-06,TLT,99.092,102.301,98.812,101.777,101.777,6031833
2024-12-09,TLT,101.98,102.259,101.547,102.097,102.097,12623728
2024-12-10,TLT,102.106,103.449,101.461,103.181,103.181,9723794
2024-12-11,TLT,103.168,104.313,102.674,103.865,103.865,16299489
2024-12-12,TLT,103.462,104.284,103.145,104.219,104.219,11884628
2024-12-13,TLT,104.235,104.623,103.926,104.369,104.369,12489809
2024-12-16,TLT,104.545,105.582,104.378,105.512,105.512,9273686
2024-12-17,TLT,105.462,106.613,105.16,106.44,106.44,6726909
2024-12-18,TLT,106.69,106.849,106.684,106.791,106.791,7379257
2024-12-19,TLT,107.033,107.263,105.824,105.919,105.919,5892259
2024-12-20,TLT,105.783,106.934,105.741,106.424,106.424,12731184
2024-12-23,TLT,106.763,107.277,106.219,106.352,106.352,8845254
2024-12-24,TLT,106.362,106.717,105.59,105.973,105.973,12857502
2024-12-25,TLT,105.983,109.709,105.387,109.449,109.449,10407743
2024-12-26,TLT,109.47,109.56,106.992,107.46,107.46,9121545
2024-12-27,TLT,107.475,108.754,106.781,108.717,108.717,6491191
2024-12-30,TLT,108.145,108.223,107.47,107.611,107.611,10904898
2024-12-31,TLT,107.571,107.877,107.57,107.794,107.794,9344101
2019-01-01,GLD,131.465,131.537,131.233,131.415,131.415,9914226
2019-01-02,GLD,131.714,131.989,129.915,130.308,130.308,14040312
2019-01-03,GLD,130.739,131.699,130.615,131.292,131.292,11957425
2019-01-04,GLD,131.555,133.979,130.932,133.92,133.92,9978394
2019-01-07,GLD,133.985,134.75,133.54,134.376,134.376,9608064
2019-01-08,GLD,134.006,135.802,133.794,135.666,135.666,3642048
2019-01-09,GLD,135.116,136.813,134.455,136.617,136.617,9042665
2019-01-10,GLD,136.857,140.299,136.399,139.783,139.783,10696656
2019-01-11,GLD,140.158,140.711,139.681,140.425,140.425,10694989
2019-01-14,GLD,140.196,141.911,139.803,141.628,141.628,17397576
2019-01-15,GLD,141.551,141.905,141.474,141.584,141.584,10842874
2019-01-16,GLD,141.426,141.599,140.134,140.292,140.292,11890436
2019-01-17,GLD,140.129,140.318,137.841,138.291,138.291,13494890
2019-01-18,GLD,138.588,140.956,138.029,140.427,140.427,11621504
2019-01-21,GLD,140.489,141.066,138.443,138.756,138.756,9741853
2019-01-22,GLD,138.692,140.885,138.17,140.021,140.021,9756438
2019-01-23,GLD,140.766,141.024,140.066,140.74,140.74,8948037
2019-01-24,GLD,140.336,142.687,139.704,142.317,142.317,11332633
2019-01-25,GLD,142.473,142.519,141.396,141.459,141.459,9489038
2019-01-28,GLD,141.162,141.277,139.958,140.141,140.141,11874809
2019-01-29,GLD,140.097,140.907,139.946,140.796,140.796,6972738
2019-01-30,GLD,140.838,141.2,140.134,140.321,140.321,10440545
2019-01-31,GLD,140.558,140.705,137.889,138.281,138.281,14656202
2019-02-01,GLD,138.209,141.797,138.024,141.554,141.554,9326130
2019-02-04,GLD,141.45,142.219,140.197,140.234,140.234,15529005
2019-02-05,GLD,140.156,140.168,138.467,138.589,138.589,10491014
2019-02-06,GLD,138.29,138.57,137.665,138.205,138.205,9830475
2019-02-07,GLD,138.38,140.944,137.508,140.316,140.316,10349856
2019-02-08,GLD,140.395,141.181,136.243,136.733,136.733,9065730
2019-02-11,GLD,136.852,138.913,136.018,138.683,138.683,4058332
2019-02-12,GLD,138.664,139.522,136.958,137.192,137.192,12640525
2019-02-13,GLD,137.139,137.811,136.699,137.646,137.646,16578139
2019-02-14,GLD,137.97,138.029,135.75,136.551,136.551,11441288
2019-02-15,GLD,136.83,139.944,136.528,139.873,139.873,11623963
2019-02-18,GLD,140.268,141.201,139.513,140.1,140.1,9452222
2019-02-19,GLD,140.204,141.126,138.24,138.932,138.932,13473367
2019-02-20,GLD,139.308,139.398,137.84,138.449,138.449,9882185
2019-02-21,GLD,138.334,138.726,137.968,138.616,138.616,10801660
2019-02-22,GLD,138.56,139.018,138.027,138.929,138.929,5304351
2019-02-25,GLD,139.261,139.743,139.258,139.68,139.68,8411974
2019-02-26,GLD,139.916,140.028,139.57,139.696,139.696,11102059
2019-02-27,GLD,139.615,139.694,137.383,137.424,137.424,12721635
2019-02-28,GLD,137.136,137.146,136.866,136.881,136.881,12804819
2019-03-01,GLD,136.825,138.442,136.182,137.899,137.899,5262457
2019-03-04,GLD,137.71,137.868,136.502,136.812,136.812,5566661
2019-03-05,GLD,137.284,138.235,136.955,137.939,137.939,11752411
2019-03-06,GLD,138.149,138.373,137.878,138.009,138.009,7759575
2019-03-07,GLD,137.798,138.57,137.313,137.667,137.667,12683778
2019-03-08,GLD,137.379,140.231,136.935,139.671,139.671,5109495
2019-03-11,GLD,139.454,139.807,136.108,136.806,136.806,9704770
2019-03-12,GLD,136.653,136.994,135.521,135.719,135.719,9897290
2019-03-13,GLD,135.674,137.771,135.648,137.759,137.759,11441401
2019-03-14,GLD,138.066,141.318,137.724,140.836,140.836,6906520
2019-03-15,GLD,140.563,145.453,139.772,144.771,144.771,4099708
2019-03-18,GLD,145.434,145.786,144.689,144.877,144.877,10513818
2019-03-19,GLD,144.604,145.943,144.528,145.694,145.694,11579291
2019-03-20,GLD,145.283,147.166,144.972,147.149,147.149,13022365
2019-03-21,GLD,147.646,149.694,147.219,149.437,149.437,8924345
2019-03-22,GLD,149.832,150.395,149.724,150.018,150.018,12327045
2019-03-25,GLD,149.964,151.75,149.752,151.714,151.714,11457321
2019-03-26,GLD,151.83,152.833,151.68,152.573,152.573,13967215
2019-03-27,GLD,152.697,154.282,152.153,153.552,153.552,9833836
2019-03-28,GLD,153.594,154.088,151.862,151.888,151.888,4810302
2019-03-29,GLD,151.495,151.922,150.834,151.309,151.309,9797021
2019-04-01,GLD,150.558,151.157,150.364,150.382,150.382,10265352
2019-04-02,GLD,150.128,150.553,148.24,148.271,148.271,11554583
2019-04-03,GLD,148.809,149.366,145.237,145.379,145.379,5401953
2019-04-04,GLD,145.919,146.48,144.275,144.661,144.661,9063866
2019-04-05,GLD,144.585,144.617,143.823,144.222,144.222,12604311
2019-04-08,GLD,143.946,144.637,143.228,144.422,144.422,9687744
2019-04-09,GLD,144.503,145.412,143.99,145.407,145.407,9082797
2019-04-10,GLD,145.535,146.276,145.333,145.754,145.754,15718979
2019-04-11,GLD,145.93,146.901,145.288,145.324,145.324,6789987
2019-04-12,GLD,144.59,145.186,143.628,143.756,143.756,13699464
2019-04-15,GLD,144.663,145.45,144.516,145.295,145.295,13063749
2019-04-16,GLD,145.624,145.998,144.816,145.136,145.136,9324501
2019-04-17,GLD,145.079,145.177,144.26,144.401,144.401,9901328
2019-04-18,GLD,144.194,144.493,143.892,144.097,144.097,9890624
2019-04-19,GLD,144.381,144.424,141.777,142.854,142.854,10545843
2019-04-22,GLD,142.995,143.128,141.53,141.965,141.965,8216376
2019-04-23,GLD,141.991,142.136,140.957,141.028,141.028,8715555
2019-04-24,GLD,141.157,141.773,139.984,140.56,140.56,8934326
2019-04-25,GLD,140.529,142.595,140.006,141.689,141.689,9030107
2019-04-26,GLD,141.803,142.503,141.216,142.401,142.401,9067731
2019-04-29,GLD,142.608,145.286,142.513,145.087,145.087,3277526
2019-04-30,GLD,145.187,147.418,145.18,147.231,147.231,10292947
2019-05-01,GLD,147.317,151.454,147.047,150.748,150.748,8417597
2019-05-02,GLD,151.168,151.82,151.066,151.782,151.782,4399567
2019-05-03,GLD,151.298,152.942,151.253,152.794,152.794,8949847
2019-05-06,GLD,152.55,152.875,151.712,151.923,151.923,8857128
2019-05-07,GLD,151.931,153.873,151.453,153.456,153.456,13825734
2019-05-08,GLD,153.232,153.583,151.612,152.272,152.272,8382310
2019-05-09,GLD,152.151,152.602,149.436,149.627,149.627,12003371
2019-05-10,GLD,150.013,153.237,149.183,152.413,152.413,14148436
2019-05-13,GLD,152.367,152.545,149.7,150.164,150.164,8115794
2019-05-14,GLD,149.615,151.474,149.472,150.976,150.976,9857508
2019-05-15,GLD,150.849,151.072,149.258,149.409,149.409,15186075
2019-05-16,GLD,149.426,152.325,149.286,151.462,151.462,10686928
2019-05-17,GLD,151.474,153.866,150.963,153.795,153.795,11121250
2019-05-20,GLD,153.966,155.197,153.34,154.794,154.794,8778238
2019-05-21,GLD,154.941,157.256,154.909,157.147,157.147,12061152
2019-05-22,GLD,157.103,157.554,156.985,157.181,157.181,9881072
2019-05-23,GLD,156.806,161.766,156.593,161.472,161.472,4503691
2019-05-24,GLD,161.33,163.425,161.027,162.946,162.946,8934302
2019-05-27,GLD,162.743,163.33,160.637,161.215,161.215,6450464
2019-05-28,GLD,161.123,162.154,160.255,161.37,161.37,10336723
2019-05-29,GLD,161.593,162.406,160.545,161.096,161.096,7249483
2019-05-30,GLD,161.226,161.806,160.055,160.633,160.633,11434385
2019-05-31,GLD,160.897,162.311,157.117,157.49,157.49,10134290
2019-06-03,GLD,157.369,158.722,157.17,158.243,158.243,6255973
2019-06-04,GLD,158.721,158.827,155.495,155.653,155.653,8522386
2019-06-05,GLD,155.863,155.878,150.78,151.026,151.026,11861688
2019-06-06,GLD,151.06,151.086,150.261,150.423,150.423,13443979
2019-06-07,GLD,150.605,151.479,148.402,149.084,149.084,7292736
2019-06-10,GLD,148.883,149.228,147.566,147.57,147.57,6707679
2019-06-11,GLD,146.947,146.997,141.161,142.194,142.194,15852955
2019-06-12,GLD,142.021,142.326,140.513,140.767,140.767,9970696
2019-06-13,GLD,140.978,141.225,139.924,140.492,140.492,10274407
2019-06-14,GLD,140.515,141.594,138.572,139.445,139.445,7781827
2019-06-17,GLD,139.407,140.218,138.947,140.113,140.113,10645661
2019-06-18,GLD,139.875,142.611,139.716,142.492,142.492,15145287
2019-06-19,GLD,141.935,143.5,141.659,143.396,143.396,10763096
2019-06-20,GLD,143.805,145.449,143.292,145.192,145.192,13194890
2019-06-21,GLD,145.131,147.367,144.346,147.156,147.156,10086952
2019-06-24,GLD,147.03,147.58,145.368,145.386,145.386,6922590
2019-06-25,GLD,145.191,146.368,144.59,146.173,146.173,7950290
2019-06-26,GLD,146.54,148.519,146.366,147.948,147.948,6646593
2019-06-27,GLD,148.209,148.257,146.44,147.195,147.195,10653360
2019-06-28,GLD,146.91,146.986,145.246,145.824,145.824,13671666
2019-07-01,GLD,146.163,146.87,146.154,146.773,146.773,10483033
2019-07-02,GLD,146.731,146.955,143.693,144.205,144.205,9076655
2019-07-03,GLD,144.029,144.304,141.703,142.353,142.353,7631081
2019-07-04,GLD,142.269,142.49,141.203,141.237,141.237,11066338
2019-07-05,GLD,141.015,142.165,140.925,142.02,142.02,6285604
2019-07-08,GLD,141.645,142.449,141.586,142.412,142.412,6597697
2019-07-09,GLD,142.633,145.137,141.601,144.206,144.206,12700490
2019-07-10,GLD,144.142,144.479,142.518,142.638,142.638,9166795
2019-07-11,GLD,142.814,143.023,140.691,140.996,140.996,9107637
2019-07-12,GLD,141.077,142.322,141.016,141.903,141.903,9492802
2019-07-15,GLD,142.059,142.178,140.422,140.568,140.568,12177613
2019-07-16,GLD,139.992,140.264,139.553,139.571,139.571,10496508
2019-07-17,GLD,139.329,139.819,135.695,136.513,136.513,7770756
2019-07-18,GLD,136.669,137.218,135.987,137.008,137.008,7878723
2019-07-19,GLD,136.659,139.718,136.508,139.583,139.583,9414668
2019-07-22,GLD,139.687,140.084,137.632,137.887,137.887,10906659
2019-07-23,GLD,137.504,139.735,136.944,139.606,139.606,9893470
2019-07-24,GLD,139.611,139.783,139.115,139.525,139.525,9626529
2019-07-25,GLD,139.974,140.235,136.505,136.617,136.617,10138851
2019-07-26,GLD,136.829,137.285,134.864,135.176,135.176,9891327
2019-07-29,GLD,134.675,135.326,133.187,133.65,133.65,7658851
2019-07-30,GLD,133.877,134.205,133.128,133.16,133.16,13321153
2019-07-31,GLD,133.646,133.857,133.127,133.85,133.85,8553066
2019-08-01,GLD,134.598,137.266,134.325,136.87,136.87,10387662
2019-08-02,GLD,137.0,137.321,134.154,134.557,134.557,3818994
2019-08-05,GLD,134.19,134.226,133.762,133.793,133.793,9354477
2019-08-06,GLD,133.91,133.934,132.339,132.379,132.379,6701233
2019-08-07,GLD,132.802,132.975,130.144,130.397,130.397,7062935
2019-08-08,GLD,130.348,130.974,129.809,130.563,130.563,17266558
2019-08-09,GLD,130.836,131.085,129.583,130.582,130.582,10748578
2019-08-12,GLD,130.363,131.085,127.434,127.787,127.787,13678067
2019-08-13,GLD,127.882,128.138,127.416,127.831,127.831,12565911
2019-08-14,GLD,127.195,127.791,125.781,126.012,126.012,12949729
2019-08-15,GLD,125.772,126.359,124.948,126.046,126.046,9402785
2019-08-16,GLD,126.044,128.15,125.657,127.997,127.997,14819206
2019-08-19,GLD,127.904,128.903,127.769,128.726,128.726,12540062
2019-08-20,GLD,128.392,129.588,128.272,129.017,129.017,10124005
2019-08-21,GLD,128.889,129.011,128.101,128.218,128.218,10789869
2019-08-22,GLD,128.302,128.572,127.509,128.337,128.337,9589803
2019-08-23,GLD,128.315,129.25,127.936,129.224,129.224,10156718
2019-08-26,GLD,129.24,129.996,129.065,129.962,129.962,9869198
2019-08-27,GLD,130.153,130.663,129.533,129.824,129.824,11144601
2019-08-28,GLD,129.735,130.993,129.63,130.18,130.18,15219921
2019-08-29,GLD,130.534,130.703,128.061,128.156,128.156,6384358
2019-08-30,GLD,127.902,128.222,126.664,127.048,127.048,13427064
2019-09-02,GLD,127.538,128.27,126.971,128.148,128.148,8895297
2019-09-03,GLD,128.433,129.594,128.429,129.465,129.465,13808989
2019-09-04,GLD,129.373,129.724,129.097,129.628,129.628,8999664
2019-09-05,GLD,129.553,132.097,129.193,131.966,131.966,11238261
2019-09-06,GLD,132.02,134.218,131.944,132.789,132.789,9523467
2019-09-09,GLD,132.948,133.561,132.25,132.435,132.435,4808224
2019-09-10,GLD,132.725,133.002,130.523,130.528,130.528,15216931
2019-09-11,GLD,130.178,132.914,129.914,132.818,132.818,7171739
2019-09-12,GLD,132.934,134.157,132.896,134.068,134.068,10251649
2019-09-13,GLD,133.501,137.333,133.376,137.01,137.01,6842735
2019-09-16,GLD,136.962,140.739,136.48,140.638,140.638,5988995
2019-09-17,GLD,141.047,141.065,138.398,138.5,138.5,9385180
2019-09-18,GLD,138.108,138.404,136.359,136.399,136.399,8219466
2019-09-19,GLD,135.963,136.024,131.417,131.809,131.809,6493555
2019-09-20,GLD,131.868,133.3,131.637,133.287,133.287,9893702
2019-09-23,GLD,133.657,134.732,133.149,134.358,134.358,5554280
2019-09-24,GLD,134.446,135.074,134.18,134.533,134.533,10376421
2019-09-25,GLD,134.021,134.345,132.296,132.585,132.585,9618020
2019-09-26,GLD,132.139,132.749,131.836,132.461,132.461,2558782
2019-09-27,GLD,132.487,133.026,131.819,132.772,132.772,8430670
2019-09-30,GLD,132.458,134.405,131.662,134.042,134.042,11405230
2019-10-01,GLD,134.078,134.737,133.898,134.499,134.499,6809362
2019-10-02,GLD,134.551,135.633,134.205,135.592,135.592,11535377
2019-10-03,GLD,135.459,135.498,134.949,135.407,135.407,11298038
2019-10-04,GLD,135.899,137.445,135.74,137.358,137.358,6946836
2019-10-07,GLD,137.52,138.848,137.233,138.421,138.421,9963153
2019-10-08,GLD,138.756,139.078,135.892,136.481,136.481,12474973
2019-10-09,GLD,136.732,139.345,136.22,138.793,138.793,7370733
2019-10-10,GLD,138.751,141.675,138.111,140.867,140.867,9382568
2019-10-11,GLD,140.812,142.335,140.579,141.674,141.674,13450717
2019-10-14,GLD,141.59,142.598,141.544,142.171,142.171,7427104
2019-10-15,GLD,142.364,145.73,142.269,145.047,145.047,11377475
2019-10-16,GLD,144.858,145.784,142.011,142.25,142.25,6762427
2019-10-17,GLD,142.741,144.756,142.682,144.403,144.403,9517114
2019-10-18,GLD,144.188,144.896,143.578,143.599,143.599,11340180
2019-10-21,GLD,143.66,145.893,143.054,145.517,145.517,2786420
2019-10-22,GLD,145.45,146.437,144.722,145.746,145.746,8397031
2019-10-23,GLD,145.614,145.692,143.305,143.607,143.607,11287996
2019-10-24,GLD,144.23,144.367,142.307,142.772,142.772,10677532
2019-10-25,GLD,142.646,144.863,142.531,144.551,144.551,8432865
2019-10-28,GLD,144.463,144.897,143.428,144.206,144.206,6686254
2019-10-29,GLD,144.014,144.375,142.96,143.152,143.152,11885395
2019-10-30,GLD,143.164,143.905,142.022,142.096,142.096,9032780
2019-10-31,GLD,142.067,143.832,142.05,143.213,143.213,11636042
2019-11-01,GLD,142.893,146.276,142.722,146.272,146.272,11140669
2019-11-04,GLD,146.148,147.511,142.441,142.581,142.581,8657745
2019-11-05,GLD,142.754,148.07,142.469,147.473,147.473,13217685
2019-11-06,GLD,147.776,148.092,147.224,147.853,147.853,8217167
2019-11-07,GLD,147.86,149.35,147.718,148.905,148.905,13571362
2019-11-08,GLD,148.922,149.606,147.515,148.146,148.146,13963878
2019-11-11,GLD,148.039,148.801,147.895,148.159,148.159,13150344
2019-11-12,GLD,148.01,148.937,148.003,148.521,148.521,9458317
2019-11-13,GLD,148.247,148.86,146.62,146.681,146.681,17641237
2019-11-14,GLD,146.225,146.438,145.188,145.288,145.288,10455533
2019-11-15,GLD,145.084,147.659,144.902,147.387,147.387,10723169
2019-11-18,GLD,147.654,147.714,144.644,144.686,144.686,9933816
2019-11-19,GLD,144.563,145.585,143.899,145.472,145.472,6610701
2019-11-20,GLD,145.371,145.72,144.389,144.845,144.845,13885220
2019-11-21,GLD,144.739,145.121,142.75,143.203,143.203,8282790
2019-11-22,GLD,143.56,146.805,142.982,146.651,146.651,12758833
2019-11-25,GLD,146.379,146.51,144.486,144.999,144.999,13478659
2019-11-26,GLD,145.08,145.449,142.971,143.065,143.065,11809964
2019-11-27,GLD,143.045,143.726,142.432,142.762,142.762,7924092
2019-11-28,GLD,142.782,142.908,141.249,141.47,141.47,8976765
2019-11-29,GLD,141.539,141.96,141.202,141.499,141.499,1968771
2019-12-02,GLD,141.515,142.144,140.923,141.781,141.781,9650597
2019-12-03,GLD,142.006,142.222,141.713,142.199,142.199,12408131
2019-12-04,GLD,142.19,142.365,141.555,142.006,142.006,9287485
2019-12-05,GLD,142.501,143.008,140.646,140.832,140.832,8229759
2019-12-06,GLD,140.845,142.288,140.625,141.942,141.942,9106759
2019-12-09,GLD,141.458,142.694,141.056,141.77,141.77,13646098
2019-12-10,GLD,141.951,142.489,140.836,140.947,140.947,9836903
2019-12-11,GLD,141.058,143.644,140.799,143.491,143.491,15573749
2019-12-12,GLD,143.5,143.839,142.908,143.301,143.301,8287799
2019-12-13,GLD,143.226,146.381,143.007,145.209,145.209,10651695
2019-12-16,GLD,144.595,147.93,144.216,147.382,147.382,8699794
2019-12-17,GLD,146.808,149.823,146.143,149.696,149.696,16223459
2019-12-18,GLD,150.189,151.518,149.906,150.962,150.962,10539116
2019-12-19,GLD,150.785,151.427,150.465,150.98,150.98,16384228
2019-12-20,GLD,151.272,151.61,150.788,150.883,150.883,8739617
2019-12-23,GLD,150.4,151.076,150.334,150.461,150.461,14582738
2019-12-24,GLD,150.146,150.746,146.521,146.618,146.618,10354010
2019-12-25,GLD,146.817,147.911,146.691,147.907,147.907,12509967
2019-12-26,GLD,147.877,148.42,147.68,148.361,148.361,6340867
2019-12-27,GLD,148.52,150.028,148.266,149.857,149.857,11045242
2019-12-30,GLD,149.853,150.05,149.073,149.666,149.666,6792639
2019-12-31,GLD,149.603,151.3,149.592,150.884,150.884,10771289
2020-01-01,GLD,150.679,151.068,148.373,148.429,148.429,5444830
2020-01-02,GLD,148.075,148.353,146.097,146.38,146.38,9717751
2020-01-03,GLD,146.79,146.885,141.938,142.112,142.112,13286836
2020-01-06,GLD,142.558,142.815,141.628,141.901,141.901,11642662
2020-01-07,GLD,141.607,142.109,140.287,140.61,140.61,6298150
2020-01-08,GLD,140.3,140.491,138.797,139.112,139.112,4304841
2020-01-09,GLD,139.015,139.966,138.078,139.689,139.689,11490834
2020-01-10,GLD,139.784,140.492,138.971,138.996,138.996,14743596
2020-01-13,GLD,138.945,139.787,136.529,136.643,136.643,7108162
2020-01-14,GLD,136.78,140.973,136.539,140.898,140.898,16292212
2020-01-15,GLD,140.884,140.93,140.469,140.854,140.854,9980520
2020-01-16,GLD,140.821,141.28,137.912,139.053,139.053,4123919
2020-01-17,GLD,139.724,140.089,137.305,137.957,137.957,5317359
2020-01-20,GLD,137.812,138.442,137.253,137.688,137.688,12309847
2020-01-21,GLD,138.14,138.503,137.158,137.417,137.417,10388704
2020-01-22,GLD,137.814,140.127,137.628,139.598,139.598,14446663
2020-01-23,GLD,139.739,139.925,139.272,139.483,139.483,6405626
2020-01-24,GLD,138.946,142.815,138.725,142.642,142.642,10355484
2020-01-27,GLD,142.65,142.919,141.652,141.921,141.921,10020283
2020-01-28,GLD,141.775,143.014,141.088,142.668,142.668,9570956
2020-01-29,GLD,142.674,144.593,141.769,144.447,144.447,8852178
2020-01-30,GLD,144.14,147.032,143.726,146.552,146.552,8911902
2020-01-31,GLD,146.774,149.424,146.705,148.896,148.896,10523937
2020-02-03,GLD,149.19,149.519,148.352,148.43,148.43,10907743
2020-02-04,GLD,148.777,148.983,148.163,148.439,148.439,10757719
2020-02-05,GLD,148.326,148.329,143.786,144.106,144.106,13617963
2020-02-06,GLD,143.801,144.236,142.886,143.786,143.786,6396164
2020-02-07,GLD,143.887,145.83,143.736,145.7,145.7,4564949
2020-02-10,GLD,146.212,147.854,146.012,147.295,147.295,13050895
2020-02-11,GLD,147.316,147.83,147.09,147.161,147.161,7169425
2020-02-12,GLD,147.294,150.911,146.954,150.212,150.212,8861573
2020-02-13,GLD,150.141,150.326,148.737,149.54,149.54,8163701
2020-02-14,GLD,149.39,149.681,147.68,148.28,148.28,8099463
2020-02-17,GLD,148.475,148.945,147.166,147.468,147.468,5625208
2020-02-18,GLD,147.437,147.974,145.446,145.513,145.513,8291417
2020-02-19,GLD,145.631,147.113,145.267,146.623,146.623,11947993
2020-02-20,GLD,146.772,147.216,146.054,147.15,147.15,9988206
2020-02-21,GLD,147.253,148.277,147.126,148.25,148.25,11513521
2020-02-24,GLD,148.416,148.759,147.166,147.534,147.534,8511754
2020-02-25,GLD,147.282,147.621,146.968,147.45,147.45,12708538
2020-02-26,GLD,147.18,147.489,143.43,143.664,143.664,8474914
2020-02-27,GLD,143.651,144.566,143.641,144.332,144.332,3674328
2020-02-28,GLD,144.327,144.566,144.154,144.522,144.522,10949871
2020-03-02,GLD,144.371,145.016,142.188,142.644,142.644,12302154
2020-03-03,GLD,142.713,143.593,142.0,142.483,142.483,8322283
2020-03-04,GLD,142.742,143.135,141.913,142.061,142.061,13597619
2020-03-05,GLD,142.399,145.442,142.375,145.12,145.12,7447923
2020-03-06,GLD,145.529,146.462,143.123,143.302,143.302,12012180
2020-03-09,GLD,142.925,144.742,142.64,143.891,143.891,15234328
2020-03-10,GLD,143.556,143.775,141.953,142.038,142.038,10110193
2020-03-11,GLD,141.956,142.952,140.722,141.109,141.109,9320551
2020-03-12,GLD,141.131,141.994,141.018,141.596,141.596,9682985
2020-03-13,GLD,141.529,141.803,140.908,141.255,141.255,14884886
2020-03-16,GLD,141.099,142.358,140.666,141.263,141.263,11208348
2020-03-17,GLD,141.177,142.139,141.089,141.847,141.847,16432608
2020-03-18,GLD,141.984,141.997,141.003,141.027,141.027,10837754
2020-03-19,GLD,140.652,142.734,140.331,142.549,142.549,8038610
2020-03-20,GLD,143.217,143.316,141.921,142.046,142.046,8249479
2020-03-23,GLD,142.052,142.539,141.229,141.898,141.898,10184822
2020-03-24,GLD,142.196,142.715,142.149,142.533,142.533,3876032
2020-03-25,GLD,142.367,143.243,141.784,142.94,142.94,8575030
2020-03-26,GLD,143.104,144.22,142.643,144.067,144.067,8641606
2020-03-27,GLD,144.096,144.791,144.056,144.635,144.635,10719369
2020-03-30,GLD,144.883,146.133,144.634,145.47,145.47,15825455
2020-03-31,GLD,145.412,145.452,144.417,144.921,144.921,10164449
2020-04-01,GLD,145.371,145.856,142.65,143.093,143.093,4232023
2020-04-02,GLD,142.666,143.059,140.365,140.68,140.68,7258277
2020-04-03,GLD,140.947,141.258,137.149,137.906,137.906,10786864
2020-04-06,GLD,137.938,140.997,137.396,140.872,140.872,10278984
2020-04-07,GLD,140.585,141.498,136.427,137.198,137.198,14873367
2020-04-08,GLD,137.734,139.323,137.042,139.195,139.195,12880232
2020-04-09,GLD,139.71,139.894,137.511,137.848,137.848,12790346
2020-04-10,GLD,137.277,140.089,137.248,139.843,139.843,9348601
2020-04-13,GLD,139.892,140.642,136.002,136.213,136.213,13297363
2020-04-14,GLD,136.405,136.917,135.833,135.846,135.846,7312231
2020-04-15,GLD,135.966,138.667,135.918,138.255,138.255,12904883
2020-04-16,GLD,138.674,139.681,138.504,139.461,139.461,9152743
2020-04-17,GLD,139.826,141.242,138.515,138.916,138.916,5656020
2020-04-20,GLD,138.989,139.097,135.653,135.731,135.731,11779710
2020-04-21,GLD,136.35,136.87,133.164,133.612,133.612,14192631
2020-04-22,GLD,133.862,136.333,133.696,135.875,135.875,8780194
2020-04-23,GLD,135.779,136.208,134.62,135.325,135.325,14688285
2020-04-24,GLD,135.176,135.384,135.012,135.226,135.226,5032177
2020-04-27,GLD,135.562,136.194,135.33,135.704,135.704,6409620
2020-04-28,GLD,135.489,136.097,133.238,133.616,133.616,9559822
2020-04-29,GLD,133.507,134.394,133.483,134.288,134.288,8887708
2020-04-30,GLD,134.224,134.951,133.582,133.631,133.631,7998600
2020-05-01,GLD,133.726,134.226,133.717,134.12,134.12,10401033
2020-05-04,GLD,134.068,134.272,132.359,133.21,133.21,8414229
2020-05-05,GLD,132.859,133.042,129.952,130.735,130.735,8923076
2020-05-06,GLD,131.039,131.592,129.959,130.083,130.083,10835275
2020-05-07,GLD,129.978,131.343,129.869,131.104,131.104,7997389
2020-05-08,GLD,131.634,132.313,131.541,131.742,131.742,9681946
2020-05-11,GLD,131.822,131.893,131.466,131.808,131.808,8063383
2020-05-12,GLD,132.142,133.272,132.047,133.253,133.253,6383139
2020-05-13,GLD,133.421,133.66,132.815,132.945,132.945,12291107
2020-05-14,GLD,133.295,133.872,132.741,133.052,133.052,15123383
2020-05-15,GLD,133.204,133.61,132.018,132.305,132.305,13193716
2020-05-18,GLD,132.367,133.905,132.147,133.85,133.85,10995148
2020-05-19,GLD,134.142,135.084,134.122,134.336,134.336,8075415
2020-05-20,GLD,135.004,135.332,133.348,133.458,133.458,9139244
2020-05-21,GLD,133.386,133.962,130.944,131.111,131.111,13171064
2020-05-22,GLD,131.32,132.892,130.669,132.878,132.878,3155540
2020-05-25,GLD,132.877,132.923,131.703,131.714,131.714,8910219
2020-05-26,GLD,131.847,132.408,131.383,131.845,131.845,12202348
2020-05-27,GLD,131.856,135.789,131.397,135.637,135.637,6585159
2020-05-28,GLD,135.052,137.851,134.794,136.966,136.966,11270165
2020-05-29,GLD,136.911,139.788,136.034,139.657,139.657,11130968
2020-06-01,GLD,139.937,140.258,138.713,138.776,138.776,5637003
2020-06-02,GLD,138.564,141.583,138.295,140.589,140.589,10260934
2020-06-03,GLD,140.848,141.213,139.574,140.652,140.652,8147664
2020-06-04,GLD,140.704,141.563,140.624,141.289,141.289,11248296
2020-06-05,GLD,141.235,144.879,140.979,144.776,144.776,12009366
2020-06-08,GLD,145.038,145.248,144.074,144.311,144.311,11196817
2020-06-09,GLD,144.508,145.129,143.845,144.363,144.363,10217777
2020-06-10,GLD,144.484,145.011,142.494,142.825,142.825,10866614
2020-06-11,GLD,143.115,145.574,143.111,144.374,144.374,6471805
2020-06-12,GLD,144.433,144.804,143.17,143.425,143.425,9907745
2020-06-15,GLD,142.953,145.245,142.899,145.214,145.214,7610550
2020-06-16,GLD,145.104,145.546,142.223,142.386,142.386,13094616
2020-06-17,GLD,141.872,144.936,141.4,143.344,143.344,12049714
2020-06-18,GLD,143.533,143.845,142.173,142.26,142.26,12041204
2020-06-19,GLD,142.515,143.532,142.393,143.531,143.531,15140475
2020-06-22,GLD,143.801,144.027,142.987,143.526,143.526,9010068
2020-06-23,GLD,143.666,144.096,142.568,142.625,142.625,8352978
2020-06-24,GLD,142.901,142.919,141.503,141.983,141.983,8939192
2020-06-25,GLD,141.535,141.681,140.274,140.559,140.559,5193291
2020-06-26,GLD,140.529,142.197,139.924,141.998,141.998,5429251
2020-06-29,GLD,141.596,142.178,139.698,140.24,140.24,11863309
2020-06-30,GLD,140.139,140.164,139.509,139.809,139.809,5814580
2020-07-01,GLD,140.261,140.774,139.275,140.407,140.407,6775262
2020-07-02,GLD,140.714,143.654,140.446,143.171,143.171,9694840
2020-07-03,GLD,143.36,143.452,142.922,143.173,143.173,8763317
2020-07-06,GLD,143.121,143.599,142.756,142.775,142.775,12656957
2020-07-07,GLD,142.491,143.617,141.77,143.263,143.263,10181384
2020-07-08,GLD,143.317,143.573,139.307,139.76,139.76,7604594
2020-07-09,GLD,140.071,140.111,136.855,137.782,137.782,12914899
2020-07-10,GLD,137.895,138.72,137.023,137.18,137.18,12186374
2020-07-13,GLD,136.745,136.905,135.716,136.029,136.029,5767050
2020-07-14,GLD,136.058,136.343,133.12,133.458,133.458,10756800
2020-07-15,GLD,132.947,135.154,132.579,134.856,134.856,7854770
2020-07-16,GLD,135.073,135.607,134.81,135.294,135.294,7775687
2020-07-17,GLD,135.107,135.701,134.795,135.54,135.54,15608544
2020-07-20,GLD,135.208,135.68,134.23,134.433,134.433,10372814
2020-07-21,GLD,134.653,134.869,134.161,134.578,134.578,9347385
2020-07-22,GLD,134.729,135.454,134.406,135.429,135.429,10254854
2020-07-23,GLD,135.492,136.108,134.978,135.016,135.016,12622721
2020-07-24,GLD,135.608,135.859,135.274,135.756,135.756,7895187
2020-07-27,GLD,135.928,136.188,134.057,134.482,134.482,8407450
2020-07-28,GLD,134.309,135.269,134.076,134.657,134.657,11970014
2020-07-29,GLD,134.797,136.677,134.707,136.533,136.533,5450832
2020-07-30,GLD,136.455,139.118,136.095,138.584,138.584,12972316
2020-07-31,GLD,138.935,141.338,138.503,140.828,140.828,5184461
2020-08-03,GLD,140.907,141.731,140.625,141.329,141.329,9262700
2020-08-04,GLD,141.437,141.551,140.917,141.401,141.401,5203501
2020-08-05,GLD,140.993,141.245,140.209,140.66,140.66,6831245
2020-08-06,GLD,140.677,140.718,137.475,137.659,137.659,13893001
2020-08-07,GLD,137.644,138.1,135.461,135.473,135.473,13133374
2020-08-10,GLD,135.195,135.584,135.003,135.217,135.217,13453967
2020-08-11,GLD,135.157,135.403,134.837,135.059,135.059,5653035
2020-08-12,GLD,135.176,137.962,135.097,137.384,137.384,6846832
2020-08-13,GLD,137.383,140.038,137.211,139.587,139.587,11019618
2020-08-14,GLD,139.193,139.644,138.44,138.46,138.46,12145952
2020-08-17,GLD,138.384,139.866,137.727,139.844,139.844,7601459
2020-08-18,GLD,139.713,139.882,139.032,139.063,139.063,8263236
2020-08-19,GLD,139.117,140.29,138.846,140.225,140.225,6605957
2020-08-20,GLD,140.249,141.834,140.191,141.606,141.606,14974736
2020-08-21,GLD,141.489,144.357,141.085,143.751,143.751,8575133
2020-08-24,GLD,143.621,143.629,142.76,142.922,142.922,10093877
2020-08-25,GLD,142.941,144.784,142.744,144.69,144.69,10250934
2020-08-26,GLD,144.969,145.067,141.019,141.493,141.493,13316861
2020-08-27,GLD,141.572,144.173,141.4,143.73,143.73,7142600
2020-08-28,GLD,144.139,144.186,142.857,143.705,143.705,13504783
2020-08-31,GLD,144.03,144.489,143.598,143.717,143.717,6163838
2020-09-01,GLD,144.147,144.784,140.017,140.263,140.263,13497161
2020-09-02,GLD,140.647,141.132,139.207,139.629,139.629,4854101
2020-09-03,GLD,140.065,142.583,139.393,141.937,141.937,9686333
2020-09-04,GLD,141.609,141.636,140.878,141.23,141.23,14876312
2020-09-07,GLD,141.413,142.936,141.09,142.462,142.462,12091768
2020-09-08,GLD,142.809,142.963,142.357,142.539,142.539,11263727
2020-09-09,GLD,142.938,144.682,142.527,144.387,144.387,6854755
2020-09-10,GLD,144.165,145.329,143.798,144.738,144.738,7795596
2020-09-11,GLD,144.928,145.177,142.868,143.147,143.147,14033187
2020-09-14,GLD,143.168,144.206,143.133,143.262,143.262,11417018
2020-09-15,GLD,143.791,146.123,143.521,146.06,146.06,12670748
2020-09-16,GLD,145.655,147.908,145.52,146.954,146.954,10221381
2020-09-17,GLD,146.728,147.354,145.757,146.767,146.767,9154806
2020-09-18,GLD,146.236,151.517,145.701,150.814,150.814,12299985
2020-09-21,GLD,150.857,153.01,150.193,152.946,152.946,10778059
2020-09-22,GLD,153.638,155.173,152.831,154.472,154.472,9490120
2020-09-23,GLD,154.458,155.256,154.388,155.081,155.081,5757979
2020-09-24,GLD,155.112,157.339,154.812,156.466,156.466,12861725
2020-09-25,GLD,156.638,158.15,156.383,157.925,157.925,11320079
2020-09-28,GLD,157.888,158.449,153.372,153.862,153.862,8181214
2020-09-29,GLD,153.974,154.837,153.823,154.612,154.612,13537758
2020-09-30,GLD,154.734,155.138,153.93,154.334,154.334,10731437
2020-10-01,GLD,154.073,154.106,153.126,153.431,153.431,10790197
2020-10-02,GLD,153.402,154.289,152.806,153.091,153.091,12651687
2020-10-05,GLD,153.318,154.359,149.954,150.278,150.278,12006120
2020-10-06,GLD,150.557,150.621,147.016,147.078,147.078,10881023
2020-10-07,GLD,147.46,149.702,147.402,149.313,149.313,9434245
2020-10-08,GLD,149.414,150.371,149.391,150.163,150.163,15950992
2020-10-09,GLD,150.27,150.965,145.778,145.896,145.896,7798598
2020-10-12,GLD,146.115,146.74,144.597,144.909,144.909,12237916
2020-10-13,GLD,144.736,146.961,144.463,146.467,146.467,9748423
2020-10-14,GLD,146.281,146.434,145.984,145.994,145.994,11364141
2020-10-15,GLD,145.958,148.408,145.936,148.211,148.211,13700270
2020-10-16,GLD,147.833,150.142,147.794,150.109,150.109,9065265
2020-10-19,GLD,150.231,150.584,147.358,147.703,147.703,11805509
2020-10-20,GLD,148.013,148.08,147.118,147.468,147.468,10796672
2020-10-21,GLD,147.259,147.679,146.457,146.696,146.696,8076096
2020-10-22,GLD,146.824,147.18,143.981,144.289,144.289,13774297
2020-10-23,GLD,144.108,144.355,141.465,141.811,141.811,12133563
2020-10-26,GLD,141.523,141.532,140.443,140.464,140.464,8696350
2020-10-27,GLD,141.042,141.282,139.063,139.406,139.406,13310781
2020-10-28,GLD,139.127,140.783,138.861,139.898,139.898,7505741
2020-10-29,GLD,139.541,142.234,139.188,141.681,141.681,9913197
2020-10-30,GLD,141.741,143.235,141.539,142.575,142.575,8712328
2020-11-02,GLD,142.651,143.918,142.476,143.883,143.883,12253936
2020-11-03,GLD,144.075,144.186,143.124,143.442,143.442,8560950
2020-11-04,GLD,144.016,144.978,143.345,144.502,144.502,12275449
2020-11-05,GLD,144.277,144.557,143.527,144.263,144.263,11783380
2020-11-06,GLD,144.096,144.109,142.544,143.519,143.519,8874253
2020-11-09,GLD,143.981,147.063,143.572,146.843,146.843,15489153
2020-11-10,GLD,147.118,147.331,142.466,142.811,142.811,7764296
2020-11-11,GLD,143.04,143.942,139.408,139.655,139.655,5772958
2020-11-12,GLD,139.49,140.422,139.354,140.315,140.315,12568297
2020-11-13,GLD,140.631,140.919,139.841,139.888,139.888,3551776
2020-11-16,GLD,140.112,140.196,137.116,137.514,137.514,14475450
2020-11-17,GLD,137.566,138.647,135.405,135.802,135.802,10305262
2020-11-18,GLD,135.643,135.656,133.893,134.321,134.321,5719045
2020-11-19,GLD,134.35,136.229,134.189,135.784,135.784,7154606
2020-11-20,GLD,136.232,138.041,135.964,137.792,137.792,5097734
2020-11-23,GLD,137.49,140.674,137.133,140.548,140.548,11148649
2020-11-24,GLD,140.323,140.596,137.817,137.911,137.911,6019257
2020-11-25,GLD,137.738,138.193,135.641,135.684,135.684,11506267
2020-11-26,GLD,135.573,136.152,132.979,133.384,133.384,9085528
2020-11-27,GLD,133.379,135.662,132.403,135.48,135.48,8573908
2020-11-30,GLD,135.74,136.306,135.322,136.177,136.177,11528038
2020-12-01,GLD,136.303,137.272,136.196,136.326,136.326,11870534
2020-12-02,GLD,136.342,137.121,136.144,136.719,136.719,13437409
2020-12-03,GLD,136.795,137.007,136.441,136.644,136.644,8098665
2020-12-04,GLD,136.814,136.877,134.588,134.835,134.835,9910572
2020-12-07,GLD,134.381,135.965,134.129,135.685,135.685,8094019
2020-12-08,GLD,135.976,136.37,135.058,135.4,135.4,10488962
2020-12-09,GLD,135.176,135.28,133.33,133.481,133.481,7665131
2020-12-10,GLD,133.362,134.435,133.277,134.421,134.421,8727710
2020-12-11,GLD,134.512,134.535,133.389,133.753,133.753,8742998
2020-12-14,GLD,133.733,134.317,133.58,134.136,134.136,10880083
2020-12-15,GLD,134.266,134.729,133.436,133.952,133.952,10008865
2020-12-16,GLD,133.99,135.638,133.802,135.409,135.409,11518905
2020-12-17,GLD,135.331,136.079,134.898,135.785,135.785,9679010
2020-12-18,GLD,136.2,136.48,133.55,134.37,134.37,8260742
2020-12-21,GLD,134.56,135.266,134.538,134.907,134.907,10573849
2020-12-22,GLD,134.989,135.905,134.787,135.5,135.5,7248448
2020-12-23,GLD,135.688,136.713,135.309,136.351,136.351,11707473
2020-12-24,GLD,136.159,138.117,135.794,138.075,138.075,9143604
2020-12-25,GLD,138.675,139.361,136.611,137.075,137.075,10613558
2020-12-28,GLD,136.777,138.762,136.574,138.196,138.196,10660072
2020-12-29,GLD,138.227,138.356,135.144,135.382,135.382,14804636
2020-12-30,GLD,135.305,135.465,135.091,135.205,135.205,11144751
2020-12-31,GLD,135.117,135.525,134.619,134.777,134.777,10219657
2021-01-01,GLD,134.655,137.774,134.327,137.157,137.157,7922888
2021-01-04,GLD,136.945,137.028,136.704,136.917,136.917,12407155
2021-01-05,GLD,137.243,138.193,137.185,137.937,137.937,9189383
2021-01-06,GLD,137.605,137.758,134.731,135.069,135.069,5423560
2021-01-07,GLD,135.335,135.474,134.069,134.517,134.517,9414735
2021-01-08,GLD,134.692,135.332,132.954,133.175,133.175,10574469
2021-01-11,GLD,133.074,137.297,133.073,137.208,137.208,7544483
2021-01-12,GLD,137.354,137.922,135.41,136.132,136.132,9645459
2021-01-13,GLD,136.089,136.508,135.851,136.269,136.269,9785551
2021-01-14,GLD,135.969,136.931,135.47,136.494,136.494,9832276
2021-01-15,GLD,136.196,136.645,133.829,133.932,133.932,13703926
2021-01-18,GLD,134.108,134.232,133.053,133.106,133.106,6065326
2021-01-19,GLD,133.267,134.611,133.179,133.772,133.772,16101407
2021-01-20,GLD,133.836,134.335,133.682,133.926,133.926,9901494
2021-01-21,GLD,133.821,134.201,130.206,130.297,130.297,11740634
2021-01-22,GLD,130.247,130.943,129.125,129.43,129.43,10383509
2021-01-25,GLD,129.345,131.493,129.254,131.042,131.042,4821929
2021-01-26,GLD,130.584,132.077,130.229,131.987,131.987,6830267
2021-01-27,GLD,132.003,134.132,131.77,133.947,133.947,8427172
2021-01-28,GLD,134.087,135.062,132.294,132.389,132.389,12981159
2021-01-29,GLD,132.407,134.86,132.236,134.457,134.457,5847037
2021-02-01,GLD,134.933,135.029,134.388,134.402,134.402,7432788
2021-02-02,GLD,134.132,138.2,134.044,137.013,137.013,10494553
2021-02-03,GLD,136.832,137.084,136.362,137.036,137.036,11418569
2021-02-04,GLD,137.072,137.311,133.55,133.727,133.727,11328163
2021-02-05,GLD,133.792,135.493,133.537,135.114,135.114,7047985
2021-02-08,GLD,134.6,135.276,134.129,134.414,134.414,5206026
2021-02-09,GLD,134.576,134.692,133.499,133.825,133.825,11617179
2021-02-10,GLD,133.892,133.907,131.12,131.529,131.529,14299372
2021-02-11,GLD,130.971,134.264,130.545,134.132,134.132,8964095
2021-02-12,GLD,134.1,134.671,132.724,133.312,133.312,6565941
2021-02-15,GLD,133.097,136.143,132.98,135.873,135.873,8710359
2021-02-16,GLD,135.75,136.088,134.687,135.189,135.189,11182188
2021-02-17,GLD,134.828,135.074,133.058,133.71,133.71,9300571
2021-02-18,GLD,133.821,136.242,133.371,135.861,135.861,14221581
2021-02-19,GLD,136.34,136.502,135.513,135.759,135.759,12774912
2021-02-22,GLD,135.831,136.224,135.064,135.673,135.673,10553014
2021-02-23,GLD,135.087,135.713,133.194,133.619,133.619,4137031
2021-02-24,GLD,133.696,134.046,132.303,132.905,132.905,7923209
2021-02-25,GLD,132.853,133.668,132.143,133.607,133.607,8355933
2021-02-26,GLD,133.313,133.9,131.124,131.557,131.557,7760152
2021-03-01,GLD,131.65,131.683,130.044,130.726,130.726,10572464
2021-03-02,GLD,130.956,131.199,129.978,130.084,130.084,10634326
2021-03-03,GLD,129.91,130.596,129.488,130.205,130.205,4977775
2021-03-04,GLD,129.777,132.597,129.119,132.554,132.554,12413794
2021-03-05,GLD,132.021,132.4,132.004,132.095,132.095,10048371
2021-03-08,GLD,131.919,132.469,131.015,131.021,131.021,11072924
2021-03-09,GLD,130.981,135.438,130.246,135.429,135.429,12234479
2021-03-10,GLD,135.289,135.781,134.455,134.744,134.744,7699091
2021-03-11,GLD,134.559,134.646,134.423,134.453,134.453,13776717
2021-03-12,GLD,134.606,134.921,133.751,133.894,133.894,9574619
2021-03-15,GLD,134.018,134.543,133.335,133.467,133.467,14537642
2021-03-16,GLD,133.52,133.812,133.048,133.609,133.609,7318203
2021-03-17,GLD,133.827,135.625,132.965,135.11,135.11,14314740
2021-03-18,GLD,134.933,136.603,134.806,135.784,135.784,7288048
2021-03-19,GLD,135.487,137.75,134.95,137.568,137.568,17646344
2021-03-22,GLD,137.425,139.36,137.328,139.32,139.32,7144499
2021-03-23,GLD,139.156,140.409,139.075,139.687,139.687,13169760
2021-03-24,GLD,139.114,140.886,139.092,140.338,140.338,8912817
2021-03-25,GLD,140.184,142.294,139.928,142.235,142.235,12145067
2021-03-26,GLD,142.55,143.405,139.438,140.369,140.369,9878425
2021-03-29,GLD,140.594,144.722,139.872,144.66,144.66,6726309
2021-03-30,GLD,144.811,145.874,143.572,143.791,143.791,1609510
2021-03-31,GLD,143.829,144.168,142.543,143.205,143.205,17522750
2021-04-01,GLD,143.62,144.182,140.934,141.155,141.155,10219073
2021-04-02,GLD,140.856,141.42,138.855,139.185,139.185,1169410
2021-04-05,GLD,138.916,140.84,138.653,140.839,140.839,10907826
2021-04-06,GLD,141.156,144.959,140.632,144.747,144.747,12068760
2021-04-07,GLD,144.755,144.805,142.958,143.784,143.784,7854758
2021-04-08,GLD,143.591,144.83,143.447,144.403,144.403,7874936
2021-04-09,GLD,144.562,144.832,143.805,144.803,144.803,9940474
2021-04-12,GLD,144.676,146.572,144.372,146.57,146.57,13607783
2021-04-13,GLD,146.325,151.307,145.365,150.544,150.544,10299880
2021-04-14,GLD,150.284,153.61,149.646,153.337,153.337,14389676
2021-04-15,GLD,153.436,154.523,152.69,152.918,152.918,13393658
2021-04-16,GLD,152.981,154.908,151.827,153.911,153.911,9313646
2021-04-19,GLD,154.378,155.662,153.752,155.095,155.095,5288429
2021-04-20,GLD,155.005,155.243,154.593,155.078,155.078,9319987
2021-04-21,GLD,154.982,155.676,153.055,153.071,153.071,11579447
2021-04-22,GLD,153.512,153.562,151.459,151.63,151.63,10179680
2021-04-23,GLD,151.929,154.431,151.558,153.754,153.754,11903274
2021-04-26,GLD,153.798,156.214,152.877,156.1,156.1,12590260
2021-04-27,GLD,155.612,156.291,155.289,155.731,155.731,11592576
2021-04-28,GLD,155.478,156.893,155.346,156.24,156.24,9174014
2021-04-29,GLD,155.91,159.472,155.199,158.521,158.521,11559650
2021-04-30,GLD,158.533,158.7,155.318,155.332,155.332,16706453
2021-05-03,GLD,155.174,155.254,154.252,154.522,154.522,5530361
2021-05-04,GLD,155.017,158.373,154.924,158.329,158.329,11461862
2021-05-05,GLD,157.832,159.039,157.777,158.919,158.919,15496010
2021-05-06,GLD,158.55,158.95,156.782,156.8,156.8,6476230
2021-05-07,GLD,156.877,157.188,156.545,157.041,157.041,13003300
2021-05-10,GLD,157.205,159.159,157.18,158.998,158.998,13404152
2021-05-11,GLD,158.176,158.849,153.893,154.233,154.233,5569462
2021-05-12,GLD,153.698,155.019,153.22,154.579,154.579,12137085
2021-05-13,GLD,154.498,155.063,153.545,153.91,153.91,9186052
2021-05-14,GLD,154.327,154.785,150.62,150.926,150.926,9818663
2021-05-17,GLD,151.496,151.712,150.805,151.094,151.094,9025136
2021-05-18,GLD,150.968,151.251,150.655,150.866,150.866,13938067
2021-05-19,GLD,150.814,150.924,150.493,150.841,150.841,9663637
2021-05-20,GLD,150.589,150.847,150.022,150.232,150.232,8610059
2021-05-21,GLD,150.422,150.443,148.118,148.42,148.42,8660873
2021-05-24,GLD,148.874,149.089,145.268,145.871,145.871,8977030
2021-05-25,GLD,146.237,146.616,143.899,144.685,144.685,6761393
2021-05-26,GLD,144.677,147.077,143.965,146.203,146.203,8583598
2021-05-27,GLD,145.958,147.48,145.448,146.631,146.631,10353009
2021-05-28,GLD,146.634,146.888,146.441,146.529,146.529,11213144
2021-05-31,GLD,146.933,147.095,144.626,144.73,144.73,13612117
2021-06-01,GLD,144.614,144.893,143.932,144.101,144.101,10722937
2021-06-02,GLD,143.577,145.709,143.301,145.4,145.4,8576591
2021-06-03,GLD,145.295,146.815,145.217,146.302,146.302,6966880
2021-06-04,GLD,146.22,146.267,144.841,145.485,145.485,10883461
2021-06-07,GLD,144.955,145.471,140.278,141.015,141.015,9647888
2021-06-08,GLD,141.08,141.543,138.916,139.895,139.895,9747048
2021-06-09,GLD,140.037,140.089,139.079,139.105,139.105,10787589
2021-06-10,GLD,139.622,140.291,137.532,137.616,137.616,11558167
2021-06-11,GLD,137.25,137.991,136.941,136.953,136.953,10809206
2021-06-14,GLD,137.153,138.755,136.813,138.32,138.32,9488446
2021-06-15,GLD,138.587,139.347,138.148,138.275,138.275,7595855
2021-06-16,GLD,138.419,140.668,138.381,139.945,139.945,8161646
2021-06-17,GLD,139.663,139.811,137.371,137.452,137.452,12544779
2021-06-18,GLD,137.16,137.517,136.659,136.968,136.968,8729241
2021-06-21,GLD,136.994,138.095,133.642,133.835,133.835,5961872
2021-06-22,GLD,133.859,134.022,133.093,133.168,133.168,13478724
2021-06-23,GLD,133.019,133.724,131.37,131.525,131.525,7172865
2021-06-24,GLD,131.864,133.911,131.585,133.579,133.579,10105741
2021-06-25,GLD,133.472,134.34,133.404,134.255,134.255,11473489
2021-06-28,GLD,133.747,136.143,133.679,135.917,135.917,10009655
2021-06-29,GLD,135.856,136.009,134.635,135.236,135.236,2565586
2021-06-30,GLD,135.366,135.888,133.23,133.608,133.608,11171464
2021-07-01,GLD,133.7,134.317,131.208,131.95,131.95,13979390
2021-07-02,GLD,132.038,132.923,131.818,132.388,132.388,12359597
2021-07-05,GLD,132.783,135.916,132.533,135.312,135.312,3628018
2021-07-06,GLD,135.011,136.3,134.574,136.001,136.001,16381733
2021-07-07,GLD,135.886,135.991,135.048,135.408,135.408,6022445
2021-07-08,GLD,135.826,136.522,135.06,135.119,135.119,6764742
2021-07-09,GLD,134.587,135.639,134.077,135.085,135.085,12345633
2021-07-12,GLD,135.071,138.815,134.287,138.429,138.429,11358524
2021-07-13,GLD,138.769,140.54,138.098,140.511,140.511,10241005
2021-07-14,GLD,140.852,141.225,140.816,140.968,140.968,8291781
2021-07-15,GLD,141.154,142.183,140.354,141.172,141.172,13992570
2021-07-16,GLD,141.365,141.809,141.251,141.698,141.698,9882022
2021-07-19,GLD,141.403,142.874,141.131,142.559,142.559,5302549
2021-07-20,GLD,142.951,142.978,141.523,141.872,141.872,13696900
2021-07-21,GLD,141.532,142.065,140.453,140.46,140.46,10657855
2021-07-22,GLD,140.14,142.75,139.572,142.229,142.229,13345020
2021-07-23,GLD,142.339,142.749,142.101,142.285,142.285,11717646
2021-07-26,GLD,142.145,144.288,141.46,143.932,143.932,17174868
2021-07-27,GLD,143.992,147.26,143.889,146.823,146.823,9070089
2021-07-28,GLD,146.949,147.786,146.838,147.762,147.762,10048280
2021-07-29,GLD,148.287,148.71,147.478,148.418,148.418,12159492
2021-07-30,GLD,148.546,154.634,148.076,154.248,154.248,9088623
2021-08-02,GLD,154.057,155.016,153.716,154.651,154.651,12407913
2021-08-03,GLD,154.861,155.095,151.948,152.66,152.66,1157761
2021-08-04,GLD,152.406,152.672,151.842,152.165,152.165,9781650
2021-08-05,GLD,152.443,155.374,152.284,155.045,155.045,9691023
2021-08-06,GLD,155.065,155.454,152.46,152.675,152.675,9582354
2021-08-09,GLD,152.798,153.204,150.396,151.322,151.322,7369219
2021-08-10,GLD,150.783,153.843,150.528,153.364,153.364,12718369
2021-08-11,GLD,152.674,152.935,152.49,152.885,152.885,8486666
2021-08-12,GLD,152.426,153.368,152.35,152.702,152.702,10600823
2021-08-13,GLD,153.235,155.099,152.987,154.702,154.702,9888509
2021-08-16,GLD,154.346,154.535,153.379,153.396,153.396,11501093
2021-08-17,GLD,153.621,154.267,150.583,150.736,150.736,14292882
2021-08-18,GLD,150.542,151.675,148.259,148.263,148.263,10585312
2021-08-19,GLD,148.192,149.726,147.809,149.321,149.321,12524191
2021-08-20,GLD,149.308,150.192,149.165,149.805,149.805,10434611
2021-08-23,GLD,150.298,150.859,148.357,148.584,148.584,8481975
2021-08-24,GLD,148.758,149.043,145.798,146.551,146.551,9575327
2021-08-25,GLD,146.664,147.019,145.732,146.095,146.095,9149373
2021-08-26,GLD,146.474,148.434,145.709,148.084,148.084,11704486
2021-08-27,GLD,147.897,148.302,146.33,146.625,146.625,10319956
2021-08-30,GLD,146.939,147.844,144.788,145.483,145.483,7617206
2021-08-31,GLD,145.745,146.334,143.377,143.437,143.437,9334113
2021-09-01,GLD,143.693,144.206,142.728,142.824,142.824,5422250
2021-09-02,GLD,142.78,143.559,142.155,143.423,143.423,9446190
2021-09-03,GLD,143.298,147.325,142.812,147.129,147.129,10003918
2021-09-06,GLD,146.873,147.558,146.838,147.533,147.533,15425345
2021-09-07,GLD,147.295,147.652,147.116,147.457,147.457,14045356
2021-09-08,GLD,147.186,149.573,147.142,149.011,149.011,6897776
2021-09-09,GLD,149.12,150.627,149.043,150.28,150.28,10605308
2021-09-10,GLD,150.212,150.855,149.101,149.261,149.261,10657931
2021-09-13,GLD,149.39,153.57,148.906,153.462,153.462,9308688
2021-09-14,GLD,153.611,153.65,152.729,153.436,153.436,9499934
2021-09-15,GLD,153.111,154.193,153.096,153.892,153.892,8938151
2021-09-16,GLD,153.556,155.314,153.18,154.933,154.933,15618125
2021-09-17,GLD,154.862,156.085,154.149,155.597,155.597,8751447
2021-09-20,GLD,155.356,158.82,154.854,158.492,158.492,11022811
2021-09-21,GLD,158.213,158.583,156.549,157.394,157.394,2412910
2021-09-22,GLD,157.928,159.344,157.291,158.901,158.901,12470705
2021-09-23,GLD,158.414,159.616,157.706,159.235,159.235,13552764
2021-09-24,GLD,159.88,161.257,159.551,161.145,161.145,6843910
2021-09-27,GLD,161.238,161.615,159.732,160.75,160.75,8464340
2021-09-28,GLD,161.067,161.163,159.597,160.096,160.096,11354511
2021-09-29,GLD,160.374,161.599,160.227,161.53,161.53,10058382
2021-09-30,GLD,161.729,162.518,161.401,162.246,162.246,11399109
2021-10-01,GLD,162.785,162.94,160.525,160.677,160.677,9138277
2021-10-04,GLD,160.329,163.447,160.034,163.313,163.313,15589796
2021-10-05,GLD,163.262,165.309,163.179,164.776,164.776,7990780
2021-10-06,GLD,164.495,164.842,163.894,164.651,164.651,18074724
2021-10-07,GLD,164.092,164.363,163.314,163.749,163.749,13725772
2021-10-08,GLD,163.533,164.827,163.28,164.487,164.487,12496346
2021-10-11,GLD,165.103,166.175,164.98,165.817,165.817,6878567
2021-10-12,GLD,165.76,166.215,162.349,162.696,162.696,12729047
2021-10-13,GLD,163.342,164.098,163.295,163.452,163.452,11811815
2021-10-14,GLD,164.134,164.971,163.479,164.758,164.758,3641169
2021-10-15,GLD,165.745,165.882,160.12,160.193,160.193,5786199
2021-10-18,GLD,160.803,161.412,159.953,160.591,160.591,11072884
2021-10-19,GLD,161.348,162.097,160.441,161.956,161.956,9600101
2021-10-20,GLD,162.061,163.218,161.838,163.109,163.109,8450565
2021-10-21,GLD,163.184,165.611,162.989,164.709,164.709,13236848
2021-10-22,GLD,164.806,165.001,163.661,164.084,164.084,7348662
2021-10-25,GLD,164.084,164.944,161.506,162.069,162.069,8634277
2021-10-26,GLD,162.118,163.111,158.204,158.627,158.627,8058911
2021-10-27,GLD,158.866,160.843,157.909,160.74,160.74,11530508
2021-10-28,GLD,160.591,162.184,160.246,162.123,162.123,4841625
2021-10-29,GLD,161.676,164.548,161.388,164.433,164.433,8506984
2021-11-01,GLD,164.553,164.851,162.676,163.029,163.029,4831704
2021-11-02,GLD,162.803,165.114,162.395,164.631,164.631,9061374
2021-11-03,GLD,164.437,165.208,160.938,161.709,161.709,12169147
2021-11-04,GLD,161.663,162.298,159.889,160.051,160.051,12222689
2021-11-05,GLD,159.932,160.913,159.847,160.314,160.314,7817205
2021-11-08,GLD,160.67,161.648,160.286,161.615,161.615,11599966
2021-11-09,GLD,161.561,164.984,161.431,164.926,164.926,9444510
2021-11-10,GLD,165.309,166.847,163.949,164.472,164.472,14083255
2021-11-11,GLD,164.54,165.154,162.677,162.793,162.793,9610111
2021-11-12,GLD,162.764,163.018,160.909,161.032,161.032,1080858
2021-11-15,GLD,161.083,161.663,159.281,159.729,159.729,12684043
2021-11-16,GLD,159.316,164.423,158.556,164.064,164.064,8622702
2021-11-17,GLD,164.175,165.62,163.867,165.582,165.582,9177400
2021-11-18,GLD,165.863,168.799,165.641,167.829,167.829,11007770
2021-11-19,GLD,168.162,168.669,167.09,167.37,167.37,5725876
2021-11-22,GLD,166.917,167.586,166.552,167.388,167.388,10223961
2021-11-23,GLD,166.879,169.925,166.794,168.82,168.82,11603491
2021-11-24,GLD,168.639,169.193,167.127,167.82,167.82,11092193
2021-11-25,GLD,168.285,169.028,166.76,167.256,167.256,8203206
2021-11-26,GLD,167.329,167.541,165.911,165.928,165.928,12975796
2021-11-29,GLD,165.671,166.048,164.931,165.06,165.06,7007512
2021-11-30,GLD,164.581,165.359,163.777,165.179,165.179,8123435
2021-12-01,GLD,164.953,165.348,163.06,163.579,163.579,9591996
2021-12-02,GLD,163.333,164.179,163.154,164.162,164.162,10886405
2021-12-03,GLD,164.469,164.749,163.996,164.745,164.745,9026370
2021-12-06,GLD,165.078,165.107,164.011,164.412,164.412,13685761
2021-12-07,GLD,164.066,165.205,162.739,162.808,162.808,10885859
2021-12-08,GLD,163.053,163.795,162.914,163.034,163.034,10226974
2021-12-09,GLD,163.246,163.435,161.949,162.07,162.07,10780408
2021-12-10,GLD,161.688,162.592,161.558,162.181,162.181,12198718
2021-12-13,GLD,162.154,164.468,161.5,164.354,164.354,10722325
2021-12-14,GLD,164.466,165.158,161.603,161.922,161.922,4571450
2021-12-15,GLD,161.975,166.259,161.278,166.222,166.222,13268527
2021-12-16,GLD,165.653,166.757,164.905,166.098,166.098,10359026
2021-12-17,GLD,166.142,167.34,165.722,166.943,166.943,12054558
2021-12-20,GLD,167.155,168.013,164.916,165.463,165.463,8782169
2021-12-21,GLD,165.985,168.539,165.076,167.768,167.768,4519850
2021-12-22,GLD,167.543,167.843,167.059,167.536,167.536,3163271
2021-12-23,GLD,167.353,168.138,166.611,166.767,166.767,7166897
2021-12-24,GLD,166.697,166.851,164.44,165.64,165.64,11551883
2021-12-27,GLD,165.737,165.928,164.974,165.129,165.129,13893673
2021-12-28,GLD,165.161,165.994,164.792,165.981,165.981,10905914
2021-12-29,GLD,166.182,166.631,165.993,166.347,166.347,6843318
2021-12-30,GLD,165.972,166.469,165.795,166.289,166.289,7647628
2022-01-18,GLD,162.425,163.099,160.174,160.327,160.327,7683077
2022-01-19,GLD,160.59,160.904,158.867,159.259,159.259,13722659
2022-01-20,GLD,159.487,159.935,158.481,159.538,159.538,8150711
2022-01-21,GLD,158.62,158.836,157.343,157.403,157.403,10286924
2022-01-24,GLD,157.379,157.775,155.65,156.087,156.087,12949122
2022-01-25,GLD,155.75,160.033,155.334,159.033,159.033,13839527
2022-01-26,GLD,158.769,159.209,155.692,156.024,156.024,10625678
2022-01-27,GLD,156.484,156.654,155.205,155.701,155.701,11152889
2022-01-28,GLD,155.584,156.483,152.291,153.557,153.557,6949028
2022-01-31,GLD,154.138,154.955,151.461,152.197,152.197,13069170
2022-02-01,GLD,151.769,151.979,151.619,151.856,151.856,13790570
2022-02-02,GLD,151.527,151.75,149.485,150.086,150.086,4388941
2022-02-03,GLD,150.315,151.387,149.785,151.143,151.143,15288837
2022-02-04,GLD,151.04,154.362,150.245,153.633,153.633,7898022
2022-02-07,GLD,153.727,155.251,152.904,155.212,155.212,11783893
2022-02-08,GLD,155.178,157.328,154.746,157.153,157.153,10232685
2022-02-09,GLD,157.108,157.724,154.448,154.592,154.592,9818872
2022-02-10,GLD,154.498,154.676,153.917,154.161,154.161,9380446
2022-02-11,GLD,154.217,155.377,153.859,155.048,155.048,7022310
2022-02-14,GLD,155.247,157.052,154.745,156.698,156.698,11571484
2022-02-15,GLD,157.204,160.177,157.098,160.05,160.05,9141866
2022-02-16,GLD,159.985,162.403,159.479,162.137,162.137,6071733
2022-02-17,GLD,162.01,164.54,161.666,163.912,163.912,6894986
2022-02-18,GLD,163.741,169.235,163.386,169.196,169.196,6122661
2022-02-21,GLD,169.694,170.39,168.491,169.414,169.414,8426228
2022-02-22,GLD,169.648,170.017,168.13,168.849,168.849,11455298
2022-02-23,GLD,168.207,169.267,166.952,169.23,169.23,7866646
2022-02-24,GLD,168.572,168.815,166.884,167.403,167.403,12926325
2022-02-25,GLD,167.125,167.959,166.807,167.561,167.561,9642357
2022-02-28,GLD,167.638,168.148,163.798,164.145,164.145,9131785
2022-03-01,GLD,164.134,164.293,162.877,163.126,163.126,10050296
2022-03-02,GLD,163.294,164.205,162.903,162.921,162.921,14185465
2022-03-03,GLD,162.864,165.104,162.644,164.81,164.81,5885984
2022-03-04,GLD,165.27,167.668,165.227,167.043,167.043,14969101
2022-03-07,GLD,167.301,167.758,164.79,165.144,165.144,12880480
2022-03-08,GLD,165.169,169.744,164.087,169.331,169.331,9935031
2022-03-09,GLD,169.719,170.147,168.972,169.655,169.655,13549077
2022-03-10,GLD,169.095,170.523,167.478,170.166,170.166,9032581
2022-03-11,GLD,170.137,170.45,166.708,166.916,166.916,10857035
2022-03-14,GLD,166.962,167.302,165.459,165.7,165.7,8375756
2022-03-15,GLD,165.899,168.152,165.711,167.822,167.822,12899425
2022-03-16,GLD,167.246,168.286,166.781,168.185,168.185,7878233
2022-03-17,GLD,168.098,168.46,167.658,168.425,168.425,9845897
2022-03-18,GLD,168.56,169.076,167.861,168.906,168.906,12037416
2022-03-21,GLD,169.067,169.862,165.803,166.027,166.027,13144569
2022-03-22,GLD,166.421,167.038,165.538,165.856,165.856,7536535
2022-03-23,GLD,166.109,168.821,165.951,168.704,168.704,12259415
2022-03-24,GLD,168.684,171.405,168.437,170.941,170.941,7054045
2022-03-25,GLD,171.171,171.176,170.22,170.706,170.706,3549008
2022-03-28,GLD,170.637,175.404,170.61,173.961,173.961,7755809
2022-03-29,GLD,174.012,174.493,171.197,171.375,171.375,12503980
2022-03-30,GLD,171.647,171.876,169.162,169.41,169.41,9963349
2022-03-31,GLD,169.394,173.934,169.089,173.263,173.263,8395006
2022-04-01,GLD,173.388,175.049,172.926,174.491,174.491,10166435
2022-04-04,GLD,174.827,175.17,173.016,173.91,173.91,10067199
2022-04-05,GLD,174.157,174.716,173.721,173.816,173.816,11865696
2022-04-06,GLD,174.245,174.274,171.614,172.164,172.164,5164870
2022-04-07,GLD,172.966,173.829,172.468,172.758,172.758,9692941
2022-04-08,GLD,173.001,173.857,172.624,173.19,173.19,10372832
2022-04-11,GLD,173.031,173.697,172.888,173.254,173.254,5903890
2022-04-12,GLD,173.431,173.598,170.507,170.881,170.881,5862753
2022-04-13,GLD,171.041,172.243,170.735,171.447,171.447,8905875
2022-04-14,GLD,171.657,172.441,170.315,170.383,170.383,10025573
2022-04-15,GLD,170.892,171.007,167.679,168.4,168.4,10036138
2022-04-18,GLD,167.833,171.693,166.94,171.001,171.001,8330955
2022-04-19,GLD,171.519,175.592,171.004,175.535,175.535,8207996
2022-04-20,GLD,176.184,180.698,176.061,179.698,179.698,8814471
2022-04-21,GLD,179.902,182.561,178.916,181.128,181.128,10895565
2022-04-22,GLD,181.343,181.414,180.444,180.575,180.575,13733863
2022-04-25,GLD,180.488,181.029,180.186,180.445,180.445,3338809
2022-04-26,GLD,180.448,181.972,180.082,181.349,181.349,11869006
2022-04-27,GLD,181.602,182.711,180.079,180.46,180.46,9666545
2022-04-28,GLD,180.689,183.473,180.685,183.362,183.362,11577167
2022-04-29,GLD,183.626,183.681,178.711,178.96,178.96,13556630
2022-05-02,GLD,179.184,179.312,177.591,178.349,178.349,7734622
2022-05-03,GLD,178.669,180.695,178.428,180.094,180.094,12832914
2022-05-04,GLD,180.378,180.751,178.186,178.3,178.3,6237871
2022-05-05,GLD,177.935,178.886,177.466,177.809,177.809,10382798
2022-05-06,GLD,178.105,179.175,178.092,179.104,179.104,9272450
2022-05-09,GLD,179.769,182.878,179.637,182.42,182.42,10138838
2022-05-10,GLD,182.41,182.658,178.965,179.632,179.632,7032897
2022-05-11,GLD,180.171,180.751,176.246,176.73,176.73,11310650
2022-05-12,GLD,176.406,177.451,174.725,174.757,174.757,14758862
2022-05-13,GLD,174.747,174.88,171.322,171.584,171.584,7084429
2022-05-16,GLD,171.364,172.63,168.496,168.613,168.613,10568937
2022-05-17,GLD,169.078,170.108,166.253,166.678,166.678,12567619
2022-05-18,GLD,167.225,169.476,167.106,169.185,169.185,9109778
2022-05-19,GLD,169.151,169.819,167.809,168.574,168.574,14081179
2022-05-20,GLD,168.969,169.631,168.384,168.659,168.659,8710935
2022-05-23,GLD,169.216,169.28,166.676,166.758,166.758,9651116
2022-05-24,GLD,166.747,168.518,166.234,168.052,168.052,7020537
2022-05-25,GLD,168.095,172.822,167.736,171.899,171.899,10379771
2022-05-26,GLD,172.152,172.804,170.096,170.1,170.1,10009069
2022-05-27,GLD,169.813,173.98,169.673,173.679,173.679,11907704
2022-05-30,GLD,173.717,174.652,173.423,174.463,174.463,8091382
2022-05-31,GLD,175.21,175.265,174.317,174.52,174.52,7954013
2022-06-01,GLD,174.346,175.39,174.152,175.383,175.383,11387476
2022-06-02,GLD,175.682,176.351,175.413,176.229,176.229,14191571
2022-06-03,GLD,176.414,180.394,175.33,180.223,180.223,11887031
2022-06-06,GLD,180.164,181.984,179.864,181.375,181.375,15542237
2022-06-07,GLD,181.456,182.841,180.752,182.58,182.58,11665922
2022-06-08,GLD,183.22,183.318,180.789,181.682,181.682,11557879
2022-06-09,GLD,181.883,184.007,181.691,183.544,183.544,12037879
2022-06-10,GLD,183.805,184.065,180.96,181.472,181.472,14464512
2022-06-13,GLD,182.053,182.196,181.419,181.733,181.733,13712710
2022-06-14,GLD,181.628,188.553,180.822,188.155,188.155,6745365
2022-06-15,GLD,187.761,188.293,182.604,182.608,182.608,12401746
2022-06-16,GLD,183.254,183.49,182.533,183.143,183.143,10796070
2022-06-17,GLD,183.193,184.395,182.777,183.764,183.764,9417895
2022-06-20,GLD,184.093,184.446,182.877,183.286,183.286,4681213
2022-06-21,GLD,183.006,183.462,182.81,182.86,182.86,5379517
2022-06-22,GLD,183.002,183.708,182.737,183.084,183.084,8906598
2022-06-23,GLD,182.682,182.753,182.456,182.554,182.554,5606225
2022-06-24,GLD,182.577,183.176,182.417,183.065,183.065,8968730
2022-06-27,GLD,182.827,183.211,181.698,182.02,182.02,12143024
2022-06-28,GLD,181.7,186.885,180.926,186.515,186.515,8257131
2022-06-29,GLD,186.402,187.104,185.785,185.976,185.976,10250388
2022-06-30,GLD,185.123,188.053,184.834,187.275,187.275,6790144
2022-07-01,GLD,186.841,187.071,185.539,185.801,185.801,10896302
2022-07-04,GLD,186.092,188.876,185.865,187.918,187.918,11524406
2022-07-05,GLD,188.048,190.362,187.763,189.603,189.603,5731197
2022-07-06,GLD,189.196,190.765,188.058,190.584,190.584,7744341
2022-07-07,GLD,190.793,190.899,188.139,188.273,188.273,6198489
2022-07-08,GLD,187.942,189.056,186.008,186.604,186.604,11527644
2022-07-11,GLD,186.874,190.819,186.596,190.443,190.443,10492020
2022-07-12,GLD,190.399,191.498,188.274,188.73,188.73,9850865
2022-07-13,GLD,188.607,190.378,187.377,190.212,190.212,9615155
2022-07-14,GLD,190.177,190.807,187.655,188.092,188.092,10968506
2022-07-15,GLD,189.054,190.708,188.854,190.406,190.406,11028554
2022-07-18,GLD,190.117,190.632,188.07,188.868,188.868,8513268
2022-07-19,GLD,188.954,189.407,186.283,186.721,186.721,8093210
2022-07-20,GLD,187.013,187.153,184.573,185.156,185.156,9823014
2022-07-21,GLD,184.799,185.024,183.863,183.953,183.953,9430795
2022-07-22,GLD,183.366,185.579,182.941,184.872,184.872,16182047
2022-07-25,GLD,184.65,185.698,183.37,185.05,185.05,8848316
2022-07-26,GLD,185.331,185.586,182.211,182.657,182.657,10868996
2022-07-27,GLD,182.532,183.094,181.435,182.619,182.619,11397779
2022-07-28,GLD,182.535,183.209,179.183,180.153,180.153,14201573
2022-07-29,GLD,180.481,182.54,180.376,181.573,181.573,7566446
2022-08-01,GLD,181.28,183.527,180.686,183.407,183.407,14018943
2022-08-02,GLD,183.375,183.859,182.914,183.378,183.378,9557813
2022-08-03,GLD,182.823,184.482,182.753,184.0,184.0,17504036
2022-08-04,GLD,184.118,188.02,183.854,187.934,187.934,11087807
2022-08-05,GLD,188.02,188.29,187.432,187.603,187.603,6313213
2022-08-08,GLD,187.901,187.926,185.461,185.513,185.513,9408524
2022-08-09,GLD,185.088,187.23,184.517,186.831,186.831,14008808
2022-08-10,GLD,186.759,187.311,183.743,184.332,184.332,10244623
2022-08-11,GLD,183.861,184.554,183.572,183.89,183.89,9821124
2022-08-12,GLD,183.8,184.618,182.091,182.596,182.596,12156991
2022-08-15,GLD,183.138,183.541,179.731,181.088,181.088,8965007
2022-08-16,GLD,180.972,181.164,180.381,180.569,180.569,9367800
2022-08-17,GLD,180.075,182.663,179.485,182.553,182.553,7165976
2022-08-18,GLD,182.304,185.102,182.075,185.014,185.014,15186462
2022-08-19,GLD,184.418,187.909,184.232,187.106,187.106,6332166
2022-08-22,GLD,186.621,187.935,186.494,187.887,187.887,10508400
2022-08-23,GLD,188.139,188.34,186.874,187.331,187.331,11439654
2022-08-24,GLD,186.789,186.94,181.911,182.128,182.128,9959047
2022-08-25,GLD,182.242,183.233,182.178,182.957,182.957,6238412
2022-08-26,GLD,182.966,183.334,177.142,178.043,178.043,7003708
2022-08-29,GLD,177.854,178.12,173.618,174.003,174.003,11567551
2022-08-30,GLD,174.082,174.951,173.471,173.688,173.688,7660362
2022-08-31,GLD,173.362,174.634,173.169,174.262,174.262,3783948
2022-09-01,GLD,174.556,174.736,172.934,173.344,173.344,11160935
2022-09-02,GLD,173.102,177.11,172.996,176.59,176.59,7382514
2022-09-05,GLD,176.454,178.44,175.86,177.595,177.595,11893658
2022-09-06,GLD,177.415,178.148,176.611,177.087,177.087,9395136
2022-09-07,GLD,177.331,180.78,176.662,180.08,180.08,9250563
2022-09-08,GLD,180.276,184.749,179.637,183.518,183.518,10156715
2022-09-09,GLD,182.556,185.234,181.711,184.674,184.674,6584520
2022-09-12,GLD,184.768,185.01,181.851,182.987,182.987,7523641
2022-09-13,GLD,182.349,183.055,180.862,181.806,181.806,9220228
2022-09-14,GLD,181.682,182.023,178.517,178.7,178.7,6566971
2022-09-15,GLD,178.661,178.873,178.52,178.632,178.632,12141453
2022-09-16,GLD,178.506,178.54,175.449,176.417,176.417,9077863
2022-09-19,GLD,176.594,177.319,175.739,175.745,175.745,5651690
2022-09-20,GLD,175.998,176.77,175.724,176.318,176.318,8322913
2022-09-21,GLD,176.045,176.553,172.169,172.192,172.192,10303608
2022-09-22,GLD,171.913,172.035,168.661,169.622,169.622,8661729
2022-09-23,GLD,169.61,169.975,168.47,168.615,168.615,11199448
2022-09-26,GLD,168.095,168.886,167.769,168.53,168.53,11722109
2022-09-27,GLD,168.37,168.708,167.04,167.556,167.556,17205101
2022-09-28,GLD,168.008,168.697,166.951,167.034,167.034,13451933
2022-09-29,GLD,166.531,167.131,165.431,165.646,165.646,5090889
2022-09-30,GLD,165.533,165.709,162.265,162.811,162.811,8919303
2022-10-03,GLD,162.618,162.662,160.959,161.79,161.79,9200076
2022-10-04,GLD,162.439,163.284,161.214,161.397,161.397,11725213
2022-10-05,GLD,161.223,161.231,160.729,160.818,160.818,7199242
2022-10-06,GLD,160.663,161.508,160.56,161.054,161.054,8406244
2022-10-07,GLD,160.722,162.837,160.409,161.886,161.886,6266764
2022-10-10,GLD,161.889,163.646,161.628,163.237,163.237,8193203
2022-10-11,GLD,163.325,163.814,161.329,162.021,162.021,8305103
2022-10-12,GLD,161.734,162.336,157.895,159.007,159.007,9060983
2022-10-13,GLD,159.321,161.616,159.121,161.472,161.472,6440462
2022-10-14,GLD,161.56,162.587,161.324,162.242,162.242,12946077
2022-10-17,GLD,162.518,162.735,160.301,160.414,160.414,11416642
2022-10-18,GLD,160.309,162.036,159.22,160.97,160.97,5653511
2022-10-19,GLD,161.048,163.28,161.019,163.067,163.067,10077919
2022-10-20,GLD,162.998,166.671,162.65,166.508,166.508,5304235
2022-10-21,GLD,166.993,167.598,166.152,167.03,167.03,14026767
2022-10-24,GLD,167.069,169.789,166.881,169.19,169.19,14842325
2022-10-25,GLD,169.192,169.196,166.375,166.773,166.773,9832788
2022-10-26,GLD,166.62,167.476,165.594,166.722,166.722,7442064
2022-10-27,GLD,166.55,166.561,165.78,166.075,166.075,8007192
2022-10-28,GLD,166.154,167.278,165.807,166.78,166.78,8638774
2022-10-31,GLD,167.053,170.275,166.945,170.058,170.058,9679518
2022-11-01,GLD,169.825,170.593,169.517,170.59,170.59,14111409
2022-11-02,GLD,170.633,171.097,168.527,168.703,168.703,12866805
2022-11-03,GLD,168.765,169.012,165.654,166.186,166.186,12913014
2022-11-04,GLD,166.305,169.901,165.81,169.522,169.522,10511735
2022-11-07,GLD,168.943,170.959,168.113,170.592,170.592,6539165
2022-11-08,GLD,170.277,172.053,169.564,171.534,171.534,7689830
2022-11-09,GLD,171.065,171.313,169.809,170.85,170.85,10182164
2022-11-10,GLD,170.861,171.882,170.383,171.422,171.422,6396700
2022-11-11,GLD,171.113,171.414,168.783,169.425,169.425,10911949
2022-11-14,GLD,169.257,170.338,168.46,170.236,170.236,12415371
2022-11-15,GLD,169.829,170.438,167.769,167.874,167.874,11636036
2022-11-16,GLD,167.739,168.688,166.6,167.173,167.173,11515568
2022-11-17,GLD,166.797,167.136,165.752,165.91,165.91,4401152
2022-11-18,GLD,166.161,166.385,159.547,159.57,159.57,14000067
2022-11-21,GLD,159.723,160.078,158.885,158.928,158.928,5297844
2022-11-22,GLD,158.975,159.198,156.711,157.243,157.243,9541752
2022-11-23,GLD,157.148,157.171,156.003,156.866,156.866,11855631
2022-11-24,GLD,156.227,156.903,156.003,156.89,156.89,11075793
2022-11-25,GLD,156.746,160.765,156.214,160.274,160.274,6166491
2022-11-28,GLD,160.03,161.287,159.843,160.882,160.882,6705023
2022-11-29,GLD,160.961,161.564,160.174,161.549,161.549,10861215
2022-11-30,GLD,161.749,163.24,161.553,162.533,162.533,11532535
2022-12-01,GLD,162.639,164.714,162.224,164.263,164.263,6678388
2022-12-02,GLD,164.678,165.493,164.265,165.182,165.182,11177778
2022-12-05,GLD,164.995,166.383,164.984,165.763,165.763,5454180
2022-12-06,GLD,165.561,168.49,164.984,167.205,167.205,11873168
2022-12-07,GLD,167.552,168.523,162.422,162.427,162.427,7348475
2022-12-08,GLD,162.481,167.241,162.424,166.572,166.572,10241540
2022-12-09,GLD,166.49,170.054,166.186,169.802,169.802,9737807
2022-12-12,GLD,170.429,170.647,169.358,170.266,170.266,13481972
2022-12-13,GLD,170.463,171.038,167.23,167.425,167.425,10726390
2022-12-14,GLD,167.361,170.064,166.357,169.896,169.896,8202694
2022-12-15,GLD,169.663,170.755,168.407,168.509,168.509,11078778
2022-12-16,GLD,168.956,169.78,168.804,169.614,169.614,16427240
2022-12-19,GLD,169.684,169.795,166.943,167.044,167.044,12220369
2022-12-20,GLD,167.052,172.644,166.973,171.589,171.589,9822499
2022-12-21,GLD,171.821,171.844,167.914,168.666,168.666,7499161
2022-12-22,GLD,168.963,169.509,168.759,168.828,168.828,8150525
2022-12-23,GLD,169.013,169.342,164.552,164.603,164.603,12039979
2022-12-26,GLD,164.894,165.016,164.159,164.543,164.543,7342592
2022-12-27,GLD,164.692,165.661,162.868,163.726,163.726,10008066
2022-12-28,GLD,163.908,166.125,163.746,165.997,165.997,14312857
2022-12-29,GLD,165.754,165.968,165.052,165.173,165.173,10451177
2022-12-30,GLD,165.771,167.574,165.244,167.467,167.467,6762605
2023-01-02,GLD,167.054,167.867,165.42,165.443,165.443,16533544
2023-01-03,GLD,165.545,165.647,164.834,164.905,164.905,15287345
2023-01-04,GLD,164.464,164.836,164.1,164.408,164.408,11503530
2023-01-05,GLD,164.376,165.709,163.985,165.41,165.41,13827266
2023-01-06,GLD,165.221,166.31,165.02,166.164,166.164,9199061
2023-01-09,GLD,166.209,168.364,166.097,167.632,167.632,12173363
2023-01-10,GLD,167.746,168.516,167.449,168.191,168.191,8729381
2023-01-11,GLD,167.869,169.766,167.435,169.553,169.553,5933755
2023-01-12,GLD,169.543,169.972,167.692,167.757,167.757,17775768
2023-01-13,GLD,168.225,168.702,167.758,168.563,168.563,5780386
2023-01-16,GLD,168.121,172.738,168.017,171.87,171.87,10892674
2023-01-17,GLD,171.576,171.851,168.341,168.461,168.461,10857630
2023-01-18,GLD,168.751,169.479,168.595,169.474,169.474,11548017
2023-01-19,GLD,169.5,171.591,168.807,170.878,170.878,9730947
2023-01-20,GLD,170.93,173.938,170.678,173.923,173.923,9762250
2023-01-23,GLD,174.278,175.491,174.142,175.467,175.467,10415235
2023-01-24,GLD,175.189,175.921,174.853,175.701,175.701,11439605
2023-01-25,GLD,175.519,176.949,175.435,176.633,176.633,9994551
2023-01-26,GLD,176.406,176.747,175.007,175.104,175.104,9794917
2023-01-27,GLD,174.982,175.033,174.057,174.313,174.313,6036670
2023-01-30,GLD,174.78,175.263,170.765,171.563,171.563,16041047
2023-01-31,GLD,170.979,174.794,170.804,174.674,174.674,11607097
2023-02-01,GLD,174.257,176.665,174.076,175.643,175.643,10626720
2023-02-02,GLD,175.163,175.711,173.595,173.745,173.745,8126598
2023-02-03,GLD,174.232,174.495,173.69,174.334,174.334,6989157
2023-02-06,GLD,174.12,177.622,173.743,176.799,176.799,12579959
2023-02-07,GLD,176.683,179.383,175.744,178.94,178.94,9520413
2023-02-08,GLD,178.363,179.695,176.612,176.982,176.982,11863194
2023-02-09,GLD,176.889,177.134,169.684,170.472,170.472,5943550
2023-02-10,GLD,170.767,172.334,170.594,171.305,171.305,14640565
2023-02-13,GLD,171.391,172.419,169.13,169.513,169.513,12704132
2023-02-14,GLD,169.476,171.704,168.976,170.805,170.805,9756812
2023-02-15,GLD,170.271,173.547,169.778,172.786,172.786,11402876
2023-02-16,GLD,172.673,175.282,172.194,175.133,175.133,12223013
2023-02-17,GLD,175.185,179.166,174.76,178.861,178.861,5989058
2023-02-20,GLD,178.507,181.844,178.22,181.558,181.558,15033481
2023-02-21,GLD,181.796,185.995,181.261,185.434,185.434,11449783
2023-02-22,GLD,185.762,188.836,184.64,188.552,188.552,7887693
2023-02-23,GLD,188.353,192.465,188.194,191.924,191.924,6710225
2023-02-24,GLD,192.202,192.304,190.589,191.854,191.854,12961293
2023-02-27,GLD,191.812,192.58,188.622,188.933,188.933,10633478
2023-02-28,GLD,189.366,194.896,188.745,194.67,194.67,11447803
2023-03-01,GLD,195.462,195.673,193.083,194.842,194.842,10079994
2023-03-02,GLD,194.416,198.082,194.276,197.761,197.761,6991769
2023-03-03,GLD,198.066,198.901,195.75,196.485,196.485,11525853
2023-03-06,GLD,196.998,199.296,196.694,198.796,198.796,9407395
2023-03-07,GLD,198.41,198.666,193.035,193.073,193.073,9934927
2023-03-08,GLD,192.851,193.306,191.763,192.149,192.149,17131008
2023-03-09,GLD,191.924,192.18,191.391,191.947,191.947,12607207
2023-03-10,GLD,191.896,193.35,191.65,193.04,193.04,12780295
2023-03-13,GLD,192.902,195.58,192.673,195.564,195.564,18161569
2023-03-14,GLD,195.487,195.949,192.94,193.038,193.038,11153722
2023-03-15,GLD,193.361,195.466,192.85,194.598,194.598,10359123
2023-03-16,GLD,193.86,197.922,193.47,197.509,197.509,7962378
2023-03-17,GLD,197.124,203.429,196.879,203.174,203.174,8642344
2023-03-20,GLD,203.446,204.999,202.836,204.93,204.93,3858689
2023-03-21,GLD,205.157,205.503,203.397,203.829,203.829,12371270
2023-03-22,GLD,203.398,203.767,200.38,200.768,200.768,6199237
2023-03-23,GLD,200.992,205.898,200.854,205.25,205.25,12708208
2023-03-24,GLD,205.794,207.957,204.712,207.1,207.1,9870922
2023-03-27,GLD,207.08,207.696,206.435,207.072,207.072,10384176
2023-03-28,GLD,206.655,206.752,202.858,203.112,203.112,9872896
2023-03-29,GLD,203.467,203.733,200.047,200.881,200.881,14158223
2023-03-30,GLD,201.573,204.148,201.352,202.434,202.434,13628327
2023-03-31,GLD,202.075,203.926,201.595,203.321,203.321,9913326
2023-04-03,GLD,203.337,203.875,198.25,198.653,198.653,7302988
2023-04-04,GLD,199.086,200.392,198.864,200.192,200.192,12771667
2023-04-05,GLD,200.239,200.276,196.442,196.485,196.485,7076275
2023-04-06,GLD,195.798,199.84,195.687,199.729,199.729,5335416
2023-04-07,GLD,199.906,200.562,199.018,200.255,200.255,11495050
2023-04-10,GLD,199.863,200.119,198.33,199.17,199.17,13655470
2023-04-11,GLD,198.664,201.768,198.269,201.576,201.576,8784744
2023-04-12,GLD,200.88,204.085,200.429,202.459,202.459,11213553
2023-04-13,GLD,202.941,206.391,202.824,205.73,205.73,8752979
2023-04-14,GLD,205.387,206.274,204.786,205.955,205.955,12165980
2023-04-17,GLD,206.092,206.681,206.058,206.325,206.325,13285089
2023-04-18,GLD,206.564,207.704,204.686,205.646,205.646,9211404
2023-04-19,GLD,205.713,206.923,203.912,206.322,206.322,6917191
2023-04-20,GLD,206.445,210.712,206.367,210.596,210.596,5628908
2023-04-21,GLD,210.757,211.963,208.99,209.356,209.356,12777065
2023-04-24,GLD,209.414,211.371,208.793,211.018,211.018,6590301
2023-04-25,GLD,210.697,211.233,207.44,208.826,208.826,11116073
2023-04-26,GLD,208.472,209.094,202.974,203.737,203.737,12332221
2023-04-27,GLD,203.694,205.151,203.478,204.271,204.271,8496094
2023-04-28,GLD,204.22,205.65,203.683,205.207,205.207,9501367
2023-05-01,GLD,205.383,205.594,204.301,204.963,204.963,12997130
2023-05-02,GLD,205.414,205.488,200.689,201.342,201.342,7575419
2023-05-03,GLD,201.48,203.071,200.918,202.104,202.104,7270865
2023-05-04,GLD,201.776,203.299,200.72,202.777,202.777,9296826
2023-05-05,GLD,201.892,202.069,200.609,200.651,200.651,13833738
2023-05-08,GLD,200.343,200.809,197.053,197.444,197.444,14832193
2023-05-09,GLD,196.913,197.249,196.255,196.872,196.872,9703651
2023-05-10,GLD,196.584,198.806,196.501,198.446,198.446,7863635
2023-05-11,GLD,198.542,199.922,197.644,199.466,199.466,13192344
2023-05-12,GLD,199.5,199.832,196.988,197.394,197.394,4992113
2023-05-15,GLD,198.128,199.131,197.636,197.744,197.744,10742833
2023-05-16,GLD,197.935,199.953,196.992,199.886,199.886,9868259
2023-05-17,GLD,200.649,200.796,196.293,197.118,197.118,13881484
2023-05-18,GLD,197.4,198.198,197.095,197.293,197.293,14185056
2023-05-19,GLD,197.721,200.895,196.074,200.516,200.516,7172414
2023-05-22,GLD,200.372,200.564,197.35,197.496,197.496,10503034
2023-05-23,GLD,197.072,200.714,196.423,200.28,200.28,8288187
2023-05-24,GLD,200.1,205.779,199.864,204.235,204.235,9120018
2023-05-25,GLD,204.23,205.645,203.166,203.717,203.717,11852163
2023-05-26,GLD,203.461,203.529,202.755,202.907,202.907,8995318
2023-05-29,GLD,202.5,205.784,202.22,205.464,205.464,10581776
2023-05-30,GLD,205.635,205.638,203.562,205.032,205.032,12871816
2023-05-31,GLD,204.619,204.833,198.779,199.349,199.349,14545485
2023-06-01,GLD,198.737,199.209,198.453,199.138,199.138,10866040
2023-06-02,GLD,198.691,200.315,198.229,200.291,200.291,10353296
2023-06-05,GLD,200.197,203.025,200.084,202.103,202.103,6678130
2023-06-06,GLD,201.703,201.862,199.399,200.004,200.004,14757395
2023-06-07,GLD,199.913,199.938,198.853,199.383,199.383,11487103
2023-06-08,GLD,199.623,201.949,199.107,201.76,201.76,10408675
2023-06-09,GLD,201.992,202.039,201.532,201.641,201.641,10255148
2023-06-12,GLD,201.374,201.592,197.013,198.001,198.001,11081960
2023-06-13,GLD,197.484,201.516,196.582,200.989,200.989,12315371
2023-06-14,GLD,200.758,201.079,200.409,200.499,200.499,12686652
2023-06-15,GLD,200.762,204.018,200.421,203.168,203.168,14832406
2023-06-16,GLD,203.529,203.831,199.466,199.819,199.819,10728066
2023-06-19,GLD,199.96,200.079,199.392,199.555,199.555,15262604
2023-06-20,GLD,200.034,201.176,199.387,200.805,200.805,13173170
2023-06-21,GLD,201.499,202.697,200.333,200.621,200.621,9819606
2023-06-22,GLD,200.427,201.692,197.756,197.818,197.818,4997879
2023-06-23,GLD,198.406,198.569,191.299,192.257,192.257,10256687
2023-06-26,GLD,192.157,197.112,191.824,195.829,195.829,14675433
2023-06-27,GLD,196.228,196.95,195.626,196.438,196.438,7674211
2023-06-28,GLD,196.716,199.901,196.711,199.233,199.233,10247388
2023-06-29,GLD,198.445,201.712,196.839,201.491,201.491,10495657
2023-06-30,GLD,201.102,203.186,200.949,202.966,202.966,12826380
2023-07-03,GLD,202.47,202.675,201.365,202.21,202.21,8836565
2023-07-04,GLD,201.49,203.542,201.121,203.428,203.428,7391849
2023-07-05,GLD,203.786,207.372,202.898,206.982,206.982,11710006
2023-07-06,GLD,207.838,208.764,205.701,207.215,207.215,7769839
2023-07-07,GLD,207.108,212.205,206.601,212.025,212.025,4493484
2023-07-10,GLD,212.387,213.204,207.752,208.271,208.271,15521116
2023-07-11,GLD,208.889,209.752,203.889,204.319,204.319,12781092
2023-07-12,GLD,204.404,207.019,203.927,206.782,206.782,15650163
2023-07-13,GLD,206.772,207.039,203.538,204.787,204.787,12622038
2023-07-14,GLD,204.686,211.149,204.454,209.897,209.897,12041095
2023-07-17,GLD,210.123,213.947,209.534,213.32,213.32,11108607
2023-07-18,GLD,213.693,218.386,213.376,217.451,217.451,9441915
2023-07-19,GLD,217.652,220.23,217.546,219.799,219.799,11536320
2023-07-20,GLD,219.987,220.229,216.585,217.409,217.409,8340303
2023-07-21,GLD,217.387,219.021,211.932,213.15,213.15,6792312
2023-07-24,GLD,212.471,217.899,211.398,217.037,217.037,9003323
2023-07-25,GLD,217.427,217.697,213.171,213.194,213.194,13874477
2023-07-26,GLD,212.646,217.534,212.619,217.315,217.315,6302780
2023-07-27,GLD,217.584,219.684,217.304,219.096,219.096,6350450
2023-07-28,GLD,219.428,220.072,218.28,218.924,218.924,11773927
2023-07-31,GLD,218.425,220.621,218.256,220.117,220.117,8754764
2023-08-01,GLD,219.849,221.762,218.579,221.377,221.377,11456485
2023-08-02,GLD,222.317,222.859,220.139,220.868,220.868,12969572
2023-08-03,GLD,220.833,225.244,219.929,224.708,224.708,11384597
2023-08-04,GLD,224.16,229.576,223.354,228.521,228.521,8103263
2023-08-07,GLD,228.887,229.011,228.334,228.978,228.978,13848801
2023-08-08,GLD,228.624,228.987,226.87,227.364,227.364,12226368
2023-08-09,GLD,226.491,231.495,225.592,230.985,230.985,10080484
2023-08-10,GLD,231.225,231.894,224.82,225.475,225.475,9935252
2023-08-11,GLD,225.061,227.908,224.428,226.708,226.708,11121978
2023-08-14,GLD,226.854,229.315,226.09,228.758,228.758,9064049
2023-08-15,GLD,228.386,228.826,224.654,226.524,226.524,5106386
2023-08-16,GLD,226.845,229.581,226.748,229.216,229.216,12250473
2023-08-17,GLD,229.3,230.109,228.809,229.173,229.173,12072229
2023-08-18,GLD,227.986,229.12,226.927,227.706,227.706,3096802
2023-08-21,GLD,227.88,230.999,227.224,230.383,230.383,11532028
2023-08-22,GLD,230.249,230.29,226.22,227.43,227.43,15269451
2023-08-23,GLD,228.074,230.258,227.405,229.844,229.844,6617085
2023-08-24,GLD,230.026,230.199,223.977,224.47,224.47,9780126
2023-08-25,GLD,224.809,225.97,224.661,225.269,225.269,9454053
2023-08-28,GLD,224.949,225.911,224.414,225.417,225.417,14981236
2023-08-29,GLD,225.06,225.147,222.966,223.99,223.99,13362841
2023-08-30,GLD,223.979,225.838,223.641,225.069,225.069,7364752
2023-08-31,GLD,224.906,225.627,224.417,224.883,224.883,11026356
2023-09-01,GLD,225.484,228.29,224.809,227.776,227.776,16908016
2023-09-04,GLD,227.706,230.221,227.437,229.341,229.341,8125876
2023-09-05,GLD,228.78,230.702,228.374,230.62,230.62,9966539
2023-09-06,GLD,230.238,233.321,229.62,231.459,231.459,11540522
2023-09-07,GLD,231.906,232.225,228.487,230.181,230.181,8169836
2023-09-08,GLD,230.104,230.616,228.872,229.378,229.378,15289609
2023-09-11,GLD,229.276,230.824,228.786,230.091,230.091,8581995
2023-09-12,GLD,230.579,231.428,229.15,229.643,229.643,5832895
2023-09-13,GLD,229.222,233.311,227.876,232.756,232.756,8425054
2023-09-14,GLD,231.715,233.244,231.346,233.047,233.047,11959060
2023-09-15,GLD,232.649,234.955,231.982,234.13,234.13,7605478
2023-09-18,GLD,234.244,234.344,230.059,230.252,230.252,10906598
2023-09-19,GLD,230.137,235.387,229.872,232.903,232.903,11687651
2023-09-20,GLD,232.176,232.505,231.14,231.313,231.313,6373198
2023-09-21,GLD,231.784,232.054,228.259,228.467,228.467,8308893
2023-09-22,GLD,228.541,233.61,227.494,233.054,233.054,11046913
2023-09-25,GLD,233.236,235.842,232.585,235.044,235.044,12107236
2023-09-26,GLD,235.241,238.232,234.888,237.846,237.846,8383648
2023-09-27,GLD,237.228,239.795,236.484,239.177,239.177,10455317
2023-09-28,GLD,239.322,239.478,238.522,238.941,238.941,9148191
2023-09-29,GLD,239.374,240.431,237.47,238.171,238.171,12183551
2023-10-02,GLD,238.714,241.414,237.87,240.439,240.439,11558241
2023-10-03,GLD,240.786,244.721,240.385,243.76,243.76,8879551
2023-10-04,GLD,244.01,244.278,242.41,243.592,243.592,11435332
2023-10-05,GLD,242.745,251.197,242.196,249.758,249.758,8762205
2023-10-06,GLD,249.75,249.801,248.224,249.199,249.199,11372086
2023-10-09,GLD,248.722,248.934,244.969,245.096,245.096,11413884
2023-10-10,GLD,245.725,246.555,238.689,240.116,240.116,17113140
2023-10-11,GLD,240.658,241.548,234.399,235.331,235.331,8991213
2023-10-12,GLD,234.884,235.476,233.715,234.196,234.196,9576195
2023-10-13,GLD,234.174,234.331,232.859,233.574,233.574,8058305
2023-10-16,GLD,233.69,236.447,232.948,235.526,235.526,6901529
2023-10-17,GLD,235.95,236.743,235.042,235.475,235.475,8630619
2023-10-18,GLD,234.686,238.486,233.417,237.9,237.9,11995302
2023-10-19,GLD,236.849,238.087,236.494,238.059,238.059,12212385
2023-10-20,GLD,238.077,239.007,237.789,238.128,238.128,10887040
2023-10-23,GLD,236.923,236.96,236.165,236.514,236.514,9112705
2023-10-24,GLD,236.589,241.106,236.411,240.617,240.617,8519875
2023-10-25,GLD,240.902,241.633,235.903,236.265,236.265,7249508
2023-10-26,GLD,236.849,238.43,235.892,237.151,237.151,8329337
2023-10-27,GLD,236.856,236.887,235.76,236.665,236.665,6114616
2023-10-30,GLD,236.742,239.115,235.679,238.926,238.926,14073575
2023-10-31,GLD,239.238,240.239,238.87,238.897,238.897,15511454
2023-11-01,GLD,238.335,240.008,238.291,238.953,238.953,4192412
2023-11-02,GLD,239.39,239.708,237.661,238.22,238.22,10867791
2023-11-03,GLD,238.35,242.997,238.037,242.267,242.267,10818076
2023-11-06,GLD,241.974,243.264,240.913,242.305,242.305,10626426
2023-11-07,GLD,242.373,249.28,241.725,248.132,248.132,8221767
2023-11-08,GLD,248.063,250.165,247.06,248.976,248.976,13067542
2023-11-09,GLD,249.364,249.49,248.536,249.072,249.072,11231432
2023-11-10,GLD,248.893,248.969,248.643,248.67,248.67,13102365
2023-11-13,GLD,248.783,251.188,248.212,250.392,250.392,7787464
2023-11-14,GLD,250.081,250.247,248.483,248.662,248.662,5850452
2023-11-15,GLD,248.195,249.328,247.95,249.129,249.129,11304717
2023-11-16,GLD,249.214,249.574,248.468,249.185,249.185,7111169
2023-11-17,GLD,248.738,251.718,247.758,250.191,250.191,13163799
2023-11-20,GLD,250.592,251.601,250.074,251.277,251.277,3620136
2023-11-21,GLD,251.574,253.379,250.925,252.524,252.524,8594380
2023-11-22,GLD,252.138,253.949,251.115,252.844,252.844,8152234
2023-11-23,GLD,252.952,258.815,252.558,257.683,257.683,9002870
2023-11-24,GLD,257.286,259.383,256.128,259.026,259.026,10783297
2023-11-27,GLD,258.194,268.775,258.175,267.288,267.288,11188707
2023-11-28,GLD,266.969,268.292,265.745,267.482,267.482,11919213
2023-11-29,GLD,267.455,270.729,265.782,270.612,270.612,12264959
2023-11-30,GLD,270.895,271.898,267.905,268.299,268.299,9485423
2023-12-01,GLD,268.379,273.47,268.242,272.882,272.882,16326113
2023-12-04,GLD,273.377,273.536,269.672,270.62,270.62,14161271
2023-12-05,GLD,270.089,272.542,270.076,272.139,272.139,9064035
2023-12-06,GLD,271.934,272.999,270.753,271.312,271.312,9589379
2023-12-07,GLD,272.204,273.909,271.793,272.822,272.822,9000857
2023-12-08,GLD,271.769,273.629,271.214,272.09,272.09,11089896
2023-12-11,GLD,271.844,272.232,269.513,269.559,269.559,7084187
2023-12-12,GLD,268.982,269.464,268.22,268.716,268.716,7631388
2023-12-13,GLD,268.611,274.255,267.27,273.769,273.769,3497901
2023-12-14,GLD,273.531,276.094,272.796,275.343,275.343,8804020
2023-12-15,GLD,275.675,276.507,270.726,271.152,271.152,13194278
2023-12-18,GLD,271.291,275.358,270.34,274.775,274.775,9543697
2023-12-19,GLD,274.057,274.063,271.659,271.886,271.886,9711514
2023-12-20,GLD,271.566,274.486,271.164,274.357,274.357,10834477
2023-12-21,GLD,274.357,276.757,274.013,276.22,276.22,6993288
2023-12-22,GLD,276.628,278.466,275.686,278.306,278.306,10075859
2023-12-25,GLD,279.66,285.981,278.811,284.6,284.6,12670988
2023-12-26,GLD,285.0,285.973,281.683,281.82,281.82,10919689
2023-12-27,GLD,281.25,284.148,281.024,283.93,283.93,12934494
2023-12-28,GLD,283.877,288.757,281.75,288.291,288.291,13792396
2023-12-29,GLD,288.395,289.348,285.6,286.11,286.11,11987769
2024-01-01,GLD,285.813,286.439,282.618,283.598,283.598,7859899
2024-01-02,GLD,283.864,284.572,281.356,282.658,282.658,8967594
2024-01-03,GLD,281.374,284.386,281.038,283.798,283.798,15794467
2024-01-04,GLD,284.112,286.643,278.738,279.071,279.071,10942506
2024-01-05,GLD,278.805,281.44,277.691,280.959,280.959,10542870
2024-01-08,GLD,280.897,283.361,276.052,276.286,276.286,7420122
2024-01-09,GLD,277.096,281.056,275.448,280.643,280.643,9725617
2024-01-10,GLD,279.935,283.05,279.079,282.415,282.415,12149121
2024-01-11,GLD,282.569,289.7,281.996,289.01,289.01,10044537
2024-01-12,GLD,289.469,293.444,289.085,291.376,291.376,8441865
2024-01-15,GLD,291.476,291.907,289.433,290.35,290.35,9137842
2024-01-16,GLD,289.412,289.904,287.485,287.617,287.617,13575476
2024-01-17,GLD,288.394,288.656,287.238,288.48,288.48,12003342
2024-01-18,GLD,288.358,288.785,288.352,288.412,288.412,11602121
2024-01-19,GLD,288.108,292.591,287.788,292.584,292.584,11322646
2024-01-22,GLD,292.402,292.705,288.11,289.378,289.378,6450910
2024-01-23,GLD,289.157,298.098,288.944,296.52,296.52,10817047
2024-01-24,GLD,295.814,302.148,295.089,301.129,301.129,13204022
2024-01-25,GLD,301.228,301.811,299.087,300.433,300.433,9217235
2024-01-26,GLD,300.074,307.091,299.909,307.024,307.024,12932284
2024-01-29,GLD,307.436,307.896,303.485,304.191,304.191,11635680
2024-01-30,GLD,304.506,305.963,303.946,304.982,304.982,12483019
2024-01-31,GLD,305.973,307.315,300.302,300.384,300.384,10152809
2024-02-01,GLD,300.257,309.334,299.535,307.154,307.154,12659757
2024-02-02,GLD,306.66,306.867,300.889,301.18,301.18,5605955
2024-02-05,GLD,300.294,300.419,295.342,296.056,296.056,10099437
2024-02-06,GLD,297.355,298.562,293.411,293.848,293.848,12139045
2024-02-07,GLD,294.237,300.118,293.75,298.586,298.586,10888899
2024-02-08,GLD,298.172,303.815,297.853,302.065,302.065,13286871
2024-02-09,GLD,303.088,303.509,301.798,302.547,302.547,9528704
2024-02-12,GLD,303.367,306.326,301.986,306.308,306.308,8357634
2024-02-13,GLD,305.48,307.938,305.156,305.923,305.923,5082775
2024-02-14,GLD,305.462,308.46,305.363,307.517,307.517,9181100
2024-02-15,GLD,307.435,315.378,307.317,313.713,313.713,11550625
2024-02-16,GLD,313.041,314.15,312.337,312.826,312.826,12283026
2024-02-19,GLD,312.765,313.908,309.387,310.002,310.002,5802443
2024-02-20,GLD,310.443,312.374,310.293,311.796,311.796,13525975
2024-02-21,GLD,310.94,315.01,309.893,314.619,314.619,7076738
2024-02-22,GLD,314.803,316.257,314.2,315.076,315.076,9636556
2024-02-23,GLD,315.812,320.494,315.258,318.934,318.934,8293551
2024-02-26,GLD,319.189,319.863,318.075,318.205,318.205,11251750
2024-02-27,GLD,318.157,319.679,317.632,318.733,318.733,10282224
2024-02-28,GLD,318.307,321.109,317.558,320.21,320.21,12033906
2024-02-29,GLD,320.742,321.749,320.147,321.357,321.357,15531414
2024-03-01,GLD,320.601,328.191,320.387,327.681,327.681,11193557
2024-03-04,GLD,327.84,329.945,327.1,329.179,329.179,8269961
2024-03-05,GLD,329.196,329.485,327.157,328.023,328.023,11383207
2024-03-06,GLD,328.761,331.183,328.453,330.15,330.15,15835418
2024-03-07,GLD,329.765,334.974,328.826,334.214,334.214,11969021
2024-03-08,GLD,333.881,337.62,333.742,337.376,337.376,12837081
2024-03-11,GLD,336.538,340.844,336.268,340.343,340.343,5219271
2024-03-12,GLD,340.64,341.416,332.127,334.322,334.322,11160636
2024-03-13,GLD,334.038,335.341,323.566,324.512,324.512,9195947
2024-03-14,GLD,323.952,331.497,323.061,329.558,329.558,7959625
2024-03-15,GLD,329.053,331.838,328.738,331.341,331.341,9933048
2024-03-18,GLD,331.696,332.025,331.183,331.297,331.297,10325902
2024-03-19,GLD,330.566,335.875,330.412,334.112,334.112,8126824
2024-03-20,GLD,333.434,343.365,333.148,341.973,341.973,10565391
2024-03-21,GLD,342.586,348.042,341.882,347.867,347.867,9479539
2024-03-22,GLD,347.752,352.421,347.03,351.952,351.952,12107317
2024-03-25,GLD,352.625,353.085,346.381,348.271,348.271,10682725
2024-03-26,GLD,348.021,348.929,344.801,345.167,345.167,11127770
2024-03-27,GLD,345.166,348.224,334.798,335.466,335.466,12938164
2024-03-28,GLD,335.571,338.905,334.881,338.069,338.069,11664868
2024-03-29,GLD,339.007,342.763,338.92,342.64,342.64,9981747
2024-04-01,GLD,343.535,347.75,342.993,347.613,347.613,3739225
2024-04-02,GLD,348.415,353.121,346.606,350.487,350.487,11541184
2024-04-03,GLD,350.046,350.401,348.355,349.884,349.884,7264230
2024-04-04,GLD,349.194,350.231,346.504,347.568,347.568,9741287
2024-04-05,GLD,348.096,349.988,342.863,344.186,344.186,11113141
2024-04-08,GLD,345.134,345.828,341.907,343.556,343.556,13999087
2024-04-09,GLD,344.355,345.051,339.361,339.591,339.591,15526968
2024-04-10,GLD,339.6,348.204,338.591,346.867,346.867,7236345
2024-04-11,GLD,347.372,348.149,341.083,341.532,341.532,6052411
2024-04-12,GLD,342.041,343.729,339.244,340.769,340.769,10977152
2024-04-15,GLD,340.871,341.429,331.457,332.985,332.985,10727283
2024-04-16,GLD,333.113,335.452,332.858,334.215,334.215,6394372
2024-04-17,GLD,334.281,336.88,333.708,334.248,334.248,9950191
2024-04-18,GLD,333.721,334.56,330.907,332.863,332.863,11792623
2024-04-19,GLD,332.406,333.504,329.118,329.2,329.2,6309545
2024-04-22,GLD,328.738,329.302,327.399,329.251,329.251,7016244
2024-04-23,GLD,328.198,329.547,327.029,327.149,327.149,8067520
2024-04-24,GLD,327.243,327.487,326.377,326.654,326.654,9363219
2024-04-25,GLD,326.627,335.971,326.146,334.46,334.46,12081915
2024-04-26,GLD,334.97,335.262,334.625,335.195,335.195,9020558
2024-04-29,GLD,336.04,337.727,334.816,337.388,337.388,10165950
2024-04-30,GLD,338.282,338.638,335.424,335.556,335.556,16738533
2024-05-01,GLD,336.508,336.669,331.805,332.455,332.455,7131069
2024-05-02,GLD,331.951,332.617,330.537,332.406,332.406,8041020
2024-05-03,GLD,331.454,344.242,331.145,342.589,342.589,12034267
2024-05-06,GLD,343.226,343.681,340.384,341.453,341.453,12964130
2024-05-07,GLD,342.397,344.25,341.941,342.981,342.981,11244403
2024-05-08,GLD,344.048,344.468,339.321,339.632,339.632,15426903
2024-05-09,GLD,339.961,340.772,327.299,328.628,328.628,10952368
2024-05-10,GLD,327.315,328.309,324.23,325.569,325.569,4071689
2024-05-13,GLD,325.807,336.076,325.413,335.047,335.047,10290987
2024-05-14,GLD,335.42,338.06,334.284,337.493,337.493,8287049
2024-05-15,GLD,338.338,345.557,338.124,344.248,344.248,14151435
2024-05-16,GLD,345.233,345.334,342.565,342.859,342.859,12893872
2024-05-17,GLD,343.482,344.871,333.075,333.34,333.34,5230928
2024-05-20,GLD,332.949,333.096,328.861,328.977,328.977,14050954
2024-05-21,GLD,328.3,331.232,327.23,330.59,330.59,12818103
2024-05-22,GLD,330.943,332.563,330.026,331.577,331.577,9026614
2024-05-23,GLD,331.051,332.048,331.04,331.577,331.577,9764674
2024-05-24,GLD,332.556,333.811,328.437,329.516,329.516,14176531
2024-05-27,GLD,328.393,333.556,328.056,333.296,333.296,4085464
2024-05-28,GLD,333.674,333.908,330.485,331.339,331.339,11336194
2024-05-29,GLD,331.551,333.48,330.528,332.608,332.608,13280229
2024-05-30,GLD,332.47,334.338,330.736,333.431,333.431,9733861
2024-05-31,GLD,332.814,333.337,331.783,332.002,332.002,11943729
2024-06-03,GLD,330.633,331.009,325.843,328.552,328.552,10309464
2024-06-04,GLD,328.202,328.492,325.285,326.913,326.913,7647882
2024-06-05,GLD,326.577,336.404,326.572,334.389,334.389,7572910
2024-06-06,GLD,335.132,339.374,334.735,338.926,338.926,12135788
2024-06-07,GLD,338.395,344.478,337.78,343.145,343.145,8092880
2024-06-10,GLD,343.456,343.794,339.517,339.966,339.966,5426257
2024-06-11,GLD,339.087,340.649,333.303,334.193,334.193,10367196
2024-06-12,GLD,334.514,339.394,333.936,338.663,338.663,8460756
2024-06-13,GLD,337.147,342.849,336.588,342.404,342.404,6402676
2024-06-14,GLD,343.839,345.078,342.711,343.012,343.012,10215242
2024-06-17,GLD,342.915,343.464,341.006,341.534,341.534,12301830
2024-06-18,GLD,339.625,340.72,334.771,335.629,335.629,10060450
2024-06-19,GLD,335.148,339.555,334.875,339.184,339.184,6801277
2024-06-20,GLD,338.59,344.315,338.191,344.091,344.091,11445411
2024-06-21,GLD,343.639,344.454,340.716,341.342,341.342,13105469
2024-06-24,GLD,341.093,342.128,338.181,338.276,338.276,16639102
2024-06-25,GLD,337.827,343.612,336.793,343.395,343.395,14325532
2024-06-26,GLD,342.834,345.374,338.958,340.804,340.804,6983925
2024-06-27,GLD,340.014,348.452,339.068,348.202,348.202,12574248
2024-06-28,GLD,348.774,348.97,346.108,347.791,347.791,10769572
2024-07-01,GLD,348.627,350.364,345.151,346.226,346.226,6543703
2024-07-02,GLD,346.05,347.344,345.572,346.458,346.458,10851386
2024-07-03,GLD,346.445,346.923,342.469,344.898,344.898,15756030
2024-07-04,GLD,344.121,349.981,342.852,349.635,349.635,13587593
2024-07-05,GLD,349.685,354.068,349.017,353.417,353.417,6959651
2024-07-08,GLD,353.58,358.564,353.472,358.108,358.108,10041152
2024-07-09,GLD,357.951,360.367,357.5,358.947,358.947,11475023
2024-07-10,GLD,359.232,360.326,354.36,357.033,357.033,4810289
2024-07-11,GLD,357.253,358.585,357.025,357.039,357.039,4913687
2024-07-12,GLD,356.287,357.104,354.113,355.266,355.266,10463884
2024-07-15,GLD,356.113,361.868,355.339,361.62,361.62,10503025
2024-07-16,GLD,361.469,367.763,360.547,366.042,366.042,4483543
2024-07-17,GLD,367.269,368.375,364.558,365.687,365.687,11163921
2024-07-18,GLD,365.994,366.156,360.677,361.69,361.69,13260888
2024-07-19,GLD,363.116,368.659,362.914,368.487,368.487,9345095
2024-07-22,GLD,369.353,370.081,368.173,369.139,369.139,10179435
2024-07-23,GLD,369.307,370.619,368.165,368.61,368.61,11714235
2024-07-24,GLD,368.077,376.032,366.457,375.577,375.577,11317088
2024-07-25,GLD,375.05,376.188,371.901,373.333,373.333,4994132
2024-07-26,GLD,373.731,375.223,370.332,371.955,371.955,7284636
2024-07-29,GLD,372.061,374.052,369.26,370.973,370.973,8812440
2024-07-30,GLD,370.536,371.094,363.395,365.205,365.205,7417519
2024-07-31,GLD,365.814,366.812,365.444,366.638,366.638,14400905
2024-08-01,GLD,366.667,367.189,362.28,363.346,363.346,11903428
2024-08-02,GLD,363.956,365.549,359.385,360.912,360.912,6670824
2024-08-05,GLD,360.208,360.508,357.512,357.92,357.92,9356993
2024-08-06,GLD,358.635,358.756,354.574,355.453,355.453,13391176
2024-08-07,GLD,355.809,355.926,350.828,351.937,351.937,8061282
2024-08-08,GLD,352.78,353.661,351.854,353.028,353.028,12554752
2024-08-09,GLD,353.718,355.261,351.444,352.415,352.415,14149539
2024-08-12,GLD,352.355,352.855,352.063,352.663,352.663,13648423
2024-08-13,GLD,352.546,364.983,352.021,362.812,362.812,10541212
2024-08-14,GLD,364.106,365.194,361.666,362.182,362.182,13753075
2024-08-15,GLD,361.971,365.542,361.792,364.867,364.867,8433286
2024-08-16,GLD,365.413,368.506,364.041,368.075,368.075,17457644
2024-08-19,GLD,367.794,368.248,367.102,367.844,367.844,10722549
2024-08-20,GLD,366.475,371.044,366.066,369.102,369.102,13440382
2024-08-21,GLD,368.196,369.747,366.531,369.241,369.241,8913973
2024-08-22,GLD,369.541,372.906,368.264,370.187,370.187,11498244
2024-08-23,GLD,370.706,371.068,366.909,367.638,367.638,11630390
2024-08-26,GLD,367.938,367.942,365.423,365.51,365.51,7213499
2024-08-27,GLD,366.348,366.84,365.549,365.631,365.631,7124670
2024-08-28,GLD,365.917,368.301,355.576,357.127,357.127,9386492
2024-08-29,GLD,356.573,365.633,355.679,363.643,363.643,13315998
2024-08-30,GLD,364.075,374.399,363.198,373.243,373.243,4505717
2024-09-02,GLD,373.369,375.093,372.726,374.054,374.054,8911452
2024-09-03,GLD,373.624,379.275,372.565,377.102,377.102,13929618
2024-09-04,GLD,377.458,382.784,376.624,382.074,382.074,6303612
2024-09-05,GLD,382.135,383.215,374.763,376.097,376.097,13761702
2024-09-06,GLD,375.642,380.396,375.56,380.358,380.358,6616621
2024-09-09,GLD,380.223,381.317,377.349,378.465,378.465,7250375
2024-09-10,GLD,379.535,389.762,379.479,389.063,389.063,9558335
2024-09-11,GLD,390.137,390.302,387.39,388.235,388.235,15620377
2024-09-12,GLD,388.381,392.912,387.614,392.539,392.539,8079978
2024-09-13,GLD,392.584,393.88,391.328,391.75,391.75,4801112
2024-09-16,GLD,390.627,402.591,390.511,402.265,402.265,5794192
2024-09-17,GLD,403.648,404.89,399.018,399.85,399.85,12795845
2024-09-18,GLD,400.679,406.589,399.788,405.532,405.532,5935779
2024-09-19,GLD,406.142,409.758,404.967,408.645,408.645,13563894
2024-09-20,GLD,406.786,411.045,405.141,410.685,410.685,10209372
2024-09-23,GLD,410.719,413.586,410.341,411.868,411.868,9903186
2024-09-24,GLD,411.763,413.163,408.525,408.637,408.637,10891913
2024-09-25,GLD,409.195,410.645,395.217,396.201,396.201,7597239
2024-09-26,GLD,395.843,401.742,394.211,401.393,401.393,10413616
2024-09-27,GLD,401.207,401.424,397.264,399.097,399.097,6420781
2024-09-30,GLD,399.591,405.232,398.692,404.789,404.789,14046673
2024-10-01,GLD,404.163,408.715,403.689,406.553,406.553,6918114
2024-10-02,GLD,406.086,412.713,405.976,412.504,412.504,11316642
2024-10-03,GLD,412.663,417.484,411.847,416.546,416.546,6895749
2024-10-04,GLD,417.661,418.33,403.35,404.458,404.458,8400386
2024-10-07,GLD,405.112,407.833,404.748,407.505,407.505,8878504
2024-10-08,GLD,408.382,408.481,405.587,405.88,405.88,18944044
2024-10-09,GLD,405.931,412.567,404.507,411.647,411.647,9956662
2024-10-10,GLD,412.878,416.776,412.257,414.631,414.631,7535411
2024-10-11,GLD,413.187,419.303,411.957,417.695,417.695,8666333
2024-10-14,GLD,419.384,419.887,415.563,416.386,416.386,5485982
2024-10-15,GLD,418.178,418.313,410.216,411.903,411.903,9511642
2024-10-16,GLD,412.28,412.59,409.629,409.822,409.822,15553260
2024-10-17,GLD,410.504,411.445,399.835,401.116,401.116,11008119
2024-10-18,GLD,401.086,403.266,398.065,398.336,398.336,12710203
2024-10-21,GLD,398.169,398.995,390.929,391.448,391.448,7270169
2024-10-22,GLD,390.97,392.095,384.675,384.801,384.801,9389973
2024-10-23,GLD,384.764,387.33,384.644,385.389,385.389,10611708
2024-10-24,GLD,385.817,390.552,385.741,387.916,387.916,7824080
2024-10-25,GLD,388.242,388.301,387.612,387.818,387.818,11200020
2024-10-28,GLD,389.359,391.0,384.35,385.553,385.553,11846285
2024-10-29,GLD,385.63,386.484,381.121,381.243,381.243,11628544
2024-10-30,GLD,380.108,381.227,377.843,379.843,379.843,9546750
2024-10-31,GLD,381.092,381.72,375.512,376.162,376.162,13272734
2024-11-01,GLD,375.243,376.636,374.002,375.926,375.926,9227148
2024-11-04,GLD,375.506,376.07,367.868,369.172,369.172,8953538
2024-11-05,GLD,369.373,372.736,366.663,372.34,372.34,14324617
2024-11-06,GLD,372.65,374.119,368.004,369.862,369.862,6679101
2024-11-07,GLD,368.793,372.366,366.979,371.583,371.583,4891093
2024-11-08,GLD,371.028,376.758,369.693,375.608,375.608,7396551
2024-11-11,GLD,374.496,377.175,374.16,377.137,377.137,11161726
2024-11-12,GLD,377.606,380.963,376.905,380.82,380.82,13850773
2024-11-13,GLD,381.721,384.278,371.223,371.539,371.539,8018444
2024-11-14,GLD,370.631,371.685,368.406,369.396,369.396,15444513
2024-11-15,GLD,370.131,375.136,369.247,374.366,374.366,10081592
2024-11-18,GLD,375.063,377.979,374.613,376.708,376.708,9653411
2024-11-19,GLD,376.212,385.385,375.871,385.207,385.207,7450186
2024-11-20,GLD,383.68,393.88,383.06,393.217,393.217,15854066
2024-11-21,GLD,392.374,396.67,390.098,394.684,394.684,9549133
2024-11-22,GLD,394.214,396.786,393.513,393.542,393.542,6004036
2024-11-25,GLD,394.756,395.707,388.957,389.092,389.092,17373006
2024-11-26,GLD,389.0,390.007,385.674,386.926,386.926,11181010
2024-11-27,GLD,386.147,388.254,383.598,385.084,385.084,12396491
2024-11-28,GLD,385.198,385.457,381.668,382.401,382.401,15044681
2024-11-29,GLD,381.411,382.958,376.893,378.259,378.259,11843388
2024-12-02,GLD,378.648,380.68,378.315,380.134,380.134,12924668
2024-12-03,GLD,379.391,388.861,378.766,388.003,388.003,10162975
2024-12-04,GLD,387.357,393.164,386.83,392.423,392.423,12201197
2024-12-05,GLD,392.717,393.311,390.42,390.957,390.957,9897527
2024-12-06,GLD,392.326,395.909,390.182,395.794,395.794,9939370
2024-12-09,GLD,397.534,399.045,397.386,397.495,397.495,10359150
2024-12-10,GLD,396.668,397.744,395.465,397.351,397.351,8809555
2024-12-11,GLD,396.877,397.282,396.117,396.911,396.911,11513134
2024-12-12,GLD,397.32,399.689,395.337,396.01,396.01,11505536
2024-12-13,GLD,396.936,399.715,396.805,399.167,399.167,12456750
2024-12-16,GLD,397.44,400.302,396.998,399.888,399.888,11918820
2024-12-17,GLD,399.958,400.981,395.482,396.458,396.458,16000129
2024-12-18,GLD,396.072,396.411,392.229,392.83,392.83,13157889
2024-12-19,GLD,391.318,396.037,390.76,394.325,394.325,9378244
2024-12-20,GLD,393.27,397.028,392.623,396.409,396.409,11359215
2024-12-23,GLD,395.959,396.617,393.82,394.973,394.973,14238094
2024-12-24,GLD,395.019,395.089,388.541,389.694,389.694,7150080
2024-12-25,GLD,390.479,396.051,389.32,395.638,395.638,16042725
2024-12-26,GLD,395.919,401.238,393.655,400.651,400.651,7676082
2024-12-27,GLD,401.411,401.483,389.463,391.259,391.259,12700826
2024-12-30,GLD,391.28,398.4,391.249,397.65,397.65,10019801
2024-12-31,GLD,397.09,397.1,394.502,396.705,396.705,9847203
